UDATE,OBJECTCLAS,UTIME,CHANGENR,OBJECTID,USERNAME
20180102,EINKBELEG,125300,0000000001,2000000000,batch_00
20180102,EINKBELEG,135300,0000000002,2000000000,batch_00
20180102,EINKBELEG,135300,0000000003,2000000000,batch_00
20180102,EINKBELEG,135300,0000000004,2000000000,batch_00
20180102,EINKBELEG,135300,0000000005,2000000000,batch_00
20180102,EINKBELEG,135300,0000000006,2000000000,batch_00
20180102,EINKBELEG,135300,0000000007,2000000000,batch_00
20180102,EINKBELEG,135300,0000000008,2000000000,user_000
20180103,EINKBELEG,084900,0000000009,2000000001,batch_00
20180103,EINKBELEG,094900,0000000010,2000000001,batch_00
20180103,EINKBELEG,094900,0000000011,2000000001,batch_00
20180103,EINKBELEG,094900,0000000012,2000000001,batch_00
20180103,EINKBELEG,094900,0000000013,2000000001,batch_00
20180103,EINKBELEG,094900,0000000014,2000000001,batch_00
20180103,EINKBELEG,094900,0000000015,2000000001,batch_00
20180103,EINKBELEG,094900,0000000016,2000000001,user_000
20190117,EINKBELEG,105800,0000000017,2000000001,user_003
20190117,EINKBELEG,105800,0000000018,2000000001,user_003
20180104,EINKBELEG,131700,0000000019,2000000002,batch_00
20180104,EINKBELEG,141700,0000000020,2000000002,batch_00
20180104,EINKBELEG,141700,0000000021,2000000002,batch_00
20180104,EINKBELEG,141700,0000000022,2000000002,batch_00
20180104,EINKBELEG,141700,0000000023,2000000002,batch_00
20180104,EINKBELEG,141700,0000000024,2000000002,batch_00
20180104,EINKBELEG,141700,0000000025,2000000002,batch_00
20180104,EINKBELEG,141700,0000000026,2000000002,user_000
20180208,EINKBELEG,101900,0000000027,2000000002,user_000
20190117,EINKBELEG,105900,0000000028,2000000002,user_003
20190117,EINKBELEG,105900,0000000029,2000000002,user_003
20180108,EINKBELEG,062100,0000000030,2000000003,batch_00
20180108,EINKBELEG,072100,0000000031,2000000003,batch_00
20180108,EINKBELEG,072100,0000000032,2000000003,batch_00
20180108,EINKBELEG,072100,0000000033,2000000003,batch_00
20180108,EINKBELEG,072100,0000000034,2000000003,batch_00
20180108,EINKBELEG,072100,0000000035,2000000003,batch_00
20180108,EINKBELEG,072100,0000000036,2000000003,batch_00
20180108,EINKBELEG,072100,0000000037,2000000003,user_000
20180108,EINKBELEG,062100,0000000038,2000000003,batch_00
20180108,EINKBELEG,072100,0000000039,2000000003,batch_00
20180108,EINKBELEG,072100,0000000040,2000000003,batch_00
20180108,EINKBELEG,072100,0000000041,2000000003,batch_00
20180108,EINKBELEG,072100,0000000042,2000000003,batch_00
20180108,EINKBELEG,072100,0000000043,2000000003,batch_00
20180108,EINKBELEG,072100,0000000044,2000000003,batch_00
20180108,EINKBELEG,072100,0000000045,2000000003,user_000
20180108,EINKBELEG,062100,0000000046,2000000003,batch_00
20180108,EINKBELEG,072100,0000000047,2000000003,batch_00
20180108,EINKBELEG,072100,0000000048,2000000003,batch_00
20180108,EINKBELEG,072100,0000000049,2000000003,batch_00
20180108,EINKBELEG,072100,0000000050,2000000003,batch_00
20180108,EINKBELEG,072100,0000000051,2000000003,batch_00
20180108,EINKBELEG,072100,0000000052,2000000003,batch_00
20180108,EINKBELEG,072100,0000000053,2000000003,user_000
20180108,EINKBELEG,062100,0000000054,2000000004,batch_00
20180108,EINKBELEG,072100,0000000055,2000000004,batch_00
20180108,EINKBELEG,072100,0000000056,2000000004,batch_00
20180108,EINKBELEG,072100,0000000057,2000000004,batch_00
20180108,EINKBELEG,072100,0000000058,2000000004,batch_00
20180108,EINKBELEG,072100,0000000059,2000000004,batch_00
20180108,EINKBELEG,072100,0000000060,2000000004,batch_00
20180108,EINKBELEG,072100,0000000061,2000000004,user_000
20180108,EINKBELEG,090800,0000000062,2000000005,batch_00
20180108,EINKBELEG,100800,0000000063,2000000005,batch_00
20180108,EINKBELEG,100800,0000000064,2000000005,batch_00
20180108,EINKBELEG,100800,0000000065,2000000005,batch_00
20180108,EINKBELEG,100900,0000000066,2000000005,batch_00
20180108,EINKBELEG,100900,0000000067,2000000005,batch_00
20180108,EINKBELEG,100900,0000000068,2000000005,user_000
20180108,EINKBELEG,100900,0000000069,2000000005,batch_00
20180108,EINKBELEG,225900,0000000070,2000000005,NONE
20180802,EINKBELEG,071500,0000000071,2000000005,user_007
20180108,EINKBELEG,090800,0000000072,2000000005,batch_00
20180108,EINKBELEG,100800,0000000073,2000000005,batch_00
20180108,EINKBELEG,100800,0000000074,2000000005,batch_00
20180108,EINKBELEG,100800,0000000075,2000000005,batch_00
20180108,EINKBELEG,100900,0000000076,2000000005,batch_00
20180108,EINKBELEG,100900,0000000077,2000000005,batch_00
20180108,EINKBELEG,100900,0000000078,2000000005,user_000
20180108,EINKBELEG,100900,0000000079,2000000005,batch_00
20180108,EINKBELEG,103300,0000000080,2000000006,batch_00
20180108,EINKBELEG,113300,0000000081,2000000006,batch_00
20180108,EINKBELEG,113300,0000000082,2000000006,batch_00
20180108,EINKBELEG,113300,0000000083,2000000006,batch_00
20180108,EINKBELEG,113300,0000000084,2000000006,batch_00
20180108,EINKBELEG,113300,0000000085,2000000006,batch_00
20180108,EINKBELEG,113300,0000000086,2000000006,batch_00
20180108,EINKBELEG,113300,0000000087,2000000006,user_000
20190117,EINKBELEG,105900,0000000088,2000000006,user_003
20190117,EINKBELEG,105900,0000000089,2000000006,user_000
20180108,EINKBELEG,121200,0000000090,2000000007,batch_00
20180108,EINKBELEG,131200,0000000091,2000000007,batch_00
20180108,EINKBELEG,131200,0000000092,2000000007,batch_00
20180108,EINKBELEG,131200,0000000093,2000000007,batch_00
20180108,EINKBELEG,131200,0000000094,2000000007,batch_00
20180108,EINKBELEG,131200,0000000095,2000000007,batch_00
20180108,EINKBELEG,131200,0000000096,2000000007,batch_00
20180108,EINKBELEG,131200,0000000097,2000000007,user_000
20180221,EINKBELEG,125500,0000000098,2000000007,user_006
20180108,EINKBELEG,143600,0000000099,2000000008,batch_00
20180108,EINKBELEG,153600,0000000100,2000000008,batch_00
20180108,EINKBELEG,153600,0000000101,2000000008,batch_00
20180108,EINKBELEG,153600,0000000102,2000000008,batch_00
20180108,EINKBELEG,153600,0000000103,2000000008,batch_00
20180108,EINKBELEG,153600,0000000104,2000000008,batch_00
20180108,EINKBELEG,153600,0000000105,2000000008,batch_00
20180108,EINKBELEG,153600,0000000106,2000000008,user_000
20180109,EINKBELEG,121400,0000000107,2000000009,batch_00
20180109,EINKBELEG,131400,0000000108,2000000009,batch_00
20180109,EINKBELEG,131400,0000000109,2000000009,batch_00
20180109,EINKBELEG,131400,0000000110,2000000009,batch_00
20180109,EINKBELEG,131400,0000000111,2000000009,batch_00
20180109,EINKBELEG,131400,0000000112,2000000009,batch_00
20180109,EINKBELEG,131400,0000000113,2000000009,user_000
20180109,EINKBELEG,131400,0000000114,2000000009,batch_00
20180109,EINKBELEG,143000,0000000115,2000000010,batch_00
20180109,EINKBELEG,153000,0000000116,2000000010,batch_00
20180109,EINKBELEG,153000,0000000117,2000000010,batch_00
20180109,EINKBELEG,153000,0000000118,2000000010,batch_00
20180109,EINKBELEG,153000,0000000119,2000000010,batch_00
20180109,EINKBELEG,153000,0000000120,2000000010,batch_00
20180109,EINKBELEG,153000,0000000121,2000000010,batch_00
20180109,EINKBELEG,153000,0000000122,2000000010,user_000
20180905,EINKBELEG,094300,0000000123,2000000010,user_009
20180905,EINKBELEG,114400,0000000124,2000000010,user_009
20180905,EINKBELEG,114400,0000000125,2000000010,user_009
20180905,EINKBELEG,114400,0000000126,2000000010,user_009
20180905,EINKBELEG,143400,0000000127,2000000010,batch_00
20180905,EINKBELEG,143400,0000000128,2000000010,batch_00
20180905,EINKBELEG,143400,0000000129,2000000010,batch_00
20180905,EINKBELEG,143400,0000000130,2000000010,user_000
20181018,EINKBELEG,120700,0000000131,2000000010,user_010
20181018,EINKBELEG,140800,0000000132,2000000010,user_010
20181018,EINKBELEG,140800,0000000133,2000000010,user_010
20181018,EINKBELEG,140800,0000000134,2000000010,user_010
20181022,EINKBELEG,040500,0000000135,2000000010,batch_00
20181022,EINKBELEG,040500,0000000136,2000000010,batch_00
20181022,EINKBELEG,040500,0000000137,2000000010,batch_00
20181022,EINKBELEG,040500,0000000138,2000000010,user_000
20190117,EINKBELEG,105900,0000000139,2000000010,user_003
20190117,EINKBELEG,105900,0000000140,2000000010,user_003
20180109,EINKBELEG,155400,0000000141,2000000011,batch_00
20180109,EINKBELEG,165400,0000000142,2000000011,batch_00
20180109,EINKBELEG,165400,0000000143,2000000011,batch_00
20180109,EINKBELEG,165400,0000000144,2000000011,batch_00
20180109,EINKBELEG,165400,0000000145,2000000011,batch_00
20180109,EINKBELEG,165400,0000000146,2000000011,batch_00
20180109,EINKBELEG,165400,0000000147,2000000011,batch_00
20180109,EINKBELEG,165400,0000000148,2000000011,user_000
20190117,EINKBELEG,105900,0000000149,2000000011,user_003
20190117,EINKBELEG,105900,0000000150,2000000011,user_003
20180110,EINKBELEG,143800,0000000151,2000000012,batch_00
20180110,EINKBELEG,153800,0000000152,2000000012,batch_00
20180110,EINKBELEG,153800,0000000153,2000000012,batch_00
20180110,EINKBELEG,153800,0000000154,2000000012,batch_00
20180110,EINKBELEG,153800,0000000155,2000000012,batch_00
20180110,EINKBELEG,153800,0000000156,2000000012,batch_00
20180110,EINKBELEG,153800,0000000157,2000000012,batch_00
20180110,EINKBELEG,153800,0000000158,2000000012,user_000
20180110,EINKBELEG,143800,0000000159,2000000013,batch_00
20180110,EINKBELEG,153800,0000000160,2000000013,batch_00
20180110,EINKBELEG,153800,0000000161,2000000013,batch_00
20180110,EINKBELEG,153800,0000000162,2000000013,batch_00
20180110,EINKBELEG,153800,0000000163,2000000013,batch_00
20180110,EINKBELEG,153800,0000000164,2000000013,batch_00
20180110,EINKBELEG,154000,0000000165,2000000013,batch_00
20180110,EINKBELEG,154000,0000000166,2000000013,user_000
20180111,EINKBELEG,144100,0000000167,2000000014,batch_00
20180111,EINKBELEG,154100,0000000168,2000000014,batch_00
20180111,EINKBELEG,154100,0000000169,2000000014,batch_00
20180111,EINKBELEG,154100,0000000170,2000000014,batch_00
20180111,EINKBELEG,154100,0000000171,2000000014,batch_00
20180111,EINKBELEG,154100,0000000172,2000000014,batch_00
20180111,EINKBELEG,154100,0000000173,2000000014,batch_00
20180111,EINKBELEG,154100,0000000174,2000000014,user_000
20190117,EINKBELEG,105900,0000000175,2000000014,user_003
20190117,EINKBELEG,105900,0000000176,2000000014,user_003
20180112,EINKBELEG,085100,0000000177,2000000015,batch_00
20180112,EINKBELEG,095100,0000000178,2000000015,batch_00
20180112,EINKBELEG,095100,0000000179,2000000015,batch_00
20180112,EINKBELEG,095100,0000000180,2000000015,batch_00
20180112,EINKBELEG,095100,0000000181,2000000015,batch_00
20180112,EINKBELEG,095100,0000000182,2000000015,batch_00
20180112,EINKBELEG,095100,0000000183,2000000015,batch_00
20180112,EINKBELEG,095100,0000000184,2000000015,user_000
20180131,EINKBELEG,225900,0000000185,2000000015,NONE
20180323,EINKBELEG,062300,0000000186,2000000015,user_011
20180409,EINKBELEG,113600,0000000187,2000000015,user_014
20180409,EINKBELEG,134400,0000000188,2000000015,user_014
20180409,EINKBELEG,134400,0000000189,2000000015,user_014
20180409,EINKBELEG,134400,0000000190,2000000015,user_014
20180409,EINKBELEG,155100,0000000191,2000000015,batch_00
20180409,EINKBELEG,155100,0000000192,2000000015,batch_00
20180409,EINKBELEG,155100,0000000193,2000000015,batch_00
20180409,EINKBELEG,155100,0000000194,2000000015,user_000
20180727,EINKBELEG,111600,0000000195,2000000015,user_015
20190117,EINKBELEG,105900,0000000196,2000000015,user_003
20190117,EINKBELEG,105900,0000000197,2000000015,user_003
20180112,EINKBELEG,085100,0000000198,2000000016,batch_00
20180112,EINKBELEG,095100,0000000199,2000000016,batch_00
20180112,EINKBELEG,095100,0000000200,2000000016,batch_00
20180112,EINKBELEG,095100,0000000201,2000000016,batch_00
20180112,EINKBELEG,095100,0000000202,2000000016,batch_00
20180112,EINKBELEG,095100,0000000203,2000000016,batch_00
20180112,EINKBELEG,095200,0000000204,2000000016,batch_00
20180112,EINKBELEG,095200,0000000205,2000000016,user_000
20180128,EINKBELEG,225900,0000000206,2000000016,NONE
20180424,EINKBELEG,082700,0000000207,2000000016,user_009
20180424,EINKBELEG,102700,0000000208,2000000016,user_009
20180424,EINKBELEG,102700,0000000209,2000000016,user_009
20180424,EINKBELEG,102700,0000000210,2000000016,user_009
20180424,EINKBELEG,143900,0000000211,2000000016,batch_00
20180424,EINKBELEG,143900,0000000212,2000000016,batch_00
20180424,EINKBELEG,143900,0000000213,2000000016,batch_00
20180424,EINKBELEG,143900,0000000214,2000000016,user_000
20180724,EINKBELEG,103300,0000000215,2000000016,user_016
20180724,EINKBELEG,123300,0000000216,2000000016,user_016
20180724,EINKBELEG,123300,0000000217,2000000016,user_016
20180724,EINKBELEG,123300,0000000218,2000000016,user_016
20180724,EINKBELEG,133800,0000000219,2000000016,batch_00
20180724,EINKBELEG,133800,0000000220,2000000016,batch_00
20180724,EINKBELEG,133800,0000000221,2000000016,batch_00
20180724,EINKBELEG,133800,0000000222,2000000016,user_000
20181105,EINKBELEG,114800,0000000223,2000000016,user_004
20181210,EINKBELEG,070300,0000000224,2000000016,user_017
20181210,EINKBELEG,080400,0000000225,2000000016,user_017
20181210,EINKBELEG,080400,0000000226,2000000016,user_017
20181210,EINKBELEG,080400,0000000227,2000000016,user_017
20181210,EINKBELEG,082900,0000000228,2000000016,batch_00
20181210,EINKBELEG,082900,0000000229,2000000016,batch_00
20181210,EINKBELEG,082900,0000000230,2000000016,batch_00
20181210,EINKBELEG,082900,0000000231,2000000016,user_000
20181224,EINKBELEG,071800,0000000232,2000000016,user_015
20180112,EINKBELEG,085200,0000000233,2000000017,batch_00
20180112,EINKBELEG,095200,0000000234,2000000017,batch_00
20180112,EINKBELEG,095200,0000000235,2000000017,batch_00
20180112,EINKBELEG,095200,0000000236,2000000017,batch_00
20180112,EINKBELEG,095200,0000000237,2000000017,batch_00
20180112,EINKBELEG,095200,0000000238,2000000017,batch_00
20180112,EINKBELEG,095200,0000000239,2000000017,user_000
20180112,EINKBELEG,095200,0000000240,2000000017,batch_00
20180404,EINKBELEG,215900,0000000241,2000000017,NONE
20180528,EINKBELEG,050000,0000000242,2000000017,user_009
20180528,EINKBELEG,070100,0000000243,2000000017,user_009
20180528,EINKBELEG,070100,0000000244,2000000017,user_009
20180528,EINKBELEG,070100,0000000245,2000000017,user_009
20180528,EINKBELEG,160500,0000000246,2000000017,batch_00
20180528,EINKBELEG,160500,0000000247,2000000017,batch_00
20180528,EINKBELEG,160500,0000000248,2000000017,batch_00
20180528,EINKBELEG,160500,0000000249,2000000017,user_000
20180727,EINKBELEG,111000,0000000250,2000000017,user_016
20180727,EINKBELEG,131100,0000000251,2000000017,user_016
20180727,EINKBELEG,131100,0000000252,2000000017,user_016
20180727,EINKBELEG,131100,0000000253,2000000017,user_016
20180730,EINKBELEG,193600,0000000254,2000000017,batch_00
20180730,EINKBELEG,193600,0000000255,2000000017,batch_00
20180730,EINKBELEG,193600,0000000256,2000000017,batch_00
20180730,EINKBELEG,193600,0000000257,2000000017,user_000
20181025,EINKBELEG,104500,0000000258,2000000017,user_020
20190117,EINKBELEG,105900,0000000259,2000000017,user_003
20190117,EINKBELEG,105900,0000000260,2000000017,user_003
20180112,EINKBELEG,085200,0000000261,2000000018,batch_00
20180112,EINKBELEG,095200,0000000262,2000000018,batch_00
20180112,EINKBELEG,095200,0000000263,2000000018,batch_00
20180112,EINKBELEG,095200,0000000264,2000000018,batch_00
20180112,EINKBELEG,095200,0000000265,2000000018,batch_00
20180112,EINKBELEG,095200,0000000266,2000000018,batch_00
20180112,EINKBELEG,095200,0000000267,2000000018,batch_00
20180112,EINKBELEG,095200,0000000268,2000000018,user_000
20180326,EINKBELEG,215900,0000000269,2000000018,NONE
20180410,EINKBELEG,141400,0000000270,2000000018,user_011
20180625,EINKBELEG,042200,0000000271,2000000018,user_016
20180625,EINKBELEG,062300,0000000272,2000000018,user_016
20180625,EINKBELEG,062300,0000000273,2000000018,user_016
20180625,EINKBELEG,062300,0000000274,2000000018,user_016
20180627,EINKBELEG,040500,0000000275,2000000018,batch_00
20180627,EINKBELEG,040500,0000000276,2000000018,batch_00
20180627,EINKBELEG,040500,0000000277,2000000018,batch_00
20180627,EINKBELEG,040500,0000000278,2000000018,user_000
20181211,EINKBELEG,070800,0000000279,2000000018,user_021
20181211,EINKBELEG,080900,0000000280,2000000018,user_021
20181211,EINKBELEG,080900,0000000281,2000000018,user_021
20181211,EINKBELEG,080900,0000000282,2000000018,user_021
20181211,EINKBELEG,085800,0000000283,2000000018,batch_00
20181211,EINKBELEG,085800,0000000284,2000000018,batch_00
20181211,EINKBELEG,085800,0000000285,2000000018,batch_00
20180112,EINKBELEG,085200,0000000286,2000000019,batch_00
20180112,EINKBELEG,095200,0000000287,2000000019,batch_00
20180112,EINKBELEG,095200,0000000288,2000000019,batch_00
20180112,EINKBELEG,095200,0000000289,2000000019,batch_00
20180112,EINKBELEG,095200,0000000290,2000000019,batch_00
20180112,EINKBELEG,095200,0000000291,2000000019,batch_00
20180112,EINKBELEG,095200,0000000292,2000000019,batch_00
20180112,EINKBELEG,095200,0000000293,2000000019,user_000
20180727,EINKBELEG,111800,0000000294,2000000019,user_009
20180727,EINKBELEG,131800,0000000295,2000000019,user_009
20180727,EINKBELEG,131800,0000000296,2000000019,user_009
20180727,EINKBELEG,131800,0000000297,2000000019,user_009
20180730,EINKBELEG,193600,0000000298,2000000019,batch_00
20180730,EINKBELEG,193600,0000000299,2000000019,batch_00
20180730,EINKBELEG,193600,0000000300,2000000019,batch_00
20180730,EINKBELEG,193600,0000000301,2000000019,user_000
20181126,EINKBELEG,012700,0000000302,2000000019,user_000
20181210,EINKBELEG,062000,0000000303,2000000019,user_021
20181210,EINKBELEG,072600,0000000304,2000000019,user_021
20181210,EINKBELEG,072600,0000000305,2000000019,user_021
20181210,EINKBELEG,072600,0000000306,2000000019,user_021
20181210,EINKBELEG,082900,0000000307,2000000019,batch_00
20181210,EINKBELEG,082900,0000000308,2000000019,batch_00
20181210,EINKBELEG,082900,0000000309,2000000019,batch_00
20190117,EINKBELEG,105900,0000000310,2000000019,user_003
20190117,EINKBELEG,105900,0000000311,2000000019,user_003
20180112,EINKBELEG,085200,0000000312,2000000020,batch_00
20180112,EINKBELEG,095200,0000000313,2000000020,batch_00
20180112,EINKBELEG,095200,0000000314,2000000020,batch_00
20180112,EINKBELEG,095200,0000000315,2000000020,batch_00
20180112,EINKBELEG,095200,0000000316,2000000020,batch_00
20180112,EINKBELEG,095200,0000000317,2000000020,batch_00
20180112,EINKBELEG,095200,0000000318,2000000020,batch_00
20180112,EINKBELEG,095200,0000000319,2000000020,user_000
20180426,EINKBELEG,055200,0000000320,2000000020,user_014
20180426,EINKBELEG,075200,0000000321,2000000020,user_014
20180426,EINKBELEG,075200,0000000322,2000000020,user_014
20180426,EINKBELEG,075200,0000000323,2000000020,user_014
20180426,EINKBELEG,083400,0000000324,2000000020,batch_00
20180426,EINKBELEG,083400,0000000325,2000000020,batch_00
20180426,EINKBELEG,083400,0000000326,2000000020,batch_00
20180426,EINKBELEG,083400,0000000327,2000000020,user_000
20180716,EINKBELEG,071700,0000000328,2000000020,user_010
20180716,EINKBELEG,091800,0000000329,2000000020,user_010
20180716,EINKBELEG,091800,0000000330,2000000020,user_010
20180716,EINKBELEG,091800,0000000331,2000000020,user_010
20180716,EINKBELEG,100300,0000000332,2000000020,batch_00
20180716,EINKBELEG,100300,0000000333,2000000020,batch_00
20180716,EINKBELEG,100300,0000000334,2000000020,batch_00
20180716,EINKBELEG,100300,0000000335,2000000020,user_000
20190117,EINKBELEG,105900,0000000336,2000000020,user_003
20190117,EINKBELEG,105900,0000000337,2000000020,user_003
20180112,EINKBELEG,085200,0000000338,2000000021,batch_00
20180112,EINKBELEG,095200,0000000339,2000000021,batch_00
20180112,EINKBELEG,095200,0000000340,2000000021,batch_00
20180112,EINKBELEG,095200,0000000341,2000000021,batch_00
20180112,EINKBELEG,095200,0000000342,2000000021,batch_00
20180112,EINKBELEG,095200,0000000343,2000000021,batch_00
20180112,EINKBELEG,095200,0000000344,2000000021,batch_00
20180112,EINKBELEG,095200,0000000345,2000000021,user_000
20180524,EINKBELEG,072800,0000000346,2000000021,user_016
20180524,EINKBELEG,092800,0000000347,2000000021,user_016
20180524,EINKBELEG,092800,0000000348,2000000021,user_016
20180524,EINKBELEG,092800,0000000349,2000000021,user_016
20180524,EINKBELEG,122100,0000000350,2000000021,batch_00
20180524,EINKBELEG,122100,0000000351,2000000021,batch_00
20180524,EINKBELEG,122100,0000000352,2000000021,batch_00
20180524,EINKBELEG,122100,0000000353,2000000021,user_000
20180112,EINKBELEG,085200,0000000354,2000000022,batch_00
20180112,EINKBELEG,095200,0000000355,2000000022,batch_00
20180112,EINKBELEG,095200,0000000356,2000000022,batch_00
20180112,EINKBELEG,095200,0000000357,2000000022,batch_00
20180112,EINKBELEG,095200,0000000358,2000000022,batch_00
20180112,EINKBELEG,095200,0000000359,2000000022,batch_00
20180112,EINKBELEG,095200,0000000360,2000000022,user_000
20180112,EINKBELEG,095200,0000000361,2000000022,batch_00
20180426,EINKBELEG,051900,0000000362,2000000022,user_009
20180426,EINKBELEG,072300,0000000363,2000000022,user_009
20180426,EINKBELEG,072300,0000000364,2000000022,user_009
20180426,EINKBELEG,072300,0000000365,2000000022,user_009
20180426,EINKBELEG,110500,0000000366,2000000022,batch_00
20180426,EINKBELEG,110500,0000000367,2000000022,batch_00
20180426,EINKBELEG,110500,0000000368,2000000022,batch_00
20180426,EINKBELEG,110500,0000000369,2000000022,user_000
20180727,EINKBELEG,113000,0000000370,2000000022,user_009
20180727,EINKBELEG,133100,0000000371,2000000022,user_009
20180727,EINKBELEG,133100,0000000372,2000000022,user_009
20180727,EINKBELEG,133100,0000000373,2000000022,user_009
20180730,EINKBELEG,205800,0000000374,2000000022,batch_00
20180730,EINKBELEG,205800,0000000375,2000000022,batch_00
20180730,EINKBELEG,205800,0000000376,2000000022,batch_00
20180730,EINKBELEG,205800,0000000377,2000000022,user_000
20181018,EINKBELEG,120400,0000000378,2000000022,user_010
20181018,EINKBELEG,140500,0000000379,2000000022,user_010
20181018,EINKBELEG,140500,0000000380,2000000022,user_010
20181018,EINKBELEG,140500,0000000381,2000000022,user_010
20181022,EINKBELEG,040200,0000000382,2000000022,batch_00
20181022,EINKBELEG,040200,0000000383,2000000022,batch_00
20181022,EINKBELEG,040200,0000000384,2000000022,batch_00
20181022,EINKBELEG,040200,0000000385,2000000022,user_000
20190117,EINKBELEG,105900,0000000386,2000000022,user_003
20190117,EINKBELEG,105900,0000000387,2000000022,user_003
20180112,EINKBELEG,115800,0000000388,2000000023,batch_00
20180112,EINKBELEG,125800,0000000389,2000000023,batch_00
20180112,EINKBELEG,125800,0000000390,2000000023,batch_00
20180112,EINKBELEG,125800,0000000391,2000000023,batch_00
20180112,EINKBELEG,125800,0000000392,2000000023,batch_00
20180112,EINKBELEG,125800,0000000393,2000000023,batch_00
20180112,EINKBELEG,125800,0000000394,2000000023,batch_00
20180112,EINKBELEG,125800,0000000395,2000000023,user_000
20190117,EINKBELEG,105900,0000000396,2000000023,user_003
20180115,EINKBELEG,074700,0000000397,2000000024,batch_00
20180115,EINKBELEG,084700,0000000398,2000000024,batch_00
20180115,EINKBELEG,084700,0000000399,2000000024,batch_00
20180115,EINKBELEG,084700,0000000400,2000000024,batch_00
20180115,EINKBELEG,084700,0000000401,2000000024,batch_00
20180115,EINKBELEG,084700,0000000402,2000000024,batch_00
20180115,EINKBELEG,084700,0000000403,2000000024,batch_00
20180115,EINKBELEG,084700,0000000404,2000000024,user_000
20180115,EINKBELEG,074600,0000000405,2000000025,batch_00
20180115,EINKBELEG,084600,0000000406,2000000025,batch_00
20180115,EINKBELEG,084600,0000000407,2000000025,batch_00
20180115,EINKBELEG,084600,0000000408,2000000025,batch_00
20180115,EINKBELEG,084600,0000000409,2000000025,batch_00
20180115,EINKBELEG,084600,0000000410,2000000025,batch_00
20180115,EINKBELEG,084600,0000000411,2000000025,batch_00
20180115,EINKBELEG,084600,0000000412,2000000025,user_000
20180115,EINKBELEG,091300,0000000413,2000000026,batch_00
20180115,EINKBELEG,101300,0000000414,2000000026,batch_00
20180115,EINKBELEG,101300,0000000415,2000000026,batch_00
20180115,EINKBELEG,101300,0000000416,2000000026,batch_00
20180115,EINKBELEG,101300,0000000417,2000000026,batch_00
20180115,EINKBELEG,101300,0000000418,2000000026,batch_00
20180115,EINKBELEG,101300,0000000419,2000000026,batch_00
20180115,EINKBELEG,101400,0000000420,2000000026,user_000
20180115,EINKBELEG,091300,0000000421,2000000026,batch_00
20180115,EINKBELEG,101300,0000000422,2000000026,batch_00
20180115,EINKBELEG,101300,0000000423,2000000026,batch_00
20180115,EINKBELEG,101300,0000000424,2000000026,batch_00
20180115,EINKBELEG,101300,0000000425,2000000026,batch_00
20180115,EINKBELEG,101300,0000000426,2000000026,batch_00
20180115,EINKBELEG,101300,0000000427,2000000026,batch_00
20180115,EINKBELEG,101400,0000000428,2000000026,user_000
20180115,EINKBELEG,115200,0000000429,2000000027,batch_00
20180115,EINKBELEG,125200,0000000430,2000000027,batch_00
20180115,EINKBELEG,125200,0000000431,2000000027,batch_00
20180115,EINKBELEG,125200,0000000432,2000000027,batch_00
20180115,EINKBELEG,125200,0000000433,2000000027,batch_00
20180115,EINKBELEG,125200,0000000434,2000000027,batch_00
20180115,EINKBELEG,125200,0000000435,2000000027,batch_00
20180115,EINKBELEG,125200,0000000436,2000000027,user_000
20180115,EINKBELEG,115200,0000000437,2000000028,batch_00
20180115,EINKBELEG,125200,0000000438,2000000028,batch_00
20180115,EINKBELEG,125200,0000000439,2000000028,batch_00
20180115,EINKBELEG,125200,0000000440,2000000028,batch_00
20180115,EINKBELEG,125200,0000000441,2000000028,batch_00
20180115,EINKBELEG,125200,0000000442,2000000028,batch_00
20180115,EINKBELEG,125200,0000000443,2000000028,batch_00
20180115,EINKBELEG,125200,0000000444,2000000028,user_000
20180417,EINKBELEG,215900,0000000445,2000000028,NONE
20180430,EINKBELEG,215900,0000000446,2000000028,NONE
20181025,EINKBELEG,094000,0000000447,2000000028,user_012
20181030,EINKBELEG,105700,0000000448,2000000028,user_013
20180115,EINKBELEG,115400,0000000449,2000000029,batch_00
20180115,EINKBELEG,125400,0000000450,2000000029,batch_00
20180115,EINKBELEG,125400,0000000451,2000000029,batch_00
20180115,EINKBELEG,125400,0000000452,2000000029,batch_00
20180115,EINKBELEG,125400,0000000453,2000000029,batch_00
20180115,EINKBELEG,125400,0000000454,2000000029,batch_00
20180115,EINKBELEG,125400,0000000455,2000000029,batch_00
20180115,EINKBELEG,125400,0000000456,2000000029,user_000
20180115,EINKBELEG,115400,0000000457,2000000029,batch_00
20180115,EINKBELEG,125400,0000000458,2000000029,batch_00
20180115,EINKBELEG,125400,0000000459,2000000029,batch_00
20180115,EINKBELEG,125400,0000000460,2000000029,batch_00
20180115,EINKBELEG,125400,0000000461,2000000029,batch_00
20180115,EINKBELEG,125400,0000000462,2000000029,batch_00
20180115,EINKBELEG,125400,0000000463,2000000029,batch_00
20180115,EINKBELEG,125400,0000000464,2000000029,user_000
20180115,EINKBELEG,115400,0000000465,2000000029,batch_00
20180115,EINKBELEG,125400,0000000466,2000000029,batch_00
20180115,EINKBELEG,125400,0000000467,2000000029,batch_00
20180115,EINKBELEG,125400,0000000468,2000000029,batch_00
20180115,EINKBELEG,125400,0000000469,2000000029,batch_00
20180115,EINKBELEG,125400,0000000470,2000000029,batch_00
20180115,EINKBELEG,125400,0000000471,2000000029,batch_00
20180115,EINKBELEG,125400,0000000472,2000000029,user_000
20180115,EINKBELEG,135100,0000000473,2000000030,batch_00
20180115,EINKBELEG,145100,0000000474,2000000030,batch_00
20180115,EINKBELEG,145100,0000000475,2000000030,batch_00
20180115,EINKBELEG,145100,0000000476,2000000030,batch_00
20180115,EINKBELEG,145100,0000000477,2000000030,batch_00
20180115,EINKBELEG,145100,0000000478,2000000030,batch_00
20180115,EINKBELEG,145100,0000000479,2000000030,user_000
20180115,EINKBELEG,145100,0000000480,2000000030,batch_00
20180308,EINKBELEG,143800,0000000481,2000000030,batch_00
20180308,EINKBELEG,143800,0000000482,2000000030,user_000
20180115,EINKBELEG,135100,0000000483,2000000031,batch_00
20180115,EINKBELEG,145100,0000000484,2000000031,batch_00
20180115,EINKBELEG,145100,0000000485,2000000031,batch_00
20180115,EINKBELEG,145100,0000000486,2000000031,batch_00
20180115,EINKBELEG,145100,0000000487,2000000031,batch_00
20180115,EINKBELEG,145100,0000000488,2000000031,batch_00
20180115,EINKBELEG,145100,0000000489,2000000031,batch_00
20180115,EINKBELEG,145100,0000000490,2000000031,user_000
20180115,EINKBELEG,145300,0000000491,2000000032,batch_00
20180115,EINKBELEG,155300,0000000492,2000000032,batch_00
20180115,EINKBELEG,155300,0000000493,2000000032,batch_00
20180115,EINKBELEG,155300,0000000494,2000000032,batch_00
20180115,EINKBELEG,155300,0000000495,2000000032,batch_00
20180115,EINKBELEG,155300,0000000496,2000000032,batch_00
20180115,EINKBELEG,155300,0000000497,2000000032,batch_00
20180115,EINKBELEG,155300,0000000498,2000000032,user_000
20180115,EINKBELEG,191800,0000000499,2000000033,batch_00
20180115,EINKBELEG,201800,0000000500,2000000033,batch_00
20180115,EINKBELEG,201800,0000000501,2000000033,batch_00
20180115,EINKBELEG,201800,0000000502,2000000033,batch_00
20180115,EINKBELEG,201800,0000000503,2000000033,batch_00
20180115,EINKBELEG,201800,0000000504,2000000033,batch_00
20180115,EINKBELEG,201800,0000000505,2000000033,batch_00
20180115,EINKBELEG,201800,0000000506,2000000033,user_000
20180116,EINKBELEG,092300,0000000507,2000000034,batch_00
20180116,EINKBELEG,102300,0000000508,2000000034,batch_00
20180116,EINKBELEG,102300,0000000509,2000000034,batch_00
20180116,EINKBELEG,102300,0000000510,2000000034,batch_00
20180116,EINKBELEG,102300,0000000511,2000000034,batch_00
20180116,EINKBELEG,102300,0000000512,2000000034,batch_00
20180116,EINKBELEG,102300,0000000513,2000000034,batch_00
20180116,EINKBELEG,102300,0000000514,2000000034,user_000
20180702,EINKBELEG,103300,0000000515,2000000034,user_022
20180702,EINKBELEG,123600,0000000516,2000000034,user_022
20180702,EINKBELEG,123600,0000000517,2000000034,user_022
20180702,EINKBELEG,123600,0000000518,2000000034,user_022
20180702,EINKBELEG,135600,0000000519,2000000034,batch_00
20180702,EINKBELEG,135600,0000000520,2000000034,batch_00
20180702,EINKBELEG,135600,0000000521,2000000034,batch_00
20180702,EINKBELEG,135600,0000000522,2000000034,user_000
20180116,EINKBELEG,121000,0000000523,2000000035,batch_00
20180116,EINKBELEG,131000,0000000524,2000000035,batch_00
20180116,EINKBELEG,131000,0000000525,2000000035,batch_00
20180116,EINKBELEG,131000,0000000526,2000000035,batch_00
20180116,EINKBELEG,131000,0000000527,2000000035,batch_00
20180116,EINKBELEG,131000,0000000528,2000000035,batch_00
20180116,EINKBELEG,131000,0000000529,2000000035,user_000
20180116,EINKBELEG,131000,0000000530,2000000035,batch_00
20190117,EINKBELEG,105900,0000000531,2000000035,user_003
20190117,EINKBELEG,105900,0000000532,2000000035,user_003
20180116,EINKBELEG,123300,0000000533,2000000036,batch_00
20180116,EINKBELEG,133300,0000000534,2000000036,batch_00
20180116,EINKBELEG,133300,0000000535,2000000036,batch_00
20180116,EINKBELEG,133300,0000000536,2000000036,batch_00
20180116,EINKBELEG,133300,0000000537,2000000036,batch_00
20180116,EINKBELEG,133300,0000000538,2000000036,batch_00
20180116,EINKBELEG,133300,0000000539,2000000036,batch_00
20180116,EINKBELEG,133300,0000000540,2000000036,user_000
20190117,EINKBELEG,105900,0000000541,2000000036,user_003
20190117,EINKBELEG,105900,0000000542,2000000036,user_003
20180116,EINKBELEG,133900,0000000543,2000000037,batch_00
20180116,EINKBELEG,143900,0000000544,2000000037,batch_00
20180116,EINKBELEG,143900,0000000545,2000000037,batch_00
20180116,EINKBELEG,143900,0000000546,2000000037,batch_00
20180116,EINKBELEG,143900,0000000547,2000000037,batch_00
20180116,EINKBELEG,143900,0000000548,2000000037,batch_00
20180116,EINKBELEG,143900,0000000549,2000000037,batch_00
20180116,EINKBELEG,143900,0000000550,2000000037,user_000
20180116,EINKBELEG,133900,0000000551,2000000037,batch_00
20180116,EINKBELEG,143900,0000000552,2000000037,batch_00
20180116,EINKBELEG,143900,0000000553,2000000037,batch_00
20180116,EINKBELEG,143900,0000000554,2000000037,batch_00
20180116,EINKBELEG,143900,0000000555,2000000037,batch_00
20180116,EINKBELEG,143900,0000000556,2000000037,batch_00
20180116,EINKBELEG,143900,0000000557,2000000037,batch_00
20180116,EINKBELEG,143900,0000000558,2000000037,user_000
20180116,EINKBELEG,133900,0000000559,2000000037,batch_00
20180116,EINKBELEG,143900,0000000560,2000000037,batch_00
20180116,EINKBELEG,143900,0000000561,2000000037,batch_00
20180116,EINKBELEG,143900,0000000562,2000000037,batch_00
20180116,EINKBELEG,143900,0000000563,2000000037,batch_00
20180116,EINKBELEG,143900,0000000564,2000000037,batch_00
20180116,EINKBELEG,143900,0000000565,2000000037,batch_00
20180116,EINKBELEG,143900,0000000566,2000000037,user_000
20180116,EINKBELEG,133900,0000000567,2000000038,batch_00
20180116,EINKBELEG,143900,0000000568,2000000038,batch_00
20180116,EINKBELEG,143900,0000000569,2000000038,batch_00
20180116,EINKBELEG,143900,0000000570,2000000038,batch_00
20180116,EINKBELEG,143900,0000000571,2000000038,batch_00
20180116,EINKBELEG,143900,0000000572,2000000038,batch_00
20180116,EINKBELEG,143900,0000000573,2000000038,batch_00
20180116,EINKBELEG,143900,0000000574,2000000038,user_000
20180116,EINKBELEG,154000,0000000575,2000000039,batch_00
20180116,EINKBELEG,164000,0000000576,2000000039,batch_00
20180116,EINKBELEG,164000,0000000577,2000000039,batch_00
20180116,EINKBELEG,164000,0000000578,2000000039,batch_00
20180116,EINKBELEG,164000,0000000579,2000000039,batch_00
20180116,EINKBELEG,164000,0000000580,2000000039,batch_00
20180116,EINKBELEG,164000,0000000581,2000000039,batch_00
20180116,EINKBELEG,164000,0000000582,2000000039,user_000
20180116,EINKBELEG,154000,0000000583,2000000039,batch_00
20180116,EINKBELEG,164000,0000000584,2000000039,batch_00
20180116,EINKBELEG,164000,0000000585,2000000039,batch_00
20180116,EINKBELEG,164000,0000000586,2000000039,batch_00
20180116,EINKBELEG,164000,0000000587,2000000039,batch_00
20180116,EINKBELEG,164000,0000000588,2000000039,batch_00
20180116,EINKBELEG,164000,0000000589,2000000039,batch_00
20180116,EINKBELEG,164000,0000000590,2000000039,user_000
20180116,EINKBELEG,154100,0000000591,2000000040,batch_00
20180116,EINKBELEG,164100,0000000592,2000000040,batch_00
20180116,EINKBELEG,164100,0000000593,2000000040,batch_00
20180116,EINKBELEG,164100,0000000594,2000000040,batch_00
20180116,EINKBELEG,164100,0000000595,2000000040,batch_00
20180116,EINKBELEG,164100,0000000596,2000000040,batch_00
20180116,EINKBELEG,164100,0000000597,2000000040,batch_00
20180116,EINKBELEG,164100,0000000598,2000000040,user_000
20181221,EINKBELEG,054700,0000000599,2000000040,user_021
20181221,EINKBELEG,065000,0000000600,2000000040,user_021
20181221,EINKBELEG,065000,0000000601,2000000040,user_021
20181221,EINKBELEG,065000,0000000602,2000000040,user_021
20181221,EINKBELEG,081300,0000000603,2000000040,batch_00
20181221,EINKBELEG,081300,0000000604,2000000040,batch_00
20181221,EINKBELEG,081300,0000000605,2000000040,batch_00
20180116,EINKBELEG,154100,0000000606,2000000041,batch_00
20180116,EINKBELEG,164100,0000000607,2000000041,batch_00
20180116,EINKBELEG,164100,0000000608,2000000041,batch_00
20180116,EINKBELEG,164100,0000000609,2000000041,batch_00
20180116,EINKBELEG,164100,0000000610,2000000041,batch_00
20180116,EINKBELEG,164100,0000000611,2000000041,batch_00
20180116,EINKBELEG,164100,0000000612,2000000041,user_000
20180116,EINKBELEG,164100,0000000613,2000000041,batch_00
20180116,EINKBELEG,154100,0000000614,2000000042,batch_00
20180116,EINKBELEG,164100,0000000615,2000000042,batch_00
20180116,EINKBELEG,164100,0000000616,2000000042,batch_00
20180116,EINKBELEG,164100,0000000617,2000000042,batch_00
20180116,EINKBELEG,164100,0000000618,2000000042,batch_00
20180116,EINKBELEG,164100,0000000619,2000000042,batch_00
20180116,EINKBELEG,164100,0000000620,2000000042,batch_00
20180116,EINKBELEG,164100,0000000621,2000000042,user_000
20180117,EINKBELEG,061200,0000000622,2000000043,batch_00
20180117,EINKBELEG,071200,0000000623,2000000043,batch_00
20180117,EINKBELEG,071200,0000000624,2000000043,batch_00
20180117,EINKBELEG,071200,0000000625,2000000043,batch_00
20180117,EINKBELEG,071200,0000000626,2000000043,batch_00
20180117,EINKBELEG,071200,0000000627,2000000043,batch_00
20180117,EINKBELEG,071200,0000000628,2000000043,batch_00
20180117,EINKBELEG,071200,0000000629,2000000043,user_000
20180117,EINKBELEG,061300,0000000630,2000000044,batch_00
20180117,EINKBELEG,071300,0000000631,2000000044,batch_00
20180117,EINKBELEG,071300,0000000632,2000000044,batch_00
20180117,EINKBELEG,071300,0000000633,2000000044,batch_00
20180117,EINKBELEG,071300,0000000634,2000000044,batch_00
20180117,EINKBELEG,071300,0000000635,2000000044,batch_00
20180117,EINKBELEG,071300,0000000636,2000000044,batch_00
20180117,EINKBELEG,071300,0000000637,2000000044,user_000
20180117,EINKBELEG,083500,0000000638,2000000045,batch_00
20180117,EINKBELEG,093500,0000000639,2000000045,batch_00
20180117,EINKBELEG,093500,0000000640,2000000045,batch_00
20180117,EINKBELEG,093500,0000000641,2000000045,batch_00
20180117,EINKBELEG,093500,0000000642,2000000045,batch_00
20180117,EINKBELEG,093500,0000000643,2000000045,batch_00
20180117,EINKBELEG,093500,0000000644,2000000045,batch_00
20180117,EINKBELEG,093500,0000000645,2000000045,user_000
20180117,EINKBELEG,083500,0000000646,2000000045,batch_00
20180117,EINKBELEG,093500,0000000647,2000000045,batch_00
20180117,EINKBELEG,093500,0000000648,2000000045,batch_00
20180117,EINKBELEG,093500,0000000649,2000000045,batch_00
20180117,EINKBELEG,093500,0000000650,2000000045,batch_00
20180117,EINKBELEG,093500,0000000651,2000000045,batch_00
20180117,EINKBELEG,093500,0000000652,2000000045,batch_00
20180117,EINKBELEG,093500,0000000653,2000000045,user_000
20180117,EINKBELEG,095400,0000000654,2000000046,batch_00
20180117,EINKBELEG,105400,0000000655,2000000046,batch_00
20180117,EINKBELEG,105400,0000000656,2000000046,batch_00
20180117,EINKBELEG,105400,0000000657,2000000046,batch_00
20180117,EINKBELEG,105400,0000000658,2000000046,batch_00
20180117,EINKBELEG,105400,0000000659,2000000046,batch_00
20180117,EINKBELEG,105400,0000000660,2000000046,user_000
20180117,EINKBELEG,105400,0000000661,2000000046,batch_00
20180117,EINKBELEG,135500,0000000662,2000000047,batch_00
20180117,EINKBELEG,145500,0000000663,2000000047,batch_00
20180117,EINKBELEG,145500,0000000664,2000000047,batch_00
20180117,EINKBELEG,145500,0000000665,2000000047,batch_00
20180117,EINKBELEG,145500,0000000666,2000000047,batch_00
20180117,EINKBELEG,145500,0000000667,2000000047,batch_00
20180117,EINKBELEG,145500,0000000668,2000000047,batch_00
20180117,EINKBELEG,145500,0000000669,2000000047,user_000
20180213,EINKBELEG,225900,0000000670,2000000047,NONE
20180219,EINKBELEG,151300,0000000671,2000000047,user_006
20180227,EINKBELEG,133400,0000000672,2000000047,user_011
20180317,EINKBELEG,065900,0000000673,2000000047,user_006
20180423,EINKBELEG,111900,0000000674,2000000047,user_023
20180502,EINKBELEG,215900,0000000675,2000000047,NONE
20180503,EINKBELEG,215900,0000000676,2000000047,NONE
20180528,EINKBELEG,145300,0000000677,2000000047,user_004
20180528,EINKBELEG,145900,0000000678,2000000047,user_004
20180528,EINKBELEG,150500,0000000679,2000000047,user_004
20180528,EINKBELEG,151200,0000000680,2000000047,user_004
20180702,EINKBELEG,090800,0000000681,2000000047,user_023
20180730,EINKBELEG,071800,0000000682,2000000047,user_023
20180817,EINKBELEG,153500,0000000683,2000000047,user_001
20180817,EINKBELEG,154200,0000000684,2000000047,user_015
20180820,EINKBELEG,075800,0000000685,2000000047,user_023
20180924,EINKBELEG,080900,0000000686,2000000047,user_015
20181008,EINKBELEG,130900,0000000687,2000000047,user_015
20181108,EINKBELEG,130900,0000000688,2000000047,user_014
20181108,EINKBELEG,140900,0000000689,2000000047,user_014
20181108,EINKBELEG,140900,0000000690,2000000047,user_014
20181108,EINKBELEG,140900,0000000691,2000000047,user_014
20181112,EINKBELEG,194300,0000000692,2000000047,batch_00
20181112,EINKBELEG,194300,0000000693,2000000047,batch_00
20181112,EINKBELEG,194300,0000000694,2000000047,batch_00
20181119,EINKBELEG,050300,0000000695,2000000047,user_015
20181224,EINKBELEG,071800,0000000696,2000000047,user_015
20180117,EINKBELEG,143600,0000000697,2000000048,batch_00
20180117,EINKBELEG,153600,0000000698,2000000048,batch_00
20180117,EINKBELEG,153600,0000000699,2000000048,batch_00
20180117,EINKBELEG,153600,0000000700,2000000048,batch_00
20180117,EINKBELEG,153600,0000000701,2000000048,batch_00
20180117,EINKBELEG,153600,0000000702,2000000048,batch_00
20180117,EINKBELEG,153600,0000000703,2000000048,batch_00
20180117,EINKBELEG,153600,0000000704,2000000048,user_000
20180118,EINKBELEG,122900,0000000705,2000000049,batch_00
20180118,EINKBELEG,132900,0000000706,2000000049,batch_00
20180118,EINKBELEG,132900,0000000707,2000000049,batch_00
20180118,EINKBELEG,132900,0000000708,2000000049,batch_00
20180118,EINKBELEG,132900,0000000709,2000000049,batch_00
20180118,EINKBELEG,132900,0000000710,2000000049,batch_00
20180118,EINKBELEG,132900,0000000711,2000000049,batch_00
20180118,EINKBELEG,132900,0000000712,2000000049,user_000
20180118,EINKBELEG,131100,0000000713,2000000050,batch_00
20180118,EINKBELEG,141100,0000000714,2000000050,batch_00
20180118,EINKBELEG,141100,0000000715,2000000050,batch_00
20180118,EINKBELEG,141100,0000000716,2000000050,batch_00
20180118,EINKBELEG,141100,0000000717,2000000050,batch_00
20180118,EINKBELEG,141100,0000000718,2000000050,batch_00
20180118,EINKBELEG,141100,0000000719,2000000050,batch_00
20180118,EINKBELEG,141100,0000000720,2000000050,user_000
20180118,EINKBELEG,132300,0000000721,2000000051,batch_00
20180118,EINKBELEG,142400,0000000722,2000000051,batch_00
20180118,EINKBELEG,142400,0000000723,2000000051,batch_00
20180118,EINKBELEG,142400,0000000724,2000000051,batch_00
20180118,EINKBELEG,142400,0000000725,2000000051,batch_00
20180118,EINKBELEG,142400,0000000726,2000000051,batch_00
20180118,EINKBELEG,142400,0000000727,2000000051,batch_00
20180118,EINKBELEG,142400,0000000728,2000000051,user_000
20180118,EINKBELEG,154200,0000000729,2000000052,batch_00
20180118,EINKBELEG,164200,0000000730,2000000052,batch_00
20180118,EINKBELEG,164200,0000000731,2000000052,batch_00
20180118,EINKBELEG,164200,0000000732,2000000052,batch_00
20180118,EINKBELEG,164200,0000000733,2000000052,batch_00
20180118,EINKBELEG,164200,0000000734,2000000052,batch_00
20180118,EINKBELEG,164200,0000000735,2000000052,user_000
20180118,EINKBELEG,164200,0000000736,2000000052,batch_00
20180119,EINKBELEG,082100,0000000737,2000000053,batch_00
20180119,EINKBELEG,092100,0000000738,2000000053,batch_00
20180119,EINKBELEG,092100,0000000739,2000000053,batch_00
20180119,EINKBELEG,092100,0000000740,2000000053,batch_00
20180119,EINKBELEG,092100,0000000741,2000000053,batch_00
20180119,EINKBELEG,092100,0000000742,2000000053,batch_00
20180119,EINKBELEG,092100,0000000743,2000000053,batch_00
20180119,EINKBELEG,092100,0000000744,2000000053,user_000
20180129,EINKBELEG,071700,0000000745,2000000053,user_022
20180129,EINKBELEG,081800,0000000746,2000000053,user_022
20180129,EINKBELEG,081800,0000000747,2000000053,user_022
20180129,EINKBELEG,081800,0000000748,2000000053,user_022
20180129,EINKBELEG,081800,0000000749,2000000053,batch_00
20180129,EINKBELEG,081800,0000000750,2000000053,user_022
20180129,EINKBELEG,081800,0000000751,2000000053,batch_00
20180129,EINKBELEG,081800,0000000752,2000000053,batch_00
20180129,EINKBELEG,081800,0000000753,2000000053,user_000
20180129,EINKBELEG,081800,0000000754,2000000053,user_022
20180119,EINKBELEG,082100,0000000755,2000000054,batch_00
20180119,EINKBELEG,092100,0000000756,2000000054,batch_00
20180119,EINKBELEG,092100,0000000757,2000000054,batch_00
20180119,EINKBELEG,092100,0000000758,2000000054,batch_00
20180119,EINKBELEG,092100,0000000759,2000000054,batch_00
20180119,EINKBELEG,092100,0000000760,2000000054,batch_00
20180119,EINKBELEG,092100,0000000761,2000000054,batch_00
20180119,EINKBELEG,092100,0000000762,2000000054,user_000
20180124,EINKBELEG,154400,0000000763,2000000054,user_006
20180119,EINKBELEG,082100,0000000764,2000000054,batch_00
20180119,EINKBELEG,092100,0000000765,2000000054,batch_00
20180119,EINKBELEG,092100,0000000766,2000000054,batch_00
20180119,EINKBELEG,092100,0000000767,2000000054,batch_00
20180119,EINKBELEG,092100,0000000768,2000000054,batch_00
20180119,EINKBELEG,092100,0000000769,2000000054,batch_00
20180119,EINKBELEG,092100,0000000770,2000000054,batch_00
20180119,EINKBELEG,092100,0000000771,2000000054,user_000
20180119,EINKBELEG,082100,0000000772,2000000054,batch_00
20180119,EINKBELEG,092100,0000000773,2000000054,batch_00
20180119,EINKBELEG,092100,0000000774,2000000054,batch_00
20180119,EINKBELEG,092100,0000000775,2000000054,batch_00
20180119,EINKBELEG,092100,0000000776,2000000054,batch_00
20180119,EINKBELEG,092100,0000000777,2000000054,batch_00
20180119,EINKBELEG,092100,0000000778,2000000054,batch_00
20180119,EINKBELEG,092100,0000000779,2000000054,user_000
20180124,EINKBELEG,154400,0000000780,2000000054,user_006
20180119,EINKBELEG,082100,0000000781,2000000054,batch_00
20180119,EINKBELEG,092100,0000000782,2000000054,batch_00
20180119,EINKBELEG,092100,0000000783,2000000054,batch_00
20180119,EINKBELEG,092100,0000000784,2000000054,batch_00
20180119,EINKBELEG,092100,0000000785,2000000054,batch_00
20180119,EINKBELEG,092100,0000000786,2000000054,batch_00
20180119,EINKBELEG,092100,0000000787,2000000054,batch_00
20180119,EINKBELEG,092100,0000000788,2000000054,user_000
20180124,EINKBELEG,154400,0000000789,2000000054,user_006
20180119,EINKBELEG,104800,0000000790,2000000055,batch_00
20180119,EINKBELEG,114800,0000000791,2000000055,batch_00
20180119,EINKBELEG,114800,0000000792,2000000055,batch_00
20180119,EINKBELEG,114800,0000000793,2000000055,batch_00
20180119,EINKBELEG,114800,0000000794,2000000055,batch_00
20180119,EINKBELEG,114800,0000000795,2000000055,batch_00
20180119,EINKBELEG,114800,0000000796,2000000055,user_000
20180119,EINKBELEG,114800,0000000797,2000000055,batch_00
20180706,EINKBELEG,121000,0000000798,2000000055,user_025
20180119,EINKBELEG,104800,0000000799,2000000056,batch_00
20180119,EINKBELEG,114800,0000000800,2000000056,batch_00
20180119,EINKBELEG,114800,0000000801,2000000056,batch_00
20180119,EINKBELEG,114800,0000000802,2000000056,batch_00
20180119,EINKBELEG,114800,0000000803,2000000056,batch_00
20180119,EINKBELEG,114800,0000000804,2000000056,batch_00
20180119,EINKBELEG,114800,0000000805,2000000056,batch_00
20180119,EINKBELEG,114800,0000000806,2000000056,user_000
20180706,EINKBELEG,121000,0000000807,2000000056,user_025
20180119,EINKBELEG,181500,0000000808,2000000057,batch_00
20180119,EINKBELEG,191500,0000000809,2000000057,batch_00
20180119,EINKBELEG,191500,0000000810,2000000057,batch_00
20180119,EINKBELEG,191500,0000000811,2000000057,batch_00
20180119,EINKBELEG,191500,0000000812,2000000057,batch_00
20180119,EINKBELEG,191500,0000000813,2000000057,batch_00
20180119,EINKBELEG,191500,0000000814,2000000057,batch_00
20180119,EINKBELEG,191500,0000000815,2000000057,user_000
20180706,EINKBELEG,121000,0000000816,2000000057,user_025
20180829,EINKBELEG,110000,0000000817,2000000057,user_010
20180829,EINKBELEG,130000,0000000818,2000000057,user_010
20180829,EINKBELEG,130000,0000000819,2000000057,user_010
20180829,EINKBELEG,130000,0000000820,2000000057,user_010
20180920,EINKBELEG,092100,0000000821,2000000057,batch_00
20180920,EINKBELEG,092100,0000000822,2000000057,batch_00
20180920,EINKBELEG,092100,0000000823,2000000057,batch_00
20180920,EINKBELEG,092100,0000000824,2000000057,user_000
20180119,EINKBELEG,181600,0000000825,2000000058,batch_00
20180119,EINKBELEG,191600,0000000826,2000000058,batch_00
20180119,EINKBELEG,191600,0000000827,2000000058,batch_00
20180119,EINKBELEG,191600,0000000828,2000000058,batch_00
20180119,EINKBELEG,191600,0000000829,2000000058,batch_00
20180119,EINKBELEG,191600,0000000830,2000000058,batch_00
20180119,EINKBELEG,191600,0000000831,2000000058,user_000
20180119,EINKBELEG,191600,0000000832,2000000058,batch_00
20180706,EINKBELEG,121000,0000000833,2000000058,user_025
20180711,EINKBELEG,072500,0000000834,2000000058,user_016
20180711,EINKBELEG,092500,0000000835,2000000058,user_016
20180711,EINKBELEG,092500,0000000836,2000000058,user_016
20180711,EINKBELEG,092500,0000000837,2000000058,user_016
20180712,EINKBELEG,064100,0000000838,2000000058,batch_00
20180712,EINKBELEG,064100,0000000839,2000000058,batch_00
20180712,EINKBELEG,064100,0000000840,2000000058,batch_00
20180712,EINKBELEG,064100,0000000841,2000000058,user_000
20180920,EINKBELEG,034100,0000000842,2000000058,user_010
20180920,EINKBELEG,054100,0000000843,2000000058,user_010
20180920,EINKBELEG,054100,0000000844,2000000058,user_010
20180920,EINKBELEG,054100,0000000845,2000000058,user_010
20180920,EINKBELEG,092100,0000000846,2000000058,batch_00
20180920,EINKBELEG,092200,0000000847,2000000058,batch_00
20180920,EINKBELEG,092200,0000000848,2000000058,batch_00
20180920,EINKBELEG,092200,0000000849,2000000058,user_000
20180119,EINKBELEG,181400,0000000850,2000000059,batch_00
20180119,EINKBELEG,191400,0000000851,2000000059,batch_00
20180119,EINKBELEG,191400,0000000852,2000000059,batch_00
20180119,EINKBELEG,191400,0000000853,2000000059,batch_00
20180119,EINKBELEG,191500,0000000854,2000000059,batch_00
20180119,EINKBELEG,191500,0000000855,2000000059,batch_00
20180119,EINKBELEG,191500,0000000856,2000000059,batch_00
20180119,EINKBELEG,191500,0000000857,2000000059,user_000
20180706,EINKBELEG,121000,0000000858,2000000059,user_025
20180920,EINKBELEG,033400,0000000859,2000000059,user_010
20180920,EINKBELEG,053400,0000000860,2000000059,user_010
20180920,EINKBELEG,053400,0000000861,2000000059,user_010
20180920,EINKBELEG,053400,0000000862,2000000059,user_010
20180920,EINKBELEG,092200,0000000863,2000000059,batch_00
20180920,EINKBELEG,092200,0000000864,2000000059,batch_00
20180920,EINKBELEG,092200,0000000865,2000000059,batch_00
20180920,EINKBELEG,092200,0000000866,2000000059,user_000
20180119,EINKBELEG,181500,0000000867,2000000060,batch_00
20180119,EINKBELEG,191500,0000000868,2000000060,batch_00
20180119,EINKBELEG,191500,0000000869,2000000060,batch_00
20180119,EINKBELEG,191500,0000000870,2000000060,batch_00
20180119,EINKBELEG,191500,0000000871,2000000060,batch_00
20180119,EINKBELEG,191500,0000000872,2000000060,batch_00
20180119,EINKBELEG,191500,0000000873,2000000060,batch_00
20180119,EINKBELEG,191500,0000000874,2000000060,user_000
20180706,EINKBELEG,121000,0000000875,2000000060,user_025
20180711,EINKBELEG,072800,0000000876,2000000060,user_016
20180711,EINKBELEG,092900,0000000877,2000000060,user_016
20180711,EINKBELEG,092900,0000000878,2000000060,user_016
20180711,EINKBELEG,092900,0000000879,2000000060,user_016
20180712,EINKBELEG,064100,0000000880,2000000060,batch_00
20180712,EINKBELEG,064100,0000000881,2000000060,batch_00
20180712,EINKBELEG,064100,0000000882,2000000060,batch_00
20180712,EINKBELEG,064100,0000000883,2000000060,user_000
20180920,EINKBELEG,034600,0000000884,2000000060,user_010
20180920,EINKBELEG,054600,0000000885,2000000060,user_010
20180920,EINKBELEG,054600,0000000886,2000000060,user_010
20180920,EINKBELEG,054600,0000000887,2000000060,user_010
20180920,EINKBELEG,092200,0000000888,2000000060,batch_00
20180920,EINKBELEG,092200,0000000889,2000000060,batch_00
20180920,EINKBELEG,092200,0000000890,2000000060,batch_00
20180920,EINKBELEG,092200,0000000891,2000000060,user_000
20180119,EINKBELEG,181500,0000000892,2000000061,batch_00
20180119,EINKBELEG,191500,0000000893,2000000061,batch_00
20180119,EINKBELEG,191500,0000000894,2000000061,batch_00
20180119,EINKBELEG,191500,0000000895,2000000061,batch_00
20180119,EINKBELEG,191500,0000000896,2000000061,batch_00
20180119,EINKBELEG,191500,0000000897,2000000061,batch_00
20180119,EINKBELEG,191500,0000000898,2000000061,batch_00
20180119,EINKBELEG,191500,0000000899,2000000061,user_000
20180706,EINKBELEG,121000,0000000900,2000000061,user_025
20180920,EINKBELEG,032300,0000000901,2000000061,user_010
20180920,EINKBELEG,052400,0000000902,2000000061,user_010
20180920,EINKBELEG,052400,0000000903,2000000061,user_010
20180920,EINKBELEG,052400,0000000904,2000000061,user_010
20180920,EINKBELEG,092200,0000000905,2000000061,batch_00
20180920,EINKBELEG,092200,0000000906,2000000061,batch_00
20180920,EINKBELEG,092200,0000000907,2000000061,batch_00
20180920,EINKBELEG,092200,0000000908,2000000061,user_000
20180119,EINKBELEG,181500,0000000909,2000000062,batch_00
20180119,EINKBELEG,191500,0000000910,2000000062,batch_00
20180119,EINKBELEG,191500,0000000911,2000000062,batch_00
20180119,EINKBELEG,191500,0000000912,2000000062,batch_00
20180119,EINKBELEG,191600,0000000913,2000000062,batch_00
20180119,EINKBELEG,191600,0000000914,2000000062,batch_00
20180119,EINKBELEG,191600,0000000915,2000000062,user_000
20180119,EINKBELEG,191600,0000000916,2000000062,batch_00
20180706,EINKBELEG,121000,0000000917,2000000062,user_025
20180119,EINKBELEG,181600,0000000918,2000000063,batch_00
20180119,EINKBELEG,191600,0000000919,2000000063,batch_00
20180119,EINKBELEG,191600,0000000920,2000000063,batch_00
20180119,EINKBELEG,191600,0000000921,2000000063,batch_00
20180119,EINKBELEG,191600,0000000922,2000000063,batch_00
20180119,EINKBELEG,191600,0000000923,2000000063,batch_00
20180119,EINKBELEG,191600,0000000924,2000000063,user_000
20180119,EINKBELEG,191600,0000000925,2000000063,batch_00
20180706,EINKBELEG,121000,0000000926,2000000063,user_025
20180119,EINKBELEG,181600,0000000927,2000000064,batch_00
20180119,EINKBELEG,191600,0000000928,2000000064,batch_00
20180119,EINKBELEG,191600,0000000929,2000000064,batch_00
20180119,EINKBELEG,191600,0000000930,2000000064,batch_00
20180119,EINKBELEG,191600,0000000931,2000000064,batch_00
20180119,EINKBELEG,191600,0000000932,2000000064,batch_00
20180119,EINKBELEG,191600,0000000933,2000000064,batch_00
20180119,EINKBELEG,191600,0000000934,2000000064,user_000
20180706,EINKBELEG,121000,0000000935,2000000064,user_025
20180731,EINKBELEG,102900,0000000936,2000000064,user_014
20180731,EINKBELEG,122900,0000000937,2000000064,user_014
20180731,EINKBELEG,122900,0000000938,2000000064,user_014
20180731,EINKBELEG,122900,0000000939,2000000064,user_014
20180731,EINKBELEG,144000,0000000940,2000000064,batch_00
20180731,EINKBELEG,144000,0000000941,2000000064,batch_00
20180731,EINKBELEG,144000,0000000942,2000000064,batch_00
20180731,EINKBELEG,144000,0000000943,2000000064,user_000
20180920,EINKBELEG,035000,0000000944,2000000064,user_010
20180920,EINKBELEG,055000,0000000945,2000000064,user_010
20180920,EINKBELEG,055000,0000000946,2000000064,user_010
20180920,EINKBELEG,055000,0000000947,2000000064,user_010
20180920,EINKBELEG,092200,0000000948,2000000064,batch_00
20180920,EINKBELEG,092200,0000000949,2000000064,batch_00
20180920,EINKBELEG,092200,0000000950,2000000064,batch_00
20180920,EINKBELEG,092200,0000000951,2000000064,user_000
20180119,EINKBELEG,181700,0000000952,2000000065,batch_00
20180119,EINKBELEG,191700,0000000953,2000000065,batch_00
20180119,EINKBELEG,191700,0000000954,2000000065,batch_00
20180119,EINKBELEG,191700,0000000955,2000000065,batch_00
20180119,EINKBELEG,191700,0000000956,2000000065,batch_00
20180119,EINKBELEG,191700,0000000957,2000000065,batch_00
20180119,EINKBELEG,191700,0000000958,2000000065,batch_00
20180119,EINKBELEG,191700,0000000959,2000000065,user_000
20180706,EINKBELEG,121000,0000000960,2000000065,user_025
20180920,EINKBELEG,033200,0000000961,2000000065,user_010
20180920,EINKBELEG,053200,0000000962,2000000065,user_010
20180920,EINKBELEG,053200,0000000963,2000000065,user_010
20180920,EINKBELEG,053200,0000000964,2000000065,user_010
20180920,EINKBELEG,092200,0000000965,2000000065,batch_00
20180920,EINKBELEG,092200,0000000966,2000000065,batch_00
20180920,EINKBELEG,092200,0000000967,2000000065,batch_00
20180920,EINKBELEG,092200,0000000968,2000000065,user_000
20180119,EINKBELEG,181700,0000000969,2000000066,batch_00
20180119,EINKBELEG,191700,0000000970,2000000066,batch_00
20180119,EINKBELEG,191700,0000000971,2000000066,batch_00
20180119,EINKBELEG,191700,0000000972,2000000066,batch_00
20180119,EINKBELEG,191700,0000000973,2000000066,batch_00
20180119,EINKBELEG,191700,0000000974,2000000066,batch_00
20180119,EINKBELEG,191700,0000000975,2000000066,batch_00
20180119,EINKBELEG,191700,0000000976,2000000066,user_000
20180706,EINKBELEG,121000,0000000977,2000000066,user_025
20180920,EINKBELEG,033000,0000000978,2000000066,user_010
20180920,EINKBELEG,053000,0000000979,2000000066,user_010
20180920,EINKBELEG,053000,0000000980,2000000066,user_010
20180920,EINKBELEG,053000,0000000981,2000000066,user_010
20180920,EINKBELEG,092300,0000000982,2000000066,batch_00
20180920,EINKBELEG,092300,0000000983,2000000066,batch_00
20180920,EINKBELEG,092300,0000000984,2000000066,batch_00
20180920,EINKBELEG,092300,0000000985,2000000066,user_000
20180119,EINKBELEG,181700,0000000986,2000000067,batch_00
20180119,EINKBELEG,191700,0000000987,2000000067,batch_00
20180119,EINKBELEG,191700,0000000988,2000000067,batch_00
20180119,EINKBELEG,191700,0000000989,2000000067,batch_00
20180119,EINKBELEG,191700,0000000990,2000000067,batch_00
20180119,EINKBELEG,191700,0000000991,2000000067,batch_00
20180119,EINKBELEG,191700,0000000992,2000000067,batch_00
20180119,EINKBELEG,191700,0000000993,2000000067,user_000
20180706,EINKBELEG,121000,0000000994,2000000067,user_025
20180119,EINKBELEG,181600,0000000995,2000000068,batch_00
20180119,EINKBELEG,191600,0000000996,2000000068,batch_00
20180119,EINKBELEG,191600,0000000997,2000000068,batch_00
20180119,EINKBELEG,191600,0000000998,2000000068,batch_00
20180119,EINKBELEG,191600,0000000999,2000000068,batch_00
20180119,EINKBELEG,191600,0000001000,2000000068,batch_00
20180119,EINKBELEG,191600,0000001001,2000000068,batch_00
20180119,EINKBELEG,191600,0000001002,2000000068,user_000
20180706,EINKBELEG,121000,0000001003,2000000068,user_025
20180711,EINKBELEG,072600,0000001004,2000000068,user_016
20180711,EINKBELEG,092700,0000001005,2000000068,user_016
20180711,EINKBELEG,092700,0000001006,2000000068,user_016
20180711,EINKBELEG,092700,0000001007,2000000068,user_016
20180712,EINKBELEG,064200,0000001008,2000000068,batch_00
20180712,EINKBELEG,064200,0000001009,2000000068,batch_00
20180712,EINKBELEG,064200,0000001010,2000000068,batch_00
20180712,EINKBELEG,064200,0000001011,2000000068,user_000
20180920,EINKBELEG,033600,0000001012,2000000068,user_010
20180920,EINKBELEG,053700,0000001013,2000000068,user_010
20180920,EINKBELEG,053700,0000001014,2000000068,user_010
20180920,EINKBELEG,053700,0000001015,2000000068,user_010
20180920,EINKBELEG,092100,0000001016,2000000068,batch_00
20180920,EINKBELEG,092100,0000001017,2000000068,batch_00
20180920,EINKBELEG,092100,0000001018,2000000068,batch_00
20180920,EINKBELEG,092100,0000001019,2000000068,user_000
20180119,EINKBELEG,181600,0000001020,2000000069,batch_00
20180119,EINKBELEG,191600,0000001021,2000000069,batch_00
20180119,EINKBELEG,191600,0000001022,2000000069,batch_00
20180119,EINKBELEG,191600,0000001023,2000000069,batch_00
20180119,EINKBELEG,191600,0000001024,2000000069,batch_00
20180119,EINKBELEG,191600,0000001025,2000000069,batch_00
20180119,EINKBELEG,191600,0000001026,2000000069,user_000
20180119,EINKBELEG,191600,0000001027,2000000069,batch_00
20180706,EINKBELEG,121000,0000001028,2000000069,user_025
20180711,EINKBELEG,072400,0000001029,2000000069,user_016
20180711,EINKBELEG,092400,0000001030,2000000069,user_016
20180711,EINKBELEG,092400,0000001031,2000000069,user_016
20180711,EINKBELEG,092400,0000001032,2000000069,user_016
20180712,EINKBELEG,064100,0000001033,2000000069,batch_00
20180712,EINKBELEG,064100,0000001034,2000000069,batch_00
20180712,EINKBELEG,064100,0000001035,2000000069,batch_00
20180712,EINKBELEG,064100,0000001036,2000000069,user_000
20180731,EINKBELEG,103100,0000001037,2000000069,user_010
20180731,EINKBELEG,123100,0000001038,2000000069,user_010
20180731,EINKBELEG,123100,0000001039,2000000069,user_010
20180731,EINKBELEG,123100,0000001040,2000000069,user_010
20180731,EINKBELEG,143900,0000001041,2000000069,batch_00
20180731,EINKBELEG,143900,0000001042,2000000069,batch_00
20180731,EINKBELEG,143900,0000001043,2000000069,batch_00
20180731,EINKBELEG,144000,0000001044,2000000069,user_000
20180920,EINKBELEG,034400,0000001045,2000000069,user_010
20180920,EINKBELEG,054400,0000001046,2000000069,user_010
20180920,EINKBELEG,054400,0000001047,2000000069,user_010
20180920,EINKBELEG,054400,0000001048,2000000069,user_010
20180920,EINKBELEG,092100,0000001049,2000000069,batch_00
20180920,EINKBELEG,092100,0000001050,2000000069,batch_00
20180920,EINKBELEG,092100,0000001051,2000000069,batch_00
20180920,EINKBELEG,092100,0000001052,2000000069,user_000
20180119,EINKBELEG,181600,0000001053,2000000070,batch_00
20180119,EINKBELEG,191700,0000001054,2000000070,batch_00
20180119,EINKBELEG,191700,0000001055,2000000070,batch_00
20180119,EINKBELEG,191700,0000001056,2000000070,batch_00
20180119,EINKBELEG,191700,0000001057,2000000070,batch_00
20180119,EINKBELEG,191700,0000001058,2000000070,batch_00
20180119,EINKBELEG,191700,0000001059,2000000070,batch_00
20180119,EINKBELEG,191700,0000001060,2000000070,user_000
20180706,EINKBELEG,121000,0000001061,2000000070,user_025
20180731,EINKBELEG,112300,0000001062,2000000070,user_010
20180731,EINKBELEG,132300,0000001063,2000000070,user_010
20180731,EINKBELEG,132300,0000001064,2000000070,user_010
20180731,EINKBELEG,132300,0000001065,2000000070,user_010
20180731,EINKBELEG,144000,0000001066,2000000070,batch_00
20180731,EINKBELEG,144000,0000001067,2000000070,batch_00
20180731,EINKBELEG,144000,0000001068,2000000070,batch_00
20180731,EINKBELEG,144000,0000001069,2000000070,user_000
20180119,EINKBELEG,181700,0000001070,2000000071,batch_00
20180119,EINKBELEG,191700,0000001071,2000000071,batch_00
20180119,EINKBELEG,191700,0000001072,2000000071,batch_00
20180119,EINKBELEG,191700,0000001073,2000000071,batch_00
20180119,EINKBELEG,191700,0000001074,2000000071,batch_00
20180119,EINKBELEG,191700,0000001075,2000000071,batch_00
20180119,EINKBELEG,191700,0000001076,2000000071,batch_00
20180119,EINKBELEG,191700,0000001077,2000000071,user_000
20180202,EINKBELEG,225900,0000001078,2000000071,NONE
20180604,EINKBELEG,215900,0000001079,2000000071,NONE
20180703,EINKBELEG,075300,0000001080,2000000071,user_015
20180706,EINKBELEG,121000,0000001081,2000000071,user_025
20181105,EINKBELEG,113000,0000001082,2000000071,user_004
20180119,EINKBELEG,181700,0000001083,2000000072,batch_00
20180119,EINKBELEG,191700,0000001084,2000000072,batch_00
20180119,EINKBELEG,191700,0000001085,2000000072,batch_00
20180119,EINKBELEG,191700,0000001086,2000000072,batch_00
20180119,EINKBELEG,191700,0000001087,2000000072,batch_00
20180119,EINKBELEG,191700,0000001088,2000000072,batch_00
20180119,EINKBELEG,191700,0000001089,2000000072,batch_00
20180119,EINKBELEG,191700,0000001090,2000000072,user_000
20180706,EINKBELEG,121000,0000001091,2000000072,user_025
20180920,EINKBELEG,034800,0000001092,2000000072,user_010
20180920,EINKBELEG,054900,0000001093,2000000072,user_010
20180920,EINKBELEG,054900,0000001094,2000000072,user_010
20180920,EINKBELEG,054900,0000001095,2000000072,user_010
20180920,EINKBELEG,092200,0000001096,2000000072,batch_00
20180920,EINKBELEG,092200,0000001097,2000000072,batch_00
20180920,EINKBELEG,092200,0000001098,2000000072,batch_00
20180920,EINKBELEG,092200,0000001099,2000000072,user_000
20180122,EINKBELEG,063400,0000001100,2000000073,batch_00
20180122,EINKBELEG,073400,0000001101,2000000073,batch_00
20180122,EINKBELEG,073400,0000001102,2000000073,batch_00
20180122,EINKBELEG,073400,0000001103,2000000073,batch_00
20180122,EINKBELEG,073400,0000001104,2000000073,batch_00
20180122,EINKBELEG,073400,0000001105,2000000073,batch_00
20180122,EINKBELEG,073400,0000001106,2000000073,batch_00
20180122,EINKBELEG,073400,0000001107,2000000073,user_000
20180122,EINKBELEG,091400,0000001108,2000000074,batch_00
20180122,EINKBELEG,101400,0000001109,2000000074,batch_00
20180122,EINKBELEG,101400,0000001110,2000000074,batch_00
20180122,EINKBELEG,101400,0000001111,2000000074,batch_00
20180122,EINKBELEG,101400,0000001112,2000000074,batch_00
20180122,EINKBELEG,101400,0000001113,2000000074,batch_00
20180122,EINKBELEG,101400,0000001114,2000000074,batch_00
20180122,EINKBELEG,101400,0000001115,2000000074,user_000
20180122,EINKBELEG,091400,0000001116,2000000075,batch_00
20180122,EINKBELEG,101400,0000001117,2000000075,batch_00
20180122,EINKBELEG,101400,0000001118,2000000075,batch_00
20180122,EINKBELEG,101400,0000001119,2000000075,batch_00
20180122,EINKBELEG,101400,0000001120,2000000075,batch_00
20180122,EINKBELEG,101400,0000001121,2000000075,batch_00
20180122,EINKBELEG,101400,0000001122,2000000075,batch_00
20180122,EINKBELEG,101400,0000001123,2000000075,user_000
20180122,EINKBELEG,091400,0000001124,2000000076,batch_00
20180122,EINKBELEG,101400,0000001125,2000000076,batch_00
20180122,EINKBELEG,101400,0000001126,2000000076,batch_00
20180122,EINKBELEG,101400,0000001127,2000000076,batch_00
20180122,EINKBELEG,101400,0000001128,2000000076,batch_00
20180122,EINKBELEG,101400,0000001129,2000000076,batch_00
20180122,EINKBELEG,101400,0000001130,2000000076,batch_00
20180122,EINKBELEG,101400,0000001131,2000000076,user_000
20180122,EINKBELEG,091400,0000001132,2000000076,batch_00
20180122,EINKBELEG,101400,0000001133,2000000076,batch_00
20180122,EINKBELEG,101400,0000001134,2000000076,batch_00
20180122,EINKBELEG,101400,0000001135,2000000076,batch_00
20180122,EINKBELEG,101400,0000001136,2000000076,batch_00
20180122,EINKBELEG,101400,0000001137,2000000076,batch_00
20180122,EINKBELEG,101400,0000001138,2000000076,batch_00
20180122,EINKBELEG,101400,0000001139,2000000076,user_000
20180122,EINKBELEG,091400,0000001140,2000000076,batch_00
20180122,EINKBELEG,101400,0000001141,2000000076,batch_00
20180122,EINKBELEG,101400,0000001142,2000000076,batch_00
20180122,EINKBELEG,101400,0000001143,2000000076,batch_00
20180122,EINKBELEG,101400,0000001144,2000000076,batch_00
20180122,EINKBELEG,101400,0000001145,2000000076,batch_00
20180122,EINKBELEG,101400,0000001146,2000000076,batch_00
20180122,EINKBELEG,101400,0000001147,2000000076,user_000
20180122,EINKBELEG,091400,0000001148,2000000077,batch_00
20180122,EINKBELEG,101400,0000001149,2000000077,batch_00
20180122,EINKBELEG,101400,0000001150,2000000077,batch_00
20180122,EINKBELEG,101400,0000001151,2000000077,batch_00
20180122,EINKBELEG,101400,0000001152,2000000077,batch_00
20180122,EINKBELEG,101400,0000001153,2000000077,batch_00
20180122,EINKBELEG,101400,0000001154,2000000077,user_000
20180122,EINKBELEG,101400,0000001155,2000000077,batch_00
20180122,EINKBELEG,091400,0000001156,2000000077,batch_00
20180122,EINKBELEG,101400,0000001157,2000000077,batch_00
20180122,EINKBELEG,101400,0000001158,2000000077,batch_00
20180122,EINKBELEG,101400,0000001159,2000000077,batch_00
20180122,EINKBELEG,101400,0000001160,2000000077,batch_00
20180122,EINKBELEG,101400,0000001161,2000000077,batch_00
20180122,EINKBELEG,101400,0000001162,2000000077,user_000
20180122,EINKBELEG,101400,0000001163,2000000077,batch_00
20180122,EINKBELEG,095500,0000001164,2000000078,batch_00
20180122,EINKBELEG,105500,0000001165,2000000078,batch_00
20180122,EINKBELEG,105500,0000001166,2000000078,batch_00
20180122,EINKBELEG,105500,0000001167,2000000078,batch_00
20180122,EINKBELEG,105500,0000001168,2000000078,batch_00
20180122,EINKBELEG,105500,0000001169,2000000078,batch_00
20180122,EINKBELEG,105500,0000001170,2000000078,user_000
20180122,EINKBELEG,105500,0000001171,2000000078,batch_00
20180706,EINKBELEG,121000,0000001172,2000000078,user_025
20180123,EINKBELEG,113300,0000001173,2000000079,batch_00
20180123,EINKBELEG,123300,0000001174,2000000079,batch_00
20180123,EINKBELEG,123300,0000001175,2000000079,batch_00
20180123,EINKBELEG,123300,0000001176,2000000079,batch_00
20180123,EINKBELEG,123300,0000001177,2000000079,batch_00
20180123,EINKBELEG,123300,0000001178,2000000079,batch_00
20180123,EINKBELEG,123300,0000001179,2000000079,batch_00
20180123,EINKBELEG,123300,0000001180,2000000079,user_000
20180123,EINKBELEG,113300,0000001181,2000000079,batch_00
20180123,EINKBELEG,123300,0000001182,2000000079,batch_00
20180123,EINKBELEG,123300,0000001183,2000000079,batch_00
20180123,EINKBELEG,123300,0000001184,2000000079,batch_00
20180123,EINKBELEG,123300,0000001185,2000000079,batch_00
20180123,EINKBELEG,123300,0000001186,2000000079,batch_00
20180123,EINKBELEG,123300,0000001187,2000000079,batch_00
20180123,EINKBELEG,123300,0000001188,2000000079,user_000
20180123,EINKBELEG,113300,0000001189,2000000079,batch_00
20180123,EINKBELEG,123300,0000001190,2000000079,batch_00
20180123,EINKBELEG,123300,0000001191,2000000079,batch_00
20180123,EINKBELEG,123300,0000001192,2000000079,batch_00
20180123,EINKBELEG,123300,0000001193,2000000079,batch_00
20180123,EINKBELEG,123300,0000001194,2000000079,batch_00
20180123,EINKBELEG,123300,0000001195,2000000079,batch_00
20180123,EINKBELEG,123300,0000001196,2000000079,user_000
20180123,EINKBELEG,132400,0000001197,2000000080,batch_00
20180123,EINKBELEG,142400,0000001198,2000000080,batch_00
20180123,EINKBELEG,142400,0000001199,2000000080,batch_00
20180123,EINKBELEG,142400,0000001200,2000000080,batch_00
20180123,EINKBELEG,142400,0000001201,2000000080,batch_00
20180123,EINKBELEG,142400,0000001202,2000000080,batch_00
20180123,EINKBELEG,142400,0000001203,2000000080,batch_00
20180123,EINKBELEG,142400,0000001204,2000000080,user_000
20180123,EINKBELEG,132400,0000001205,2000000080,batch_00
20180123,EINKBELEG,142400,0000001206,2000000080,batch_00
20180123,EINKBELEG,142400,0000001207,2000000080,batch_00
20180123,EINKBELEG,142400,0000001208,2000000080,batch_00
20180123,EINKBELEG,142400,0000001209,2000000080,batch_00
20180123,EINKBELEG,142400,0000001210,2000000080,batch_00
20180123,EINKBELEG,142400,0000001211,2000000080,batch_00
20180123,EINKBELEG,142400,0000001212,2000000080,user_000
20180123,EINKBELEG,134900,0000001213,2000000081,batch_00
20180123,EINKBELEG,144900,0000001214,2000000081,batch_00
20180123,EINKBELEG,144900,0000001215,2000000081,batch_00
20180123,EINKBELEG,144900,0000001216,2000000081,batch_00
20180123,EINKBELEG,144900,0000001217,2000000081,batch_00
20180123,EINKBELEG,144900,0000001218,2000000081,batch_00
20180123,EINKBELEG,144900,0000001219,2000000081,batch_00
20180123,EINKBELEG,144900,0000001220,2000000081,user_000
20180124,EINKBELEG,061300,0000001221,2000000082,batch_00
20180124,EINKBELEG,071300,0000001222,2000000082,batch_00
20180124,EINKBELEG,071300,0000001223,2000000082,batch_00
20180124,EINKBELEG,071300,0000001224,2000000082,batch_00
20180124,EINKBELEG,071300,0000001225,2000000082,batch_00
20180124,EINKBELEG,071300,0000001226,2000000082,batch_00
20180124,EINKBELEG,071300,0000001227,2000000082,batch_00
20180124,EINKBELEG,071300,0000001228,2000000082,user_000
20180124,EINKBELEG,061300,0000001229,2000000082,batch_00
20180124,EINKBELEG,071300,0000001230,2000000082,batch_00
20180124,EINKBELEG,071300,0000001231,2000000082,batch_00
20180124,EINKBELEG,071300,0000001232,2000000082,batch_00
20180124,EINKBELEG,071300,0000001233,2000000082,batch_00
20180124,EINKBELEG,071300,0000001234,2000000082,batch_00
20180124,EINKBELEG,071300,0000001235,2000000082,batch_00
20180124,EINKBELEG,071300,0000001236,2000000082,user_000
20180124,EINKBELEG,061300,0000001237,2000000083,batch_00
20180124,EINKBELEG,071300,0000001238,2000000083,batch_00
20180124,EINKBELEG,071300,0000001239,2000000083,batch_00
20180124,EINKBELEG,071300,0000001240,2000000083,batch_00
20180124,EINKBELEG,071300,0000001241,2000000083,batch_00
20180124,EINKBELEG,071300,0000001242,2000000083,batch_00
20180124,EINKBELEG,071400,0000001243,2000000083,batch_00
20180124,EINKBELEG,071400,0000001244,2000000083,user_000
20180124,EINKBELEG,061300,0000001245,2000000083,batch_00
20180124,EINKBELEG,071300,0000001246,2000000083,batch_00
20180124,EINKBELEG,071300,0000001247,2000000083,batch_00
20180124,EINKBELEG,071300,0000001248,2000000083,batch_00
20180124,EINKBELEG,071300,0000001249,2000000083,batch_00
20180124,EINKBELEG,071300,0000001250,2000000083,batch_00
20180124,EINKBELEG,071400,0000001251,2000000083,batch_00
20180124,EINKBELEG,071400,0000001252,2000000083,user_000
20180124,EINKBELEG,061300,0000001253,2000000083,batch_00
20180124,EINKBELEG,071300,0000001254,2000000083,batch_00
20180124,EINKBELEG,071300,0000001255,2000000083,batch_00
20180124,EINKBELEG,071300,0000001256,2000000083,batch_00
20180124,EINKBELEG,071300,0000001257,2000000083,batch_00
20180124,EINKBELEG,071300,0000001258,2000000083,batch_00
20180124,EINKBELEG,071400,0000001259,2000000083,batch_00
20180124,EINKBELEG,071400,0000001260,2000000083,user_000
20180125,EINKBELEG,101900,0000001261,2000000084,batch_00
20180125,EINKBELEG,111900,0000001262,2000000084,batch_00
20180125,EINKBELEG,111900,0000001263,2000000084,batch_00
20180125,EINKBELEG,111900,0000001264,2000000084,batch_00
20180125,EINKBELEG,111900,0000001265,2000000084,batch_00
20180125,EINKBELEG,111900,0000001266,2000000084,batch_00
20180125,EINKBELEG,111900,0000001267,2000000084,batch_00
20180125,EINKBELEG,111900,0000001268,2000000084,user_000
20180125,EINKBELEG,103800,0000001269,2000000085,batch_00
20180125,EINKBELEG,113800,0000001270,2000000085,batch_00
20180125,EINKBELEG,113800,0000001271,2000000085,batch_00
20180125,EINKBELEG,113800,0000001272,2000000085,batch_00
20180125,EINKBELEG,113800,0000001273,2000000085,batch_00
20180125,EINKBELEG,113800,0000001274,2000000085,batch_00
20180125,EINKBELEG,113800,0000001275,2000000085,batch_00
20180125,EINKBELEG,113800,0000001276,2000000085,user_000
20180125,EINKBELEG,105000,0000001277,2000000086,batch_00
20180125,EINKBELEG,115000,0000001278,2000000086,batch_00
20180125,EINKBELEG,115000,0000001279,2000000086,batch_00
20180125,EINKBELEG,115000,0000001280,2000000086,batch_00
20180125,EINKBELEG,115000,0000001281,2000000086,batch_00
20180125,EINKBELEG,115000,0000001282,2000000086,batch_00
20180125,EINKBELEG,115000,0000001283,2000000086,batch_00
20180125,EINKBELEG,115000,0000001284,2000000086,user_000
20180125,EINKBELEG,105000,0000001285,2000000086,batch_00
20180125,EINKBELEG,115000,0000001286,2000000086,batch_00
20180125,EINKBELEG,115000,0000001287,2000000086,batch_00
20180125,EINKBELEG,115000,0000001288,2000000086,batch_00
20180125,EINKBELEG,115000,0000001289,2000000086,batch_00
20180125,EINKBELEG,115000,0000001290,2000000086,batch_00
20180125,EINKBELEG,115000,0000001291,2000000086,batch_00
20180125,EINKBELEG,115000,0000001292,2000000086,user_000
20180125,EINKBELEG,130300,0000001293,2000000087,batch_00
20180125,EINKBELEG,140300,0000001294,2000000087,batch_00
20180125,EINKBELEG,140300,0000001295,2000000087,batch_00
20180125,EINKBELEG,140300,0000001296,2000000087,batch_00
20180125,EINKBELEG,140300,0000001297,2000000087,batch_00
20180125,EINKBELEG,140300,0000001298,2000000087,batch_00
20180125,EINKBELEG,140300,0000001299,2000000087,user_000
20180125,EINKBELEG,140300,0000001300,2000000087,batch_00
20180125,EINKBELEG,133100,0000001301,2000000088,batch_00
20180125,EINKBELEG,143100,0000001302,2000000088,batch_00
20180125,EINKBELEG,143100,0000001303,2000000088,batch_00
20180125,EINKBELEG,143100,0000001304,2000000088,batch_00
20180125,EINKBELEG,143100,0000001305,2000000088,batch_00
20180125,EINKBELEG,143100,0000001306,2000000088,batch_00
20180125,EINKBELEG,143100,0000001307,2000000088,user_000
20180125,EINKBELEG,143100,0000001308,2000000088,batch_00
20180131,EINKBELEG,135700,0000001309,2000000088,user_026
20180131,EINKBELEG,145700,0000001310,2000000088,user_026
20180131,EINKBELEG,145700,0000001311,2000000088,user_026
20180131,EINKBELEG,145700,0000001312,2000000088,user_026
20180131,EINKBELEG,145700,0000001313,2000000088,batch_00
20180131,EINKBELEG,145700,0000001314,2000000088,batch_00
20180131,EINKBELEG,145700,0000001315,2000000088,batch_00
20180131,EINKBELEG,145700,0000001316,2000000088,user_000
20180131,EINKBELEG,145800,0000001317,2000000088,user_026
20180131,EINKBELEG,145800,0000001318,2000000088,user_026
20180706,EINKBELEG,121000,0000001319,2000000088,user_025
20180706,EINKBELEG,121000,0000001320,2000000088,user_025
20180125,EINKBELEG,143300,0000001321,2000000089,batch_00
20180125,EINKBELEG,153300,0000001322,2000000089,batch_00
20180125,EINKBELEG,153300,0000001323,2000000089,batch_00
20180125,EINKBELEG,153300,0000001324,2000000089,batch_00
20180125,EINKBELEG,153400,0000001325,2000000089,batch_00
20180125,EINKBELEG,153400,0000001326,2000000089,batch_00
20180125,EINKBELEG,153400,0000001327,2000000089,user_000
20180125,EINKBELEG,153400,0000001328,2000000089,batch_00
20180125,EINKBELEG,151100,0000001329,2000000090,batch_00
20180125,EINKBELEG,161100,0000001330,2000000090,batch_00
20180125,EINKBELEG,161100,0000001331,2000000090,batch_00
20180125,EINKBELEG,161100,0000001332,2000000090,batch_00
20180125,EINKBELEG,161100,0000001333,2000000090,batch_00
20180125,EINKBELEG,161100,0000001334,2000000090,batch_00
20180125,EINKBELEG,161100,0000001335,2000000090,user_000
20180125,EINKBELEG,161100,0000001336,2000000090,batch_00
20180126,EINKBELEG,061100,0000001337,2000000091,batch_00
20180126,EINKBELEG,071100,0000001338,2000000091,batch_00
20180126,EINKBELEG,071100,0000001339,2000000091,batch_00
20180126,EINKBELEG,071100,0000001340,2000000091,batch_00
20180126,EINKBELEG,071100,0000001341,2000000091,batch_00
20180126,EINKBELEG,071100,0000001342,2000000091,batch_00
20180126,EINKBELEG,071100,0000001343,2000000091,batch_00
20180126,EINKBELEG,071100,0000001344,2000000091,user_000
20180126,EINKBELEG,105000,0000001345,2000000092,batch_00
20180126,EINKBELEG,115000,0000001346,2000000092,batch_00
20180126,EINKBELEG,115000,0000001347,2000000092,batch_00
20180126,EINKBELEG,115000,0000001348,2000000092,batch_00
20180126,EINKBELEG,115000,0000001349,2000000092,batch_00
20180126,EINKBELEG,115000,0000001350,2000000092,batch_00
20180126,EINKBELEG,115000,0000001351,2000000092,user_000
20180126,EINKBELEG,115000,0000001352,2000000092,batch_00
20180126,EINKBELEG,103800,0000001353,2000000093,batch_00
20180126,EINKBELEG,113800,0000001354,2000000093,batch_00
20180126,EINKBELEG,113800,0000001355,2000000093,batch_00
20180126,EINKBELEG,113800,0000001356,2000000093,batch_00
20180126,EINKBELEG,113800,0000001357,2000000093,batch_00
20180126,EINKBELEG,113800,0000001358,2000000093,batch_00
20180126,EINKBELEG,113800,0000001359,2000000093,user_000
20180126,EINKBELEG,113800,0000001360,2000000093,batch_00
20180126,EINKBELEG,113300,0000001361,2000000094,batch_00
20180126,EINKBELEG,123300,0000001362,2000000094,batch_00
20180126,EINKBELEG,123300,0000001363,2000000094,batch_00
20180126,EINKBELEG,123300,0000001364,2000000094,batch_00
20180126,EINKBELEG,123300,0000001365,2000000094,batch_00
20180126,EINKBELEG,123300,0000001366,2000000094,batch_00
20180126,EINKBELEG,123300,0000001367,2000000094,batch_00
20180126,EINKBELEG,123300,0000001368,2000000094,user_000
20180126,EINKBELEG,131400,0000001369,2000000095,batch_00
20180126,EINKBELEG,141400,0000001370,2000000095,batch_00
20180126,EINKBELEG,141400,0000001371,2000000095,batch_00
20180126,EINKBELEG,141400,0000001372,2000000095,batch_00
20180126,EINKBELEG,141400,0000001373,2000000095,batch_00
20180126,EINKBELEG,141400,0000001374,2000000095,batch_00
20180126,EINKBELEG,141400,0000001375,2000000095,batch_00
20180126,EINKBELEG,141400,0000001376,2000000095,user_000
20180126,EINKBELEG,143000,0000001377,2000000096,batch_00
20180126,EINKBELEG,153000,0000001378,2000000096,batch_00
20180126,EINKBELEG,153000,0000001379,2000000096,batch_00
20180126,EINKBELEG,153000,0000001380,2000000096,batch_00
20180126,EINKBELEG,153000,0000001381,2000000096,batch_00
20180126,EINKBELEG,153000,0000001382,2000000096,batch_00
20180126,EINKBELEG,153000,0000001383,2000000096,batch_00
20180126,EINKBELEG,153000,0000001384,2000000096,user_000
20180131,EINKBELEG,010000,0000001385,2000000096,batch_02
20010223,EINKBELEG,225900,0000001386,2000000097,NONE
20180129,EINKBELEG,080900,0000001387,2000000097,batch_00
20180129,EINKBELEG,090900,0000001388,2000000097,batch_00
20180129,EINKBELEG,090900,0000001389,2000000097,batch_00
20180129,EINKBELEG,090900,0000001390,2000000097,batch_00
20180129,EINKBELEG,090900,0000001391,2000000097,batch_00
20180129,EINKBELEG,090900,0000001392,2000000097,batch_00
20180129,EINKBELEG,090900,0000001393,2000000097,batch_00
20180129,EINKBELEG,090900,0000001394,2000000097,user_000
20181105,EINKBELEG,143000,0000001395,2000000097,user_019
20181109,EINKBELEG,225900,0000001396,2000000097,NONE
20181112,EINKBELEG,085700,0000001397,2000000097,user_015
20190117,EINKBELEG,110000,0000001398,2000000097,user_003
20180129,EINKBELEG,075400,0000001399,2000000098,batch_00
20180129,EINKBELEG,085400,0000001400,2000000098,batch_00
20180129,EINKBELEG,085400,0000001401,2000000098,batch_00
20180129,EINKBELEG,085400,0000001402,2000000098,batch_00
20180129,EINKBELEG,085400,0000001403,2000000098,batch_00
20180129,EINKBELEG,085400,0000001404,2000000098,batch_00
20180129,EINKBELEG,085400,0000001405,2000000098,batch_00
20180129,EINKBELEG,085400,0000001406,2000000098,user_000
20180129,EINKBELEG,075400,0000001407,2000000098,batch_00
20180129,EINKBELEG,085400,0000001408,2000000098,batch_00
20180129,EINKBELEG,085400,0000001409,2000000098,batch_00
20180129,EINKBELEG,085400,0000001410,2000000098,batch_00
20180129,EINKBELEG,085400,0000001411,2000000098,batch_00
20180129,EINKBELEG,085400,0000001412,2000000098,batch_00
20180129,EINKBELEG,085400,0000001413,2000000098,batch_00
20180129,EINKBELEG,085400,0000001414,2000000098,user_000
20180129,EINKBELEG,075400,0000001415,2000000098,batch_00
20180129,EINKBELEG,085400,0000001416,2000000098,batch_00
20180129,EINKBELEG,085400,0000001417,2000000098,batch_00
20180129,EINKBELEG,085400,0000001418,2000000098,batch_00
20180129,EINKBELEG,085400,0000001419,2000000098,batch_00
20180129,EINKBELEG,085400,0000001420,2000000098,batch_00
20180129,EINKBELEG,085400,0000001421,2000000098,batch_00
20180129,EINKBELEG,085400,0000001422,2000000098,user_000
20180129,EINKBELEG,085700,0000001423,2000000099,batch_00
20180129,EINKBELEG,095700,0000001424,2000000099,batch_00
20180129,EINKBELEG,095700,0000001425,2000000099,batch_00
20180129,EINKBELEG,095700,0000001426,2000000099,batch_00
20180129,EINKBELEG,095700,0000001427,2000000099,batch_00
20180129,EINKBELEG,095700,0000001428,2000000099,batch_00
20180129,EINKBELEG,095700,0000001429,2000000099,batch_00
20180129,EINKBELEG,095700,0000001430,2000000099,user_000
20180129,EINKBELEG,093400,0000001431,2000000100,batch_00
20180129,EINKBELEG,103400,0000001432,2000000100,batch_00
20180129,EINKBELEG,103400,0000001433,2000000100,batch_00
20180129,EINKBELEG,103400,0000001434,2000000100,batch_00
20180129,EINKBELEG,103400,0000001435,2000000100,batch_00
20180129,EINKBELEG,103400,0000001436,2000000100,batch_00
20180129,EINKBELEG,103400,0000001437,2000000100,batch_00
20180129,EINKBELEG,103400,0000001438,2000000100,user_000
20180131,EINKBELEG,225900,0000001439,2000000100,NONE
20180309,EINKBELEG,225900,0000001440,2000000100,NONE
20180410,EINKBELEG,215900,0000001441,2000000100,NONE
20180426,EINKBELEG,061900,0000001442,2000000100,user_014
20180426,EINKBELEG,082100,0000001443,2000000100,user_014
20180426,EINKBELEG,082100,0000001444,2000000100,user_014
20180426,EINKBELEG,082100,0000001445,2000000100,user_014
20180426,EINKBELEG,110400,0000001446,2000000100,batch_00
20180426,EINKBELEG,110400,0000001447,2000000100,batch_00
20180426,EINKBELEG,110400,0000001448,2000000100,batch_00
20180426,EINKBELEG,110400,0000001449,2000000100,user_000
20180430,EINKBELEG,215900,0000001450,2000000100,NONE
20180531,EINKBELEG,215900,0000001451,2000000100,NONE
20180628,EINKBELEG,113400,0000001452,2000000100,user_000
20180630,EINKBELEG,215900,0000001453,2000000100,NONE
20180709,EINKBELEG,095400,0000001454,2000000100,user_015
20180727,EINKBELEG,114000,0000001455,2000000100,user_016
20180727,EINKBELEG,134000,0000001456,2000000100,user_016
20180727,EINKBELEG,134000,0000001457,2000000100,user_016
20180727,EINKBELEG,134000,0000001458,2000000100,user_016
20180730,EINKBELEG,205800,0000001459,2000000100,batch_00
20180730,EINKBELEG,205800,0000001460,2000000100,batch_00
20180730,EINKBELEG,205800,0000001461,2000000100,batch_00
20180730,EINKBELEG,205800,0000001462,2000000100,user_000
20180813,EINKBELEG,103000,0000001463,2000000100,user_004
20180903,EINKBELEG,094300,0000001464,2000000100,user_012
20181001,EINKBELEG,141600,0000001465,2000000100,user_015
20181001,EINKBELEG,153400,0000001466,2000000100,user_015
20181018,EINKBELEG,115900,0000001467,2000000100,user_010
20181018,EINKBELEG,140000,0000001468,2000000100,user_010
20181018,EINKBELEG,140000,0000001469,2000000100,user_010
20181018,EINKBELEG,140000,0000001470,2000000100,user_010
20181022,EINKBELEG,073100,0000001471,2000000100,batch_00
20181022,EINKBELEG,073100,0000001472,2000000100,batch_00
20181022,EINKBELEG,073100,0000001473,2000000100,batch_00
20181022,EINKBELEG,073100,0000001474,2000000100,user_000
20181105,EINKBELEG,111200,0000001475,2000000100,user_013
20181105,EINKBELEG,154600,0000001476,2000000100,user_015
20181106,EINKBELEG,042100,0000001477,2000000100,user_004
20181106,EINKBELEG,120300,0000001478,2000000100,user_012
20181107,EINKBELEG,025100,0000001479,2000000100,user_020
20181119,EINKBELEG,001200,0000001480,2000000100,user_000
20181121,EINKBELEG,134300,0000001481,2000000100,user_012
20181121,EINKBELEG,135400,0000001482,2000000100,user_012
20190117,EINKBELEG,110000,0000001483,2000000100,user_003
20190117,EINKBELEG,110000,0000001484,2000000100,user_003
20190430,EINKBELEG,215900,0000001485,2000000100,NONE
20180129,EINKBELEG,095800,0000001486,2000000101,batch_00
20180129,EINKBELEG,105800,0000001487,2000000101,batch_00
20180129,EINKBELEG,105800,0000001488,2000000101,batch_00
20180129,EINKBELEG,105800,0000001489,2000000101,batch_00
20180129,EINKBELEG,105800,0000001490,2000000101,batch_00
20180129,EINKBELEG,105900,0000001491,2000000101,batch_00
20180129,EINKBELEG,105900,0000001492,2000000101,batch_00
20180129,EINKBELEG,105900,0000001493,2000000101,user_000
20180206,EINKBELEG,064500,0000001494,2000000101,user_026
20180206,EINKBELEG,074500,0000001495,2000000101,user_026
20180206,EINKBELEG,074500,0000001496,2000000101,user_026
20180206,EINKBELEG,074500,0000001497,2000000101,user_026
20180206,EINKBELEG,120200,0000001498,2000000101,batch_00
20180206,EINKBELEG,120200,0000001499,2000000101,batch_00
20180206,EINKBELEG,121200,0000001500,2000000101,batch_00
20180206,EINKBELEG,121200,0000001501,2000000101,user_000
20180129,EINKBELEG,105200,0000001502,2000000102,batch_00
20180129,EINKBELEG,115200,0000001503,2000000102,batch_00
20180129,EINKBELEG,115200,0000001504,2000000102,batch_00
20180129,EINKBELEG,115200,0000001505,2000000102,batch_00
20180129,EINKBELEG,115200,0000001506,2000000102,batch_00
20180129,EINKBELEG,115200,0000001507,2000000102,batch_00
20180129,EINKBELEG,115200,0000001508,2000000102,user_000
20180129,EINKBELEG,115200,0000001509,2000000102,batch_00
20180718,EINKBELEG,062200,0000001510,2000000102,user_014
20180718,EINKBELEG,082200,0000001511,2000000102,user_014
20180718,EINKBELEG,082200,0000001512,2000000102,user_014
20180718,EINKBELEG,082200,0000001513,2000000102,user_014
20180718,EINKBELEG,082200,0000001514,2000000102,batch_00
20180718,EINKBELEG,082200,0000001515,2000000102,batch_00
20180718,EINKBELEG,082200,0000001516,2000000102,batch_00
20180806,EINKBELEG,052600,0000001517,2000000102,user_014
20180806,EINKBELEG,072700,0000001518,2000000102,user_014
20180806,EINKBELEG,072700,0000001519,2000000102,user_014
20180806,EINKBELEG,072700,0000001520,2000000102,user_014
20180806,EINKBELEG,072800,0000001521,2000000102,batch_00
20180806,EINKBELEG,072800,0000001522,2000000102,batch_00
20180806,EINKBELEG,072800,0000001523,2000000102,batch_00
20180810,EINKBELEG,074800,0000001524,2000000102,user_016
20180810,EINKBELEG,094900,0000001525,2000000102,user_016
20180810,EINKBELEG,094900,0000001526,2000000102,user_016
20180810,EINKBELEG,094900,0000001527,2000000102,user_016
20180810,EINKBELEG,094900,0000001528,2000000102,batch_00
20180810,EINKBELEG,094900,0000001529,2000000102,batch_00
20180810,EINKBELEG,094900,0000001530,2000000102,batch_00
20180918,EINKBELEG,053500,0000001531,2000000102,user_010
20180918,EINKBELEG,073500,0000001532,2000000102,user_010
20180918,EINKBELEG,073500,0000001533,2000000102,user_010
20180918,EINKBELEG,073500,0000001534,2000000102,user_010
20180918,EINKBELEG,073500,0000001535,2000000102,batch_00
20180918,EINKBELEG,073500,0000001536,2000000102,batch_00
20180918,EINKBELEG,073500,0000001537,2000000102,batch_00
20181004,EINKBELEG,115000,0000001538,2000000102,user_014
20181004,EINKBELEG,135100,0000001539,2000000102,user_014
20181004,EINKBELEG,135100,0000001540,2000000102,user_014
20181004,EINKBELEG,135100,0000001541,2000000102,user_014
20181010,EINKBELEG,143900,0000001542,2000000102,batch_00
20181010,EINKBELEG,143900,0000001543,2000000102,batch_00
20181010,EINKBELEG,143900,0000001544,2000000102,batch_00
20181010,EINKBELEG,143900,0000001545,2000000102,user_000
20180129,EINKBELEG,123500,0000001546,2000000103,batch_00
20180129,EINKBELEG,133500,0000001547,2000000103,batch_00
20180129,EINKBELEG,133500,0000001548,2000000103,batch_00
20180129,EINKBELEG,133500,0000001549,2000000103,batch_00
20180129,EINKBELEG,133500,0000001550,2000000103,batch_00
20180129,EINKBELEG,133500,0000001551,2000000103,batch_00
20180129,EINKBELEG,133500,0000001552,2000000103,batch_00
20180129,EINKBELEG,133500,0000001553,2000000103,user_000
20180129,EINKBELEG,131600,0000001554,2000000104,batch_00
20180129,EINKBELEG,141600,0000001555,2000000104,batch_00
20180129,EINKBELEG,141600,0000001556,2000000104,batch_00
20180129,EINKBELEG,141600,0000001557,2000000104,batch_00
20180129,EINKBELEG,141600,0000001558,2000000104,batch_00
20180129,EINKBELEG,141600,0000001559,2000000104,batch_00
20180129,EINKBELEG,141600,0000001560,2000000104,batch_00
20180129,EINKBELEG,141600,0000001561,2000000104,user_000
20180129,EINKBELEG,132700,0000001562,2000000105,batch_00
20180129,EINKBELEG,142700,0000001563,2000000105,batch_00
20180129,EINKBELEG,142700,0000001564,2000000105,batch_00
20180129,EINKBELEG,142700,0000001565,2000000105,batch_00
20180129,EINKBELEG,142700,0000001566,2000000105,batch_00
20180129,EINKBELEG,142700,0000001567,2000000105,batch_00
20180129,EINKBELEG,142700,0000001568,2000000105,batch_00
20180129,EINKBELEG,142700,0000001569,2000000105,user_000
20180130,EINKBELEG,052600,0000001570,2000000106,batch_00
20180130,EINKBELEG,062600,0000001571,2000000106,batch_00
20180130,EINKBELEG,062600,0000001572,2000000106,batch_00
20180130,EINKBELEG,062600,0000001573,2000000106,batch_00
20180130,EINKBELEG,062600,0000001574,2000000106,batch_00
20180130,EINKBELEG,062600,0000001575,2000000106,batch_00
20180130,EINKBELEG,062600,0000001576,2000000106,batch_00
20180130,EINKBELEG,062600,0000001577,2000000106,user_000
20180227,EINKBELEG,113600,0000001578,2000000106,user_016
20180227,EINKBELEG,123600,0000001579,2000000106,user_016
20180227,EINKBELEG,123600,0000001580,2000000106,user_016
20180227,EINKBELEG,123600,0000001581,2000000106,user_016
20180227,EINKBELEG,123600,0000001582,2000000106,batch_00
20180227,EINKBELEG,123600,0000001583,2000000106,batch_00
20180227,EINKBELEG,123600,0000001584,2000000106,batch_00
20180130,EINKBELEG,090800,0000001585,2000000107,batch_00
20180130,EINKBELEG,100800,0000001586,2000000107,batch_00
20180130,EINKBELEG,100800,0000001587,2000000107,batch_00
20180130,EINKBELEG,100800,0000001588,2000000107,batch_00
20180130,EINKBELEG,100800,0000001589,2000000107,batch_00
20180130,EINKBELEG,100800,0000001590,2000000107,batch_00
20180130,EINKBELEG,101000,0000001591,2000000107,batch_00
20180130,EINKBELEG,101000,0000001592,2000000107,user_000
20190117,EINKBELEG,110000,0000001593,2000000107,user_003
20190117,EINKBELEG,110000,0000001594,2000000107,user_000
20180130,EINKBELEG,092300,0000001595,2000000108,batch_00
20180130,EINKBELEG,102300,0000001596,2000000108,batch_00
20180130,EINKBELEG,102300,0000001597,2000000108,batch_00
20180130,EINKBELEG,102300,0000001598,2000000108,batch_00
20180130,EINKBELEG,102300,0000001599,2000000108,batch_00
20180130,EINKBELEG,102300,0000001600,2000000108,batch_00
20180130,EINKBELEG,102300,0000001601,2000000108,batch_00
20180130,EINKBELEG,102300,0000001602,2000000108,user_000
20190117,EINKBELEG,110000,0000001603,2000000108,user_003
20190117,EINKBELEG,110000,0000001604,2000000108,user_003
20180130,EINKBELEG,103400,0000001605,2000000109,batch_00
20180130,EINKBELEG,113400,0000001606,2000000109,batch_00
20180130,EINKBELEG,113400,0000001607,2000000109,batch_00
20180130,EINKBELEG,113400,0000001608,2000000109,batch_00
20180130,EINKBELEG,113400,0000001609,2000000109,batch_00
20180130,EINKBELEG,113400,0000001610,2000000109,batch_00
20180130,EINKBELEG,113400,0000001611,2000000109,batch_00
20180130,EINKBELEG,113400,0000001612,2000000109,user_000
20180130,EINKBELEG,111300,0000001613,2000000110,batch_00
20180130,EINKBELEG,121300,0000001614,2000000110,batch_00
20180130,EINKBELEG,121300,0000001615,2000000110,batch_00
20180130,EINKBELEG,121300,0000001616,2000000110,batch_00
20180130,EINKBELEG,121300,0000001617,2000000110,batch_00
20180130,EINKBELEG,121300,0000001618,2000000110,batch_00
20180130,EINKBELEG,121300,0000001619,2000000110,user_000
20180130,EINKBELEG,121300,0000001620,2000000110,batch_00
20180130,EINKBELEG,121700,0000001621,2000000111,batch_00
20180130,EINKBELEG,131700,0000001622,2000000111,batch_00
20180130,EINKBELEG,131700,0000001623,2000000111,batch_00
20180130,EINKBELEG,131700,0000001624,2000000111,batch_00
20180130,EINKBELEG,131700,0000001625,2000000111,batch_00
20180130,EINKBELEG,131700,0000001626,2000000111,batch_00
20180130,EINKBELEG,131700,0000001627,2000000111,batch_00
20180130,EINKBELEG,131700,0000001628,2000000111,user_000
20190117,EINKBELEG,110000,0000001629,2000000111,user_003
20190117,EINKBELEG,110000,0000001630,2000000111,user_003
20180130,EINKBELEG,124900,0000001631,2000000112,batch_00
20180130,EINKBELEG,134900,0000001632,2000000112,batch_00
20180130,EINKBELEG,134900,0000001633,2000000112,batch_00
20180130,EINKBELEG,134900,0000001634,2000000112,batch_00
20180130,EINKBELEG,134900,0000001635,2000000112,batch_00
20180130,EINKBELEG,134900,0000001636,2000000112,batch_00
20180130,EINKBELEG,134900,0000001637,2000000112,batch_00
20180130,EINKBELEG,134900,0000001638,2000000112,user_000
20180130,EINKBELEG,125400,0000001639,2000000113,batch_00
20180130,EINKBELEG,135400,0000001640,2000000113,batch_00
20180130,EINKBELEG,135400,0000001641,2000000113,batch_00
20180130,EINKBELEG,135400,0000001642,2000000113,batch_00
20180130,EINKBELEG,135400,0000001643,2000000113,batch_00
20180130,EINKBELEG,135400,0000001644,2000000113,batch_00
20180130,EINKBELEG,135400,0000001645,2000000113,batch_00
20180130,EINKBELEG,135400,0000001646,2000000113,user_000
20180130,EINKBELEG,134100,0000001647,2000000114,batch_00
20180130,EINKBELEG,144100,0000001648,2000000114,batch_00
20180130,EINKBELEG,144100,0000001649,2000000114,batch_00
20180130,EINKBELEG,144100,0000001650,2000000114,batch_00
20180130,EINKBELEG,144100,0000001651,2000000114,batch_00
20180130,EINKBELEG,144100,0000001652,2000000114,batch_00
20180130,EINKBELEG,144100,0000001653,2000000114,user_000
20180130,EINKBELEG,144100,0000001654,2000000114,batch_00
20180724,EINKBELEG,101000,0000001655,2000000114,user_009
20180724,EINKBELEG,121100,0000001656,2000000114,user_009
20180724,EINKBELEG,121100,0000001657,2000000114,user_009
20180724,EINKBELEG,121100,0000001658,2000000114,user_009
20180724,EINKBELEG,133800,0000001659,2000000114,batch_00
20180724,EINKBELEG,133800,0000001660,2000000114,batch_00
20180724,EINKBELEG,133800,0000001661,2000000114,batch_00
20180724,EINKBELEG,133800,0000001662,2000000114,user_000
20181211,EINKBELEG,004000,0000001663,2000000114,user_021
20181211,EINKBELEG,014300,0000001664,2000000114,user_021
20181211,EINKBELEG,014300,0000001665,2000000114,user_021
20181211,EINKBELEG,014300,0000001666,2000000114,user_021
20181211,EINKBELEG,083800,0000001667,2000000114,batch_00
20181211,EINKBELEG,083800,0000001668,2000000114,batch_00
20181211,EINKBELEG,083800,0000001669,2000000114,batch_00
20190117,EINKBELEG,110000,0000001670,2000000114,user_003
20190117,EINKBELEG,110000,0000001671,2000000114,user_003
20180130,EINKBELEG,134000,0000001672,2000000115,batch_00
20180130,EINKBELEG,144000,0000001673,2000000115,batch_00
20180130,EINKBELEG,144000,0000001674,2000000115,batch_00
20180130,EINKBELEG,144000,0000001675,2000000115,batch_00
20180130,EINKBELEG,144000,0000001676,2000000115,batch_00
20180130,EINKBELEG,144000,0000001677,2000000115,batch_00
20180130,EINKBELEG,144000,0000001678,2000000115,batch_00
20180130,EINKBELEG,144000,0000001679,2000000115,user_000
20180320,EINKBELEG,225900,0000001680,2000000115,NONE
20180426,EINKBELEG,061000,0000001681,2000000115,user_014
20180426,EINKBELEG,081100,0000001682,2000000115,user_014
20180426,EINKBELEG,081100,0000001683,2000000115,user_014
20180426,EINKBELEG,081100,0000001684,2000000115,user_014
20180426,EINKBELEG,110400,0000001685,2000000115,batch_00
20180426,EINKBELEG,110400,0000001686,2000000115,batch_00
20180426,EINKBELEG,110400,0000001687,2000000115,batch_00
20180426,EINKBELEG,110400,0000001688,2000000115,user_000
20180525,EINKBELEG,060900,0000001689,2000000115,user_011
20180531,EINKBELEG,093200,0000001690,2000000115,user_010
20180531,EINKBELEG,113300,0000001691,2000000115,user_010
20180531,EINKBELEG,113300,0000001692,2000000115,user_010
20180531,EINKBELEG,113300,0000001693,2000000115,user_010
20180531,EINKBELEG,134100,0000001694,2000000115,batch_00
20180531,EINKBELEG,134100,0000001695,2000000115,batch_00
20180531,EINKBELEG,134100,0000001696,2000000115,batch_00
20180531,EINKBELEG,134100,0000001697,2000000115,user_000
20190117,EINKBELEG,110000,0000001698,2000000115,user_003
20190117,EINKBELEG,110000,0000001699,2000000115,user_003
20180131,EINKBELEG,061500,0000001700,2000000116,batch_00
20180131,EINKBELEG,071500,0000001701,2000000116,batch_00
20180131,EINKBELEG,071500,0000001702,2000000116,batch_00
20180131,EINKBELEG,071500,0000001703,2000000116,batch_00
20180131,EINKBELEG,071500,0000001704,2000000116,batch_00
20180131,EINKBELEG,071500,0000001705,2000000116,batch_00
20180131,EINKBELEG,071500,0000001706,2000000116,batch_00
20180131,EINKBELEG,071500,0000001707,2000000116,user_000
20180309,EINKBELEG,225900,0000001708,2000000116,NONE
20181024,EINKBELEG,142100,0000001709,2000000116,user_012
20181025,EINKBELEG,002300,0000001710,2000000116,batch_02
20180131,EINKBELEG,084000,0000001711,2000000117,batch_00
20180131,EINKBELEG,094000,0000001712,2000000117,batch_00
20180131,EINKBELEG,094000,0000001713,2000000117,batch_00
20180131,EINKBELEG,094000,0000001714,2000000117,batch_00
20180131,EINKBELEG,094000,0000001715,2000000117,batch_00
20180131,EINKBELEG,094000,0000001716,2000000117,batch_00
20180131,EINKBELEG,094000,0000001717,2000000117,batch_00
20180131,EINKBELEG,094000,0000001718,2000000117,user_000
20180131,EINKBELEG,084000,0000001719,2000000117,batch_00
20180131,EINKBELEG,094000,0000001720,2000000117,batch_00
20180131,EINKBELEG,094000,0000001721,2000000117,batch_00
20180131,EINKBELEG,094000,0000001722,2000000117,batch_00
20180131,EINKBELEG,094000,0000001723,2000000117,batch_00
20180131,EINKBELEG,094000,0000001724,2000000117,batch_00
20180131,EINKBELEG,094000,0000001725,2000000117,batch_00
20180131,EINKBELEG,094000,0000001726,2000000117,user_000
20180131,EINKBELEG,084000,0000001727,2000000117,batch_00
20180131,EINKBELEG,094000,0000001728,2000000117,batch_00
20180131,EINKBELEG,094000,0000001729,2000000117,batch_00
20180131,EINKBELEG,094000,0000001730,2000000117,batch_00
20180131,EINKBELEG,094000,0000001731,2000000117,batch_00
20180131,EINKBELEG,094000,0000001732,2000000117,batch_00
20180131,EINKBELEG,094000,0000001733,2000000117,batch_00
20180131,EINKBELEG,094000,0000001734,2000000117,user_000
20180131,EINKBELEG,084000,0000001735,2000000117,batch_00
20180131,EINKBELEG,094000,0000001736,2000000117,batch_00
20180131,EINKBELEG,094000,0000001737,2000000117,batch_00
20180131,EINKBELEG,094000,0000001738,2000000117,batch_00
20180131,EINKBELEG,094000,0000001739,2000000117,batch_00
20180131,EINKBELEG,094000,0000001740,2000000117,batch_00
20180131,EINKBELEG,094000,0000001741,2000000117,batch_00
20180131,EINKBELEG,094000,0000001742,2000000117,user_000
20180131,EINKBELEG,084000,0000001743,2000000117,batch_00
20180131,EINKBELEG,094000,0000001744,2000000117,batch_00
20180131,EINKBELEG,094000,0000001745,2000000117,batch_00
20180131,EINKBELEG,094000,0000001746,2000000117,batch_00
20180131,EINKBELEG,094000,0000001747,2000000117,batch_00
20180131,EINKBELEG,094000,0000001748,2000000117,batch_00
20180131,EINKBELEG,094000,0000001749,2000000117,batch_00
20180131,EINKBELEG,094000,0000001750,2000000117,user_000
20180131,EINKBELEG,084000,0000001751,2000000117,batch_00
20180131,EINKBELEG,094000,0000001752,2000000117,batch_00
20180131,EINKBELEG,094000,0000001753,2000000117,batch_00
20180131,EINKBELEG,094000,0000001754,2000000117,batch_00
20180131,EINKBELEG,094000,0000001755,2000000117,batch_00
20180131,EINKBELEG,094000,0000001756,2000000117,batch_00
20180131,EINKBELEG,094000,0000001757,2000000117,batch_00
20180131,EINKBELEG,094000,0000001758,2000000117,user_000
20180131,EINKBELEG,110600,0000001759,2000000118,batch_00
20180131,EINKBELEG,120600,0000001760,2000000118,batch_00
20180131,EINKBELEG,120600,0000001761,2000000118,batch_00
20180131,EINKBELEG,120600,0000001762,2000000118,batch_00
20180131,EINKBELEG,120600,0000001763,2000000118,batch_00
20180131,EINKBELEG,120600,0000001764,2000000118,batch_00
20180131,EINKBELEG,120600,0000001765,2000000118,batch_00
20180131,EINKBELEG,120600,0000001766,2000000118,user_000
20180131,EINKBELEG,121200,0000001767,2000000119,batch_00
20180131,EINKBELEG,131200,0000001768,2000000119,batch_00
20180131,EINKBELEG,131200,0000001769,2000000119,batch_00
20180131,EINKBELEG,131200,0000001770,2000000119,batch_00
20180131,EINKBELEG,131300,0000001771,2000000119,batch_00
20180131,EINKBELEG,131300,0000001772,2000000119,batch_00
20180131,EINKBELEG,131300,0000001773,2000000119,batch_00
20180131,EINKBELEG,131300,0000001774,2000000119,user_000
20180131,EINKBELEG,130300,0000001775,2000000120,batch_00
20180131,EINKBELEG,140300,0000001776,2000000120,batch_00
20180131,EINKBELEG,140300,0000001777,2000000120,batch_00
20180131,EINKBELEG,140300,0000001778,2000000120,batch_00
20180131,EINKBELEG,140400,0000001779,2000000120,batch_00
20180131,EINKBELEG,140400,0000001780,2000000120,batch_00
20180131,EINKBELEG,140500,0000001781,2000000120,batch_00
20180131,EINKBELEG,140500,0000001782,2000000120,user_000
20180201,EINKBELEG,065200,0000001783,2000000121,batch_00
20180201,EINKBELEG,075200,0000001784,2000000121,batch_00
20180201,EINKBELEG,075200,0000001785,2000000121,batch_00
20180201,EINKBELEG,075200,0000001786,2000000121,batch_00
20180201,EINKBELEG,075200,0000001787,2000000121,batch_00
20180201,EINKBELEG,075200,0000001788,2000000121,batch_00
20180201,EINKBELEG,075200,0000001789,2000000121,batch_00
20180201,EINKBELEG,075200,0000001790,2000000121,user_000
20180201,EINKBELEG,065200,0000001791,2000000121,batch_00
20180201,EINKBELEG,075200,0000001792,2000000121,batch_00
20180201,EINKBELEG,075200,0000001793,2000000121,batch_00
20180201,EINKBELEG,075200,0000001794,2000000121,batch_00
20180201,EINKBELEG,075200,0000001795,2000000121,batch_00
20180201,EINKBELEG,075200,0000001796,2000000121,batch_00
20180201,EINKBELEG,075200,0000001797,2000000121,batch_00
20180201,EINKBELEG,075200,0000001798,2000000121,user_000
20180201,EINKBELEG,065200,0000001799,2000000121,batch_00
20180201,EINKBELEG,075200,0000001800,2000000121,batch_00
20180201,EINKBELEG,075200,0000001801,2000000121,batch_00
20180201,EINKBELEG,075200,0000001802,2000000121,batch_00
20180201,EINKBELEG,075200,0000001803,2000000121,batch_00
20180201,EINKBELEG,075200,0000001804,2000000121,batch_00
20180201,EINKBELEG,075200,0000001805,2000000121,batch_00
20180201,EINKBELEG,075200,0000001806,2000000121,user_000
20180201,EINKBELEG,065200,0000001807,2000000121,batch_00
20180201,EINKBELEG,075200,0000001808,2000000121,batch_00
20180201,EINKBELEG,075200,0000001809,2000000121,batch_00
20180201,EINKBELEG,075200,0000001810,2000000121,batch_00
20180201,EINKBELEG,075200,0000001811,2000000121,batch_00
20180201,EINKBELEG,075200,0000001812,2000000121,batch_00
20180201,EINKBELEG,075200,0000001813,2000000121,batch_00
20180201,EINKBELEG,075200,0000001814,2000000121,user_000
20180201,EINKBELEG,065200,0000001815,2000000121,batch_00
20180201,EINKBELEG,075200,0000001816,2000000121,batch_00
20180201,EINKBELEG,075200,0000001817,2000000121,batch_00
20180201,EINKBELEG,075200,0000001818,2000000121,batch_00
20180201,EINKBELEG,075200,0000001819,2000000121,batch_00
20180201,EINKBELEG,075200,0000001820,2000000121,batch_00
20180201,EINKBELEG,075200,0000001821,2000000121,batch_00
20180201,EINKBELEG,075200,0000001822,2000000121,user_000
20180201,EINKBELEG,065200,0000001823,2000000121,batch_00
20180201,EINKBELEG,075200,0000001824,2000000121,batch_00
20180201,EINKBELEG,075200,0000001825,2000000121,batch_00
20180201,EINKBELEG,075200,0000001826,2000000121,batch_00
20180201,EINKBELEG,075200,0000001827,2000000121,batch_00
20180201,EINKBELEG,075200,0000001828,2000000121,batch_00
20180201,EINKBELEG,075200,0000001829,2000000121,batch_00
20180201,EINKBELEG,075200,0000001830,2000000121,user_000
20180201,EINKBELEG,065200,0000001831,2000000121,batch_00
20180201,EINKBELEG,075200,0000001832,2000000121,batch_00
20180201,EINKBELEG,075200,0000001833,2000000121,batch_00
20180201,EINKBELEG,075200,0000001834,2000000121,batch_00
20180201,EINKBELEG,075200,0000001835,2000000121,batch_00
20180201,EINKBELEG,075200,0000001836,2000000121,batch_00
20180201,EINKBELEG,075200,0000001837,2000000121,batch_00
20180201,EINKBELEG,075200,0000001838,2000000121,user_000
20180201,EINKBELEG,065200,0000001839,2000000121,batch_00
20180201,EINKBELEG,075200,0000001840,2000000121,batch_00
20180201,EINKBELEG,075200,0000001841,2000000121,batch_00
20180201,EINKBELEG,075200,0000001842,2000000121,batch_00
20180201,EINKBELEG,075200,0000001843,2000000121,batch_00
20180201,EINKBELEG,075200,0000001844,2000000121,batch_00
20180201,EINKBELEG,075200,0000001845,2000000121,batch_00
20180201,EINKBELEG,075200,0000001846,2000000121,user_000
20180201,EINKBELEG,065200,0000001847,2000000121,batch_00
20180201,EINKBELEG,075200,0000001848,2000000121,batch_00
20180201,EINKBELEG,075200,0000001849,2000000121,batch_00
20180201,EINKBELEG,075200,0000001850,2000000121,batch_00
20180201,EINKBELEG,075200,0000001851,2000000121,batch_00
20180201,EINKBELEG,075200,0000001852,2000000121,batch_00
20180201,EINKBELEG,075200,0000001853,2000000121,batch_00
20180201,EINKBELEG,075200,0000001854,2000000121,user_000
20180201,EINKBELEG,065200,0000001855,2000000121,batch_00
20180201,EINKBELEG,075200,0000001856,2000000121,batch_00
20180201,EINKBELEG,075200,0000001857,2000000121,batch_00
20180201,EINKBELEG,075200,0000001858,2000000121,batch_00
20180201,EINKBELEG,075200,0000001859,2000000121,batch_00
20180201,EINKBELEG,075200,0000001860,2000000121,batch_00
20180201,EINKBELEG,075200,0000001861,2000000121,batch_00
20180201,EINKBELEG,075200,0000001862,2000000121,user_000
20180201,EINKBELEG,065200,0000001863,2000000121,batch_00
20180201,EINKBELEG,075200,0000001864,2000000121,batch_00
20180201,EINKBELEG,075200,0000001865,2000000121,batch_00
20180201,EINKBELEG,075200,0000001866,2000000121,batch_00
20180201,EINKBELEG,075200,0000001867,2000000121,batch_00
20180201,EINKBELEG,075200,0000001868,2000000121,batch_00
20180201,EINKBELEG,075200,0000001869,2000000121,batch_00
20180201,EINKBELEG,075200,0000001870,2000000121,user_000
20180201,EINKBELEG,091300,0000001871,2000000122,batch_00
20180201,EINKBELEG,101300,0000001872,2000000122,batch_00
20180201,EINKBELEG,101300,0000001873,2000000122,batch_00
20180201,EINKBELEG,101300,0000001874,2000000122,batch_00
20180201,EINKBELEG,101300,0000001875,2000000122,batch_00
20180201,EINKBELEG,101300,0000001876,2000000122,batch_00
20180201,EINKBELEG,101300,0000001877,2000000122,batch_00
20180201,EINKBELEG,101300,0000001878,2000000122,user_000
20180223,EINKBELEG,083400,0000001879,2000000122,user_022
20180223,EINKBELEG,093800,0000001880,2000000122,user_022
20180223,EINKBELEG,093800,0000001881,2000000122,user_022
20180223,EINKBELEG,093800,0000001882,2000000122,user_022
20180407,EINKBELEG,212400,0000001883,2000000122,batch_00
20180407,EINKBELEG,212400,0000001884,2000000122,batch_00
20180407,EINKBELEG,212400,0000001885,2000000122,batch_00
20180407,EINKBELEG,212400,0000001886,2000000122,user_000
20180201,EINKBELEG,095000,0000001887,2000000123,batch_00
20180201,EINKBELEG,105000,0000001888,2000000123,batch_00
20180201,EINKBELEG,105000,0000001889,2000000123,batch_00
20180201,EINKBELEG,105000,0000001890,2000000123,batch_00
20180201,EINKBELEG,105000,0000001891,2000000123,batch_00
20180201,EINKBELEG,105000,0000001892,2000000123,batch_00
20180201,EINKBELEG,105000,0000001893,2000000123,batch_00
20180201,EINKBELEG,105000,0000001894,2000000123,user_000
20180201,EINKBELEG,095000,0000001895,2000000123,batch_00
20180201,EINKBELEG,105000,0000001896,2000000123,batch_00
20180201,EINKBELEG,105000,0000001897,2000000123,batch_00
20180201,EINKBELEG,105000,0000001898,2000000123,batch_00
20180201,EINKBELEG,105000,0000001899,2000000123,batch_00
20180201,EINKBELEG,105000,0000001900,2000000123,batch_00
20180201,EINKBELEG,105000,0000001901,2000000123,batch_00
20180201,EINKBELEG,105000,0000001902,2000000123,user_000
20180201,EINKBELEG,095000,0000001903,2000000123,batch_00
20180201,EINKBELEG,105000,0000001904,2000000123,batch_00
20180201,EINKBELEG,105000,0000001905,2000000123,batch_00
20180201,EINKBELEG,105000,0000001906,2000000123,batch_00
20180201,EINKBELEG,105000,0000001907,2000000123,batch_00
20180201,EINKBELEG,105000,0000001908,2000000123,batch_00
20180201,EINKBELEG,105000,0000001909,2000000123,batch_00
20180201,EINKBELEG,105000,0000001910,2000000123,user_000
20180201,EINKBELEG,095000,0000001911,2000000123,batch_00
20180201,EINKBELEG,105000,0000001912,2000000123,batch_00
20180201,EINKBELEG,105000,0000001913,2000000123,batch_00
20180201,EINKBELEG,105000,0000001914,2000000123,batch_00
20180201,EINKBELEG,105000,0000001915,2000000123,batch_00
20180201,EINKBELEG,105000,0000001916,2000000123,batch_00
20180201,EINKBELEG,105000,0000001917,2000000123,batch_00
20180201,EINKBELEG,105000,0000001918,2000000123,user_000
20180201,EINKBELEG,095000,0000001919,2000000123,batch_00
20180201,EINKBELEG,105000,0000001920,2000000123,batch_00
20180201,EINKBELEG,105000,0000001921,2000000123,batch_00
20180201,EINKBELEG,105000,0000001922,2000000123,batch_00
20180201,EINKBELEG,105000,0000001923,2000000123,batch_00
20180201,EINKBELEG,105000,0000001924,2000000123,batch_00
20180201,EINKBELEG,105000,0000001925,2000000123,batch_00
20180201,EINKBELEG,105000,0000001926,2000000123,user_000
20180201,EINKBELEG,095000,0000001927,2000000124,batch_00
20180201,EINKBELEG,105000,0000001928,2000000124,batch_00
20180201,EINKBELEG,105000,0000001929,2000000124,batch_00
20180201,EINKBELEG,105000,0000001930,2000000124,batch_00
20180201,EINKBELEG,105000,0000001931,2000000124,batch_00
20180201,EINKBELEG,105000,0000001932,2000000124,batch_00
20180201,EINKBELEG,105000,0000001933,2000000124,user_000
20180201,EINKBELEG,105000,0000001934,2000000124,batch_00
20180201,EINKBELEG,095000,0000001935,2000000124,batch_00
20180201,EINKBELEG,105000,0000001936,2000000124,batch_00
20180201,EINKBELEG,105000,0000001937,2000000124,batch_00
20180201,EINKBELEG,105000,0000001938,2000000124,batch_00
20180201,EINKBELEG,105000,0000001939,2000000124,batch_00
20180201,EINKBELEG,105000,0000001940,2000000124,batch_00
20180201,EINKBELEG,105000,0000001941,2000000124,user_000
20180201,EINKBELEG,105000,0000001942,2000000124,batch_00
20180201,EINKBELEG,095000,0000001943,2000000125,batch_00
20180201,EINKBELEG,105000,0000001944,2000000125,batch_00
20180201,EINKBELEG,105000,0000001945,2000000125,batch_00
20180201,EINKBELEG,105000,0000001946,2000000125,batch_00
20180201,EINKBELEG,105000,0000001947,2000000125,batch_00
20180201,EINKBELEG,105000,0000001948,2000000125,batch_00
20180201,EINKBELEG,105000,0000001949,2000000125,batch_00
20180201,EINKBELEG,105000,0000001950,2000000125,user_000
20180201,EINKBELEG,095000,0000001951,2000000125,batch_00
20180201,EINKBELEG,105000,0000001952,2000000125,batch_00
20180201,EINKBELEG,105000,0000001953,2000000125,batch_00
20180201,EINKBELEG,105000,0000001954,2000000125,batch_00
20180201,EINKBELEG,105000,0000001955,2000000125,batch_00
20180201,EINKBELEG,105000,0000001956,2000000125,batch_00
20180201,EINKBELEG,105000,0000001957,2000000125,batch_00
20180201,EINKBELEG,105000,0000001958,2000000125,user_000
20180201,EINKBELEG,101400,0000001959,2000000126,batch_00
20180201,EINKBELEG,111400,0000001960,2000000126,batch_00
20180201,EINKBELEG,111400,0000001961,2000000126,batch_00
20180201,EINKBELEG,111400,0000001962,2000000126,batch_00
20180201,EINKBELEG,111400,0000001963,2000000126,batch_00
20180201,EINKBELEG,111400,0000001964,2000000126,batch_00
20180201,EINKBELEG,111400,0000001965,2000000126,user_000
20180201,EINKBELEG,111400,0000001966,2000000126,batch_00
20180201,EINKBELEG,101400,0000001967,2000000126,batch_00
20180201,EINKBELEG,111400,0000001968,2000000126,batch_00
20180201,EINKBELEG,111400,0000001969,2000000126,batch_00
20180201,EINKBELEG,111400,0000001970,2000000126,batch_00
20180201,EINKBELEG,111400,0000001971,2000000126,batch_00
20180201,EINKBELEG,111400,0000001972,2000000126,batch_00
20180201,EINKBELEG,111400,0000001973,2000000126,user_000
20180201,EINKBELEG,111400,0000001974,2000000126,batch_00
20180201,EINKBELEG,101400,0000001975,2000000126,batch_00
20180201,EINKBELEG,111400,0000001976,2000000126,batch_00
20180201,EINKBELEG,111400,0000001977,2000000126,batch_00
20180201,EINKBELEG,111400,0000001978,2000000126,batch_00
20180201,EINKBELEG,111400,0000001979,2000000126,batch_00
20180201,EINKBELEG,111400,0000001980,2000000126,batch_00
20180201,EINKBELEG,111400,0000001981,2000000126,user_000
20180201,EINKBELEG,111400,0000001982,2000000126,batch_00
20180201,EINKBELEG,153900,0000001983,2000000127,batch_00
20180201,EINKBELEG,163900,0000001984,2000000127,batch_00
20180201,EINKBELEG,163900,0000001985,2000000127,batch_00
20180201,EINKBELEG,163900,0000001986,2000000127,batch_00
20180201,EINKBELEG,163900,0000001987,2000000127,batch_00
20180201,EINKBELEG,163900,0000001988,2000000127,batch_00
20180201,EINKBELEG,163900,0000001989,2000000127,batch_00
20180201,EINKBELEG,163900,0000001990,2000000127,user_000
20180202,EINKBELEG,132400,0000001991,2000000128,batch_00
20180202,EINKBELEG,142400,0000001992,2000000128,batch_00
20180202,EINKBELEG,142400,0000001993,2000000128,batch_00
20180202,EINKBELEG,142400,0000001994,2000000128,batch_00
20180202,EINKBELEG,142400,0000001995,2000000128,batch_00
20180202,EINKBELEG,142400,0000001996,2000000128,batch_00
20180202,EINKBELEG,142400,0000001997,2000000128,user_000
20180202,EINKBELEG,142400,0000001998,2000000128,batch_00
20180322,EINKBELEG,101200,0000001999,2000000128,user_009
20180322,EINKBELEG,111200,0000002000,2000000128,user_009
20180322,EINKBELEG,111200,0000002001,2000000128,user_009
20180322,EINKBELEG,111200,0000002002,2000000128,user_009
20180322,EINKBELEG,121200,0000002003,2000000128,batch_00
20180322,EINKBELEG,121200,0000002004,2000000128,batch_00
20180322,EINKBELEG,121200,0000002005,2000000128,batch_00
20180322,EINKBELEG,121200,0000002006,2000000128,user_000
20180205,EINKBELEG,074900,0000002007,2000000129,batch_00
20180205,EINKBELEG,084900,0000002008,2000000129,batch_00
20180205,EINKBELEG,084900,0000002009,2000000129,batch_00
20180205,EINKBELEG,084900,0000002010,2000000129,batch_00
20180205,EINKBELEG,084900,0000002011,2000000129,batch_00
20180205,EINKBELEG,084900,0000002012,2000000129,batch_00
20180205,EINKBELEG,084900,0000002013,2000000129,batch_00
20180205,EINKBELEG,084900,0000002014,2000000129,user_000
20180206,EINKBELEG,084600,0000002015,2000000130,batch_00
20180206,EINKBELEG,094600,0000002016,2000000130,batch_00
20180206,EINKBELEG,094600,0000002017,2000000130,batch_00
20180206,EINKBELEG,094600,0000002018,2000000130,batch_00
20180206,EINKBELEG,094600,0000002019,2000000130,batch_00
20180206,EINKBELEG,094600,0000002020,2000000130,batch_00
20180206,EINKBELEG,094600,0000002021,2000000130,batch_00
20180206,EINKBELEG,094600,0000002022,2000000130,user_000
20180206,EINKBELEG,084600,0000002023,2000000130,batch_00
20180206,EINKBELEG,094600,0000002024,2000000130,batch_00
20180206,EINKBELEG,094600,0000002025,2000000130,batch_00
20180206,EINKBELEG,094600,0000002026,2000000130,batch_00
20180206,EINKBELEG,094600,0000002027,2000000130,batch_00
20180206,EINKBELEG,094600,0000002028,2000000130,batch_00
20180206,EINKBELEG,094600,0000002029,2000000130,batch_00
20180206,EINKBELEG,094600,0000002030,2000000130,user_000
20180206,EINKBELEG,125500,0000002031,2000000131,batch_00
20180206,EINKBELEG,135500,0000002032,2000000131,batch_00
20180206,EINKBELEG,135500,0000002033,2000000131,batch_00
20180206,EINKBELEG,135500,0000002034,2000000131,batch_00
20180206,EINKBELEG,135500,0000002035,2000000131,batch_00
20180206,EINKBELEG,135500,0000002036,2000000131,batch_00
20180206,EINKBELEG,135500,0000002037,2000000131,user_000
20180206,EINKBELEG,135500,0000002038,2000000131,batch_00
20180221,EINKBELEG,225900,0000002039,2000000131,NONE
20180306,EINKBELEG,111000,0000002040,2000000131,user_006
20180206,EINKBELEG,125500,0000002041,2000000131,batch_00
20180206,EINKBELEG,135500,0000002042,2000000131,batch_00
20180206,EINKBELEG,135500,0000002043,2000000131,batch_00
20180206,EINKBELEG,135500,0000002044,2000000131,batch_00
20180206,EINKBELEG,135500,0000002045,2000000131,batch_00
20180206,EINKBELEG,135500,0000002046,2000000131,batch_00
20180206,EINKBELEG,135500,0000002047,2000000131,user_000
20180206,EINKBELEG,135500,0000002048,2000000131,batch_00
20180221,EINKBELEG,225900,0000002049,2000000131,NONE
20180306,EINKBELEG,111000,0000002050,2000000131,user_006
20180206,EINKBELEG,131400,0000002051,2000000132,batch_00
20180206,EINKBELEG,141400,0000002052,2000000132,batch_00
20180206,EINKBELEG,141400,0000002053,2000000132,batch_00
20180206,EINKBELEG,141400,0000002054,2000000132,batch_00
20180206,EINKBELEG,141400,0000002055,2000000132,batch_00
20180206,EINKBELEG,141400,0000002056,2000000132,batch_00
20180206,EINKBELEG,141400,0000002057,2000000132,batch_00
20180206,EINKBELEG,141400,0000002058,2000000132,user_000
20180206,EINKBELEG,153600,0000002059,2000000133,batch_00
20180206,EINKBELEG,163600,0000002060,2000000133,batch_00
20180206,EINKBELEG,163600,0000002061,2000000133,batch_00
20180206,EINKBELEG,163600,0000002062,2000000133,batch_00
20180206,EINKBELEG,163600,0000002063,2000000133,batch_00
20180206,EINKBELEG,163600,0000002064,2000000133,batch_00
20180206,EINKBELEG,163600,0000002065,2000000133,batch_00
20180206,EINKBELEG,163600,0000002066,2000000133,user_000
20180207,EINKBELEG,075000,0000002067,2000000134,batch_00
20180207,EINKBELEG,085000,0000002068,2000000134,batch_00
20180207,EINKBELEG,085000,0000002069,2000000134,batch_00
20180207,EINKBELEG,085000,0000002070,2000000134,batch_00
20180207,EINKBELEG,085000,0000002071,2000000134,batch_00
20180207,EINKBELEG,085000,0000002072,2000000134,batch_00
20180207,EINKBELEG,085000,0000002073,2000000134,batch_00
20180207,EINKBELEG,085000,0000002074,2000000134,user_000
20180207,EINKBELEG,075000,0000002075,2000000135,batch_00
20180207,EINKBELEG,085000,0000002076,2000000135,batch_00
20180207,EINKBELEG,085000,0000002077,2000000135,batch_00
20180207,EINKBELEG,085000,0000002078,2000000135,batch_00
20180207,EINKBELEG,085000,0000002079,2000000135,batch_00
20180207,EINKBELEG,085000,0000002080,2000000135,batch_00
20180207,EINKBELEG,085000,0000002081,2000000135,user_000
20180207,EINKBELEG,085000,0000002082,2000000135,batch_00
20180207,EINKBELEG,075000,0000002083,2000000135,batch_00
20180207,EINKBELEG,085000,0000002084,2000000135,batch_00
20180207,EINKBELEG,085000,0000002085,2000000135,batch_00
20180207,EINKBELEG,085000,0000002086,2000000135,batch_00
20180207,EINKBELEG,085000,0000002087,2000000135,batch_00
20180207,EINKBELEG,085000,0000002088,2000000135,batch_00
20180207,EINKBELEG,085000,0000002089,2000000135,user_000
20180207,EINKBELEG,085000,0000002090,2000000135,batch_00
20180207,EINKBELEG,083600,0000002091,2000000136,batch_00
20180207,EINKBELEG,093600,0000002092,2000000136,batch_00
20180207,EINKBELEG,093600,0000002093,2000000136,batch_00
20180207,EINKBELEG,093600,0000002094,2000000136,batch_00
20180207,EINKBELEG,093600,0000002095,2000000136,batch_00
20180207,EINKBELEG,093600,0000002096,2000000136,batch_00
20180207,EINKBELEG,093600,0000002097,2000000136,batch_00
20180207,EINKBELEG,093600,0000002098,2000000136,user_000
20180207,EINKBELEG,083700,0000002099,2000000137,batch_00
20180207,EINKBELEG,093700,0000002100,2000000137,batch_00
20180207,EINKBELEG,093700,0000002101,2000000137,batch_00
20180207,EINKBELEG,093700,0000002102,2000000137,batch_00
20180207,EINKBELEG,093700,0000002103,2000000137,batch_00
20180207,EINKBELEG,093700,0000002104,2000000137,batch_00
20180207,EINKBELEG,093700,0000002105,2000000137,batch_00
20180207,EINKBELEG,093700,0000002106,2000000137,user_000
20180207,EINKBELEG,092100,0000002107,2000000138,batch_00
20180207,EINKBELEG,102100,0000002108,2000000138,batch_00
20180207,EINKBELEG,102100,0000002109,2000000138,batch_00
20180207,EINKBELEG,102100,0000002110,2000000138,batch_00
20180207,EINKBELEG,102100,0000002111,2000000138,batch_00
20180207,EINKBELEG,102100,0000002112,2000000138,batch_00
20180207,EINKBELEG,102100,0000002113,2000000138,user_000
20180207,EINKBELEG,102100,0000002114,2000000138,batch_00
20180207,EINKBELEG,121000,0000002115,2000000139,batch_00
20180207,EINKBELEG,131000,0000002116,2000000139,batch_00
20180207,EINKBELEG,131000,0000002117,2000000139,batch_00
20180207,EINKBELEG,131000,0000002118,2000000139,batch_00
20180207,EINKBELEG,131000,0000002119,2000000139,batch_00
20180207,EINKBELEG,131000,0000002120,2000000139,batch_00
20180207,EINKBELEG,131000,0000002121,2000000139,batch_00
20180207,EINKBELEG,131000,0000002122,2000000139,user_000
20180208,EINKBELEG,071100,0000002123,2000000140,batch_00
20180208,EINKBELEG,081100,0000002124,2000000140,batch_00
20180208,EINKBELEG,081100,0000002125,2000000140,batch_00
20180208,EINKBELEG,081100,0000002126,2000000140,batch_00
20180208,EINKBELEG,081100,0000002127,2000000140,batch_00
20180208,EINKBELEG,081100,0000002128,2000000140,batch_00
20180208,EINKBELEG,081100,0000002129,2000000140,batch_00
20180208,EINKBELEG,081100,0000002130,2000000140,user_000
20180208,EINKBELEG,075600,0000002131,2000000141,batch_00
20180208,EINKBELEG,085600,0000002132,2000000141,batch_00
20180208,EINKBELEG,085600,0000002133,2000000141,batch_00
20180208,EINKBELEG,085600,0000002134,2000000141,batch_00
20180208,EINKBELEG,085600,0000002135,2000000141,batch_00
20180208,EINKBELEG,085600,0000002136,2000000141,batch_00
20180208,EINKBELEG,085600,0000002137,2000000141,batch_00
20180208,EINKBELEG,085600,0000002138,2000000141,user_000
20180208,EINKBELEG,075600,0000002139,2000000141,batch_00
20180208,EINKBELEG,085600,0000002140,2000000141,batch_00
20180208,EINKBELEG,085600,0000002141,2000000141,batch_00
20180208,EINKBELEG,085600,0000002142,2000000141,batch_00
20180208,EINKBELEG,085600,0000002143,2000000141,batch_00
20180208,EINKBELEG,085600,0000002144,2000000141,batch_00
20180208,EINKBELEG,085600,0000002145,2000000141,batch_00
20180208,EINKBELEG,085600,0000002146,2000000141,user_000
20180208,EINKBELEG,075600,0000002147,2000000141,batch_00
20180208,EINKBELEG,085600,0000002148,2000000141,batch_00
20180208,EINKBELEG,085600,0000002149,2000000141,batch_00
20180208,EINKBELEG,085600,0000002150,2000000141,batch_00
20180208,EINKBELEG,085600,0000002151,2000000141,batch_00
20180208,EINKBELEG,085600,0000002152,2000000141,batch_00
20180208,EINKBELEG,085600,0000002153,2000000141,batch_00
20180208,EINKBELEG,085600,0000002154,2000000141,user_000
20180208,EINKBELEG,075600,0000002155,2000000142,batch_00
20180208,EINKBELEG,085600,0000002156,2000000142,batch_00
20180208,EINKBELEG,085600,0000002157,2000000142,batch_00
20180208,EINKBELEG,085600,0000002158,2000000142,batch_00
20180208,EINKBELEG,085600,0000002159,2000000142,batch_00
20180208,EINKBELEG,085600,0000002160,2000000142,batch_00
20180208,EINKBELEG,085600,0000002161,2000000142,batch_00
20180208,EINKBELEG,085600,0000002162,2000000142,user_000
20180208,EINKBELEG,075600,0000002163,2000000142,batch_00
20180208,EINKBELEG,085600,0000002164,2000000142,batch_00
20180208,EINKBELEG,085600,0000002165,2000000142,batch_00
20180208,EINKBELEG,085600,0000002166,2000000142,batch_00
20180208,EINKBELEG,085600,0000002167,2000000142,batch_00
20180208,EINKBELEG,085600,0000002168,2000000142,batch_00
20180208,EINKBELEG,085600,0000002169,2000000142,batch_00
20180208,EINKBELEG,085600,0000002170,2000000142,user_000
20180208,EINKBELEG,075600,0000002171,2000000142,batch_00
20180208,EINKBELEG,085600,0000002172,2000000142,batch_00
20180208,EINKBELEG,085600,0000002173,2000000142,batch_00
20180208,EINKBELEG,085600,0000002174,2000000142,batch_00
20180208,EINKBELEG,085600,0000002175,2000000142,batch_00
20180208,EINKBELEG,085600,0000002176,2000000142,batch_00
20180208,EINKBELEG,085600,0000002177,2000000142,batch_00
20180208,EINKBELEG,085600,0000002178,2000000142,user_000
20180208,EINKBELEG,111000,0000002179,2000000143,batch_00
20180208,EINKBELEG,121000,0000002180,2000000143,batch_00
20180208,EINKBELEG,121000,0000002181,2000000143,batch_00
20180208,EINKBELEG,121000,0000002182,2000000143,batch_00
20180208,EINKBELEG,121000,0000002183,2000000143,batch_00
20180208,EINKBELEG,121000,0000002184,2000000143,batch_00
20180208,EINKBELEG,121000,0000002185,2000000143,batch_00
20180208,EINKBELEG,121000,0000002186,2000000143,user_000
20180208,EINKBELEG,132000,0000002187,2000000144,batch_00
20180208,EINKBELEG,142000,0000002188,2000000144,batch_00
20180208,EINKBELEG,142000,0000002189,2000000144,batch_00
20180208,EINKBELEG,142000,0000002190,2000000144,batch_00
20180208,EINKBELEG,142000,0000002191,2000000144,batch_00
20180208,EINKBELEG,142000,0000002192,2000000144,batch_00
20180208,EINKBELEG,142000,0000002193,2000000144,batch_00
20180208,EINKBELEG,142000,0000002194,2000000144,user_000
20180213,EINKBELEG,163100,0000002195,2000000144,user_006
20180208,EINKBELEG,132000,0000002196,2000000144,batch_00
20180208,EINKBELEG,142000,0000002197,2000000144,batch_00
20180208,EINKBELEG,142000,0000002198,2000000144,batch_00
20180208,EINKBELEG,142000,0000002199,2000000144,batch_00
20180208,EINKBELEG,142000,0000002200,2000000144,batch_00
20180208,EINKBELEG,142000,0000002201,2000000144,batch_00
20180208,EINKBELEG,142000,0000002202,2000000144,batch_00
20180208,EINKBELEG,142000,0000002203,2000000144,user_000
20180208,EINKBELEG,132100,0000002204,2000000145,batch_00
20180208,EINKBELEG,142100,0000002205,2000000145,batch_00
20180208,EINKBELEG,142100,0000002206,2000000145,batch_00
20180208,EINKBELEG,142100,0000002207,2000000145,batch_00
20180208,EINKBELEG,142100,0000002208,2000000145,batch_00
20180208,EINKBELEG,142100,0000002209,2000000145,batch_00
20180208,EINKBELEG,142100,0000002210,2000000145,batch_00
20180208,EINKBELEG,142100,0000002211,2000000145,user_000
20180213,EINKBELEG,163100,0000002212,2000000145,user_006
20180208,EINKBELEG,132800,0000002213,2000000146,batch_00
20180208,EINKBELEG,142800,0000002214,2000000146,batch_00
20180208,EINKBELEG,142800,0000002215,2000000146,batch_00
20180208,EINKBELEG,142800,0000002216,2000000146,batch_00
20180208,EINKBELEG,142800,0000002217,2000000146,batch_00
20180208,EINKBELEG,142800,0000002218,2000000146,batch_00
20180208,EINKBELEG,142800,0000002219,2000000146,batch_00
20180208,EINKBELEG,142800,0000002220,2000000146,user_000
20180227,EINKBELEG,142600,0000002221,2000000146,user_016
20180227,EINKBELEG,152800,0000002222,2000000146,user_016
20180227,EINKBELEG,152800,0000002223,2000000146,user_016
20180227,EINKBELEG,152800,0000002224,2000000146,user_016
20180227,EINKBELEG,152900,0000002225,2000000146,user_016
20180227,EINKBELEG,155300,0000002226,2000000146,batch_00
20180227,EINKBELEG,155300,0000002227,2000000146,batch_00
20180227,EINKBELEG,155300,0000002228,2000000146,batch_00
20180227,EINKBELEG,155300,0000002229,2000000146,user_000
20180227,EINKBELEG,162900,0000002230,2000000146,user_016
20180227,EINKBELEG,162900,0000002231,2000000146,user_016
20180227,EINKBELEG,162900,0000002232,2000000146,user_016
20180227,EINKBELEG,162900,0000002233,2000000146,batch_00
20180227,EINKBELEG,162900,0000002234,2000000146,batch_00
20180227,EINKBELEG,162900,0000002235,2000000146,batch_00
20180227,EINKBELEG,162900,0000002236,2000000146,user_000
20180227,EINKBELEG,162900,0000002237,2000000146,user_000
20180208,EINKBELEG,131900,0000002238,2000000147,batch_00
20180208,EINKBELEG,141900,0000002239,2000000147,batch_00
20180208,EINKBELEG,141900,0000002240,2000000147,batch_00
20180208,EINKBELEG,141900,0000002241,2000000147,batch_00
20180208,EINKBELEG,141900,0000002242,2000000147,batch_00
20180208,EINKBELEG,141900,0000002243,2000000147,batch_00
20180208,EINKBELEG,141900,0000002244,2000000147,batch_00
20180208,EINKBELEG,141900,0000002245,2000000147,user_000
20180208,EINKBELEG,132200,0000002246,2000000148,batch_00
20180208,EINKBELEG,142200,0000002247,2000000148,batch_00
20180208,EINKBELEG,142200,0000002248,2000000148,batch_00
20180208,EINKBELEG,142200,0000002249,2000000148,batch_00
20180208,EINKBELEG,142200,0000002250,2000000148,batch_00
20180208,EINKBELEG,142200,0000002251,2000000148,batch_00
20180208,EINKBELEG,142200,0000002252,2000000148,batch_00
20180208,EINKBELEG,142200,0000002253,2000000148,user_000
20180208,EINKBELEG,132200,0000002254,2000000149,batch_00
20180208,EINKBELEG,142200,0000002255,2000000149,batch_00
20180208,EINKBELEG,142200,0000002256,2000000149,batch_00
20180208,EINKBELEG,142200,0000002257,2000000149,batch_00
20180208,EINKBELEG,142200,0000002258,2000000149,batch_00
20180208,EINKBELEG,142200,0000002259,2000000149,batch_00
20180208,EINKBELEG,142200,0000002260,2000000149,batch_00
20180208,EINKBELEG,142200,0000002261,2000000149,user_000
20180208,EINKBELEG,140200,0000002262,2000000150,batch_00
20180208,EINKBELEG,150200,0000002263,2000000150,batch_00
20180208,EINKBELEG,150200,0000002264,2000000150,batch_00
20180208,EINKBELEG,150200,0000002265,2000000150,batch_00
20180208,EINKBELEG,150200,0000002266,2000000150,batch_00
20180208,EINKBELEG,150200,0000002267,2000000150,batch_00
20180208,EINKBELEG,150200,0000002268,2000000150,batch_00
20180208,EINKBELEG,150200,0000002269,2000000150,user_000
20180208,EINKBELEG,140200,0000002270,2000000150,batch_00
20180208,EINKBELEG,150200,0000002271,2000000150,batch_00
20180208,EINKBELEG,150200,0000002272,2000000150,batch_00
20180208,EINKBELEG,150200,0000002273,2000000150,batch_00
20180208,EINKBELEG,150200,0000002274,2000000150,batch_00
20180208,EINKBELEG,150200,0000002275,2000000150,batch_00
20180208,EINKBELEG,150200,0000002276,2000000150,batch_00
20180208,EINKBELEG,150200,0000002277,2000000150,user_000
20180208,EINKBELEG,140200,0000002278,2000000150,batch_00
20180208,EINKBELEG,150200,0000002279,2000000150,batch_00
20180208,EINKBELEG,150200,0000002280,2000000150,batch_00
20180208,EINKBELEG,150200,0000002281,2000000150,batch_00
20180208,EINKBELEG,150200,0000002282,2000000150,batch_00
20180208,EINKBELEG,150200,0000002283,2000000150,batch_00
20180208,EINKBELEG,150200,0000002284,2000000150,batch_00
20180208,EINKBELEG,150200,0000002285,2000000150,user_000
20180208,EINKBELEG,140200,0000002286,2000000150,batch_00
20180208,EINKBELEG,150200,0000002287,2000000150,batch_00
20180208,EINKBELEG,150200,0000002288,2000000150,batch_00
20180208,EINKBELEG,150200,0000002289,2000000150,batch_00
20180208,EINKBELEG,150200,0000002290,2000000150,batch_00
20180208,EINKBELEG,150200,0000002291,2000000150,batch_00
20180208,EINKBELEG,150200,0000002292,2000000150,batch_00
20180208,EINKBELEG,150200,0000002293,2000000150,user_000
20180208,EINKBELEG,140200,0000002294,2000000150,batch_00
20180208,EINKBELEG,150200,0000002295,2000000150,batch_00
20180208,EINKBELEG,150200,0000002296,2000000150,batch_00
20180208,EINKBELEG,150200,0000002297,2000000150,batch_00
20180208,EINKBELEG,150200,0000002298,2000000150,batch_00
20180208,EINKBELEG,150200,0000002299,2000000150,batch_00
20180208,EINKBELEG,150200,0000002300,2000000150,batch_00
20180208,EINKBELEG,150200,0000002301,2000000150,user_000
20180208,EINKBELEG,140200,0000002302,2000000150,batch_00
20180208,EINKBELEG,150200,0000002303,2000000150,batch_00
20180208,EINKBELEG,150200,0000002304,2000000150,batch_00
20180208,EINKBELEG,150200,0000002305,2000000150,batch_00
20180208,EINKBELEG,150200,0000002306,2000000150,batch_00
20180208,EINKBELEG,150200,0000002307,2000000150,batch_00
20180208,EINKBELEG,150200,0000002308,2000000150,batch_00
20180208,EINKBELEG,150200,0000002309,2000000150,user_000
20180208,EINKBELEG,140200,0000002310,2000000150,batch_00
20180208,EINKBELEG,150200,0000002311,2000000150,batch_00
20180208,EINKBELEG,150200,0000002312,2000000150,batch_00
20180208,EINKBELEG,150200,0000002313,2000000150,batch_00
20180208,EINKBELEG,150200,0000002314,2000000150,batch_00
20180208,EINKBELEG,150200,0000002315,2000000150,batch_00
20180208,EINKBELEG,150200,0000002316,2000000150,batch_00
20180208,EINKBELEG,150200,0000002317,2000000150,user_000
20180208,EINKBELEG,140200,0000002318,2000000150,batch_00
20180208,EINKBELEG,150200,0000002319,2000000150,batch_00
20180208,EINKBELEG,150200,0000002320,2000000150,batch_00
20180208,EINKBELEG,150200,0000002321,2000000150,batch_00
20180208,EINKBELEG,150200,0000002322,2000000150,batch_00
20180208,EINKBELEG,150200,0000002323,2000000150,batch_00
20180208,EINKBELEG,150200,0000002324,2000000150,batch_00
20180208,EINKBELEG,150200,0000002325,2000000150,user_000
20180208,EINKBELEG,140200,0000002326,2000000150,batch_00
20180208,EINKBELEG,150200,0000002327,2000000150,batch_00
20180208,EINKBELEG,150200,0000002328,2000000150,batch_00
20180208,EINKBELEG,150200,0000002329,2000000150,batch_00
20180208,EINKBELEG,150200,0000002330,2000000150,batch_00
20180208,EINKBELEG,150200,0000002331,2000000150,batch_00
20180208,EINKBELEG,150200,0000002332,2000000150,batch_00
20180208,EINKBELEG,150200,0000002333,2000000150,user_000
20180208,EINKBELEG,151200,0000002334,2000000151,batch_00
20180208,EINKBELEG,161200,0000002335,2000000151,batch_00
20180208,EINKBELEG,161200,0000002336,2000000151,batch_00
20180208,EINKBELEG,161200,0000002337,2000000151,batch_00
20180208,EINKBELEG,161200,0000002338,2000000151,batch_00
20180208,EINKBELEG,161200,0000002339,2000000151,batch_00
20180208,EINKBELEG,161200,0000002340,2000000151,batch_00
20180208,EINKBELEG,161200,0000002341,2000000151,user_000
20180209,EINKBELEG,075600,0000002342,2000000152,batch_00
20180209,EINKBELEG,085600,0000002343,2000000152,batch_00
20180209,EINKBELEG,085600,0000002344,2000000152,batch_00
20180209,EINKBELEG,085600,0000002345,2000000152,batch_00
20180209,EINKBELEG,085600,0000002346,2000000152,batch_00
20180209,EINKBELEG,085600,0000002347,2000000152,batch_00
20180209,EINKBELEG,085600,0000002348,2000000152,batch_00
20180209,EINKBELEG,085600,0000002349,2000000152,user_000
20180209,EINKBELEG,075600,0000002350,2000000152,batch_00
20180209,EINKBELEG,085600,0000002351,2000000152,batch_00
20180209,EINKBELEG,085600,0000002352,2000000152,batch_00
20180209,EINKBELEG,085600,0000002353,2000000152,batch_00
20180209,EINKBELEG,085600,0000002354,2000000152,batch_00
20180209,EINKBELEG,085600,0000002355,2000000152,batch_00
20180209,EINKBELEG,085600,0000002356,2000000152,batch_00
20180209,EINKBELEG,085600,0000002357,2000000152,user_000
20180209,EINKBELEG,075600,0000002358,2000000152,batch_00
20180209,EINKBELEG,085600,0000002359,2000000152,batch_00
20180209,EINKBELEG,085600,0000002360,2000000152,batch_00
20180209,EINKBELEG,085600,0000002361,2000000152,batch_00
20180209,EINKBELEG,085600,0000002362,2000000152,batch_00
20180209,EINKBELEG,085600,0000002363,2000000152,batch_00
20180209,EINKBELEG,085600,0000002364,2000000152,batch_00
20180209,EINKBELEG,085600,0000002365,2000000152,user_000
20180209,EINKBELEG,075600,0000002366,2000000152,batch_00
20180209,EINKBELEG,085600,0000002367,2000000152,batch_00
20180209,EINKBELEG,085600,0000002368,2000000152,batch_00
20180209,EINKBELEG,085600,0000002369,2000000152,batch_00
20180209,EINKBELEG,085600,0000002370,2000000152,batch_00
20180209,EINKBELEG,085600,0000002371,2000000152,batch_00
20180209,EINKBELEG,085600,0000002372,2000000152,batch_00
20180209,EINKBELEG,085600,0000002373,2000000152,user_000
20180209,EINKBELEG,084800,0000002374,2000000153,batch_00
20180209,EINKBELEG,094800,0000002375,2000000153,batch_00
20180209,EINKBELEG,094800,0000002376,2000000153,batch_00
20180209,EINKBELEG,094800,0000002377,2000000153,batch_00
20180209,EINKBELEG,094800,0000002378,2000000153,batch_00
20180209,EINKBELEG,094800,0000002379,2000000153,batch_00
20180209,EINKBELEG,094800,0000002380,2000000153,batch_00
20180209,EINKBELEG,094800,0000002381,2000000153,user_000
20180209,EINKBELEG,084800,0000002382,2000000153,batch_00
20180209,EINKBELEG,094800,0000002383,2000000153,batch_00
20180209,EINKBELEG,094800,0000002384,2000000153,batch_00
20180209,EINKBELEG,094800,0000002385,2000000153,batch_00
20180209,EINKBELEG,094800,0000002386,2000000153,batch_00
20180209,EINKBELEG,094800,0000002387,2000000153,batch_00
20180209,EINKBELEG,094800,0000002388,2000000153,batch_00
20180209,EINKBELEG,094800,0000002389,2000000153,user_000
20180209,EINKBELEG,084800,0000002390,2000000153,batch_00
20180209,EINKBELEG,094800,0000002391,2000000153,batch_00
20180209,EINKBELEG,094800,0000002392,2000000153,batch_00
20180209,EINKBELEG,094800,0000002393,2000000153,batch_00
20180209,EINKBELEG,094800,0000002394,2000000153,batch_00
20180209,EINKBELEG,094800,0000002395,2000000153,batch_00
20180209,EINKBELEG,094800,0000002396,2000000153,batch_00
20180209,EINKBELEG,094800,0000002397,2000000153,user_000
20180209,EINKBELEG,084800,0000002398,2000000153,batch_00
20180209,EINKBELEG,094800,0000002399,2000000153,batch_00
20180209,EINKBELEG,094800,0000002400,2000000153,batch_00
20180209,EINKBELEG,094800,0000002401,2000000153,batch_00
20180209,EINKBELEG,094800,0000002402,2000000153,batch_00
20180209,EINKBELEG,094800,0000002403,2000000153,batch_00
20180209,EINKBELEG,094800,0000002404,2000000153,batch_00
20180209,EINKBELEG,094800,0000002405,2000000153,user_000
20180209,EINKBELEG,084800,0000002406,2000000153,batch_00
20180209,EINKBELEG,094800,0000002407,2000000153,batch_00
20180209,EINKBELEG,094800,0000002408,2000000153,batch_00
20180209,EINKBELEG,094800,0000002409,2000000153,batch_00
20180209,EINKBELEG,094800,0000002410,2000000153,batch_00
20180209,EINKBELEG,094800,0000002411,2000000153,batch_00
20180209,EINKBELEG,094800,0000002412,2000000153,batch_00
20180209,EINKBELEG,094800,0000002413,2000000153,user_000
20180209,EINKBELEG,084800,0000002414,2000000153,batch_00
20180209,EINKBELEG,094800,0000002415,2000000153,batch_00
20180209,EINKBELEG,094800,0000002416,2000000153,batch_00
20180209,EINKBELEG,094800,0000002417,2000000153,batch_00
20180209,EINKBELEG,094800,0000002418,2000000153,batch_00
20180209,EINKBELEG,094800,0000002419,2000000153,batch_00
20180209,EINKBELEG,094800,0000002420,2000000153,batch_00
20180209,EINKBELEG,094800,0000002421,2000000153,user_000
20180209,EINKBELEG,084800,0000002422,2000000153,batch_00
20180209,EINKBELEG,094800,0000002423,2000000153,batch_00
20180209,EINKBELEG,094800,0000002424,2000000153,batch_00
20180209,EINKBELEG,094800,0000002425,2000000153,batch_00
20180209,EINKBELEG,094800,0000002426,2000000153,batch_00
20180209,EINKBELEG,094800,0000002427,2000000153,batch_00
20180209,EINKBELEG,094800,0000002428,2000000153,batch_00
20180209,EINKBELEG,094800,0000002429,2000000153,user_000
20180209,EINKBELEG,084800,0000002430,2000000153,batch_00
20180209,EINKBELEG,094800,0000002431,2000000153,batch_00
20180209,EINKBELEG,094800,0000002432,2000000153,batch_00
20180209,EINKBELEG,094800,0000002433,2000000153,batch_00
20180209,EINKBELEG,094800,0000002434,2000000153,batch_00
20180209,EINKBELEG,094800,0000002435,2000000153,batch_00
20180209,EINKBELEG,094800,0000002436,2000000153,batch_00
20180209,EINKBELEG,094800,0000002437,2000000153,user_000
20180209,EINKBELEG,084800,0000002438,2000000153,batch_00
20180209,EINKBELEG,094800,0000002439,2000000153,batch_00
20180209,EINKBELEG,094800,0000002440,2000000153,batch_00
20180209,EINKBELEG,094800,0000002441,2000000153,batch_00
20180209,EINKBELEG,094800,0000002442,2000000153,batch_00
20180209,EINKBELEG,094800,0000002443,2000000153,batch_00
20180209,EINKBELEG,094800,0000002444,2000000153,batch_00
20180209,EINKBELEG,094800,0000002445,2000000153,user_000
20180209,EINKBELEG,084800,0000002446,2000000153,batch_00
20180209,EINKBELEG,094800,0000002447,2000000153,batch_00
20180209,EINKBELEG,094800,0000002448,2000000153,batch_00
20180209,EINKBELEG,094800,0000002449,2000000153,batch_00
20180209,EINKBELEG,094800,0000002450,2000000153,batch_00
20180209,EINKBELEG,094800,0000002451,2000000153,batch_00
20180209,EINKBELEG,094800,0000002452,2000000153,batch_00
20180209,EINKBELEG,094800,0000002453,2000000153,user_000
20180212,EINKBELEG,081000,0000002454,2000000154,batch_00
20180212,EINKBELEG,091000,0000002455,2000000154,batch_00
20180212,EINKBELEG,091000,0000002456,2000000154,batch_00
20180212,EINKBELEG,091000,0000002457,2000000154,batch_00
20180212,EINKBELEG,091000,0000002458,2000000154,batch_00
20180212,EINKBELEG,091000,0000002459,2000000154,batch_00
20180212,EINKBELEG,091000,0000002460,2000000154,user_000
20180212,EINKBELEG,091000,0000002461,2000000154,batch_00
20180212,EINKBELEG,101400,0000002462,2000000155,batch_00
20180212,EINKBELEG,111400,0000002463,2000000155,batch_00
20180212,EINKBELEG,111400,0000002464,2000000155,batch_00
20180212,EINKBELEG,111400,0000002465,2000000155,batch_00
20180212,EINKBELEG,111400,0000002466,2000000155,batch_00
20180212,EINKBELEG,111400,0000002467,2000000155,batch_00
20180212,EINKBELEG,111400,0000002468,2000000155,batch_00
20180212,EINKBELEG,111400,0000002469,2000000155,user_000
20180212,EINKBELEG,120700,0000002470,2000000156,batch_00
20180212,EINKBELEG,130700,0000002471,2000000156,batch_00
20180212,EINKBELEG,130700,0000002472,2000000156,batch_00
20180212,EINKBELEG,130700,0000002473,2000000156,batch_00
20180212,EINKBELEG,130700,0000002474,2000000156,batch_00
20180212,EINKBELEG,130700,0000002475,2000000156,batch_00
20180212,EINKBELEG,130700,0000002476,2000000156,user_000
20180212,EINKBELEG,130700,0000002477,2000000156,batch_00
20170313,EINKBELEG,225900,0000002478,2000000157,NONE
20180212,EINKBELEG,135700,0000002479,2000000157,batch_00
20180212,EINKBELEG,145700,0000002480,2000000157,batch_00
20180212,EINKBELEG,145700,0000002481,2000000157,batch_00
20180212,EINKBELEG,145700,0000002482,2000000157,batch_00
20180212,EINKBELEG,145700,0000002483,2000000157,batch_00
20180212,EINKBELEG,145700,0000002484,2000000157,batch_00
20180212,EINKBELEG,145700,0000002485,2000000157,batch_00
20180212,EINKBELEG,145700,0000002486,2000000157,user_000
20180219,EINKBELEG,084400,0000002487,2000000157,user_000
20180219,EINKBELEG,085500,0000002488,2000000157,user_026
20180219,EINKBELEG,095600,0000002489,2000000157,user_026
20180219,EINKBELEG,095600,0000002490,2000000157,user_026
20180219,EINKBELEG,095600,0000002491,2000000157,user_026
20180219,EINKBELEG,105800,0000002492,2000000157,batch_00
20180219,EINKBELEG,105800,0000002493,2000000157,batch_00
20180219,EINKBELEG,105800,0000002494,2000000157,batch_00
20180219,EINKBELEG,105800,0000002495,2000000157,user_000
20180720,EINKBELEG,140200,0000002496,2000000157,user_013
20170427,EINKBELEG,215900,0000002497,2000000157,NONE
20180212,EINKBELEG,135700,0000002498,2000000157,batch_00
20180212,EINKBELEG,145700,0000002499,2000000157,batch_00
20180212,EINKBELEG,145700,0000002500,2000000157,batch_00
20180212,EINKBELEG,145700,0000002501,2000000157,batch_00
20180212,EINKBELEG,145700,0000002502,2000000157,batch_00
20180212,EINKBELEG,145700,0000002503,2000000157,batch_00
20180212,EINKBELEG,145700,0000002504,2000000157,batch_00
20180212,EINKBELEG,145700,0000002505,2000000157,user_000
20180219,EINKBELEG,084400,0000002506,2000000157,user_000
20180219,EINKBELEG,085500,0000002507,2000000157,user_026
20180219,EINKBELEG,095600,0000002508,2000000157,user_026
20180219,EINKBELEG,095600,0000002509,2000000157,user_026
20180219,EINKBELEG,095600,0000002510,2000000157,user_026
20180219,EINKBELEG,105800,0000002511,2000000157,batch_00
20180219,EINKBELEG,105800,0000002512,2000000157,batch_00
20180219,EINKBELEG,105800,0000002513,2000000157,batch_00
20180219,EINKBELEG,105800,0000002514,2000000157,user_000
20180720,EINKBELEG,120100,0000002515,2000000157,user_004
20170511,EINKBELEG,215900,0000002516,2000000157,NONE
20180212,EINKBELEG,135700,0000002517,2000000157,batch_00
20180212,EINKBELEG,145700,0000002518,2000000157,batch_00
20180212,EINKBELEG,145700,0000002519,2000000157,batch_00
20180212,EINKBELEG,145700,0000002520,2000000157,batch_00
20180212,EINKBELEG,145700,0000002521,2000000157,batch_00
20180212,EINKBELEG,145700,0000002522,2000000157,batch_00
20180212,EINKBELEG,145700,0000002523,2000000157,batch_00
20180212,EINKBELEG,145700,0000002524,2000000157,user_000
20180219,EINKBELEG,084400,0000002525,2000000157,user_000
20180219,EINKBELEG,085500,0000002526,2000000157,user_026
20180219,EINKBELEG,095600,0000002527,2000000157,user_026
20180219,EINKBELEG,095600,0000002528,2000000157,user_026
20180219,EINKBELEG,095600,0000002529,2000000157,user_026
20180219,EINKBELEG,105800,0000002530,2000000157,batch_00
20180219,EINKBELEG,105800,0000002531,2000000157,batch_00
20180219,EINKBELEG,105800,0000002532,2000000157,batch_00
20180219,EINKBELEG,105800,0000002533,2000000157,user_000
20180720,EINKBELEG,123600,0000002534,2000000157,user_012
20180212,EINKBELEG,135700,0000002535,2000000157,batch_00
20180212,EINKBELEG,145700,0000002536,2000000157,batch_00
20180212,EINKBELEG,145700,0000002537,2000000157,batch_00
20180212,EINKBELEG,145700,0000002538,2000000157,batch_00
20180212,EINKBELEG,145700,0000002539,2000000157,batch_00
20180212,EINKBELEG,145700,0000002540,2000000157,batch_00
20180212,EINKBELEG,145700,0000002541,2000000157,batch_00
20180212,EINKBELEG,145700,0000002542,2000000157,user_000
20180219,EINKBELEG,084400,0000002543,2000000157,user_000
20180219,EINKBELEG,085500,0000002544,2000000157,user_026
20180219,EINKBELEG,095600,0000002545,2000000157,user_026
20180219,EINKBELEG,095600,0000002546,2000000157,user_026
20180219,EINKBELEG,095600,0000002547,2000000157,user_026
20180219,EINKBELEG,105800,0000002548,2000000157,batch_00
20180219,EINKBELEG,105800,0000002549,2000000157,batch_00
20180219,EINKBELEG,105800,0000002550,2000000157,batch_00
20180219,EINKBELEG,105800,0000002551,2000000157,user_000
20180212,EINKBELEG,162500,0000002552,2000000158,batch_00
20180212,EINKBELEG,172500,0000002553,2000000158,batch_00
20180212,EINKBELEG,172500,0000002554,2000000158,batch_00
20180212,EINKBELEG,172500,0000002555,2000000158,batch_00
20180212,EINKBELEG,172600,0000002556,2000000158,batch_00
20180212,EINKBELEG,172600,0000002557,2000000158,batch_00
20180212,EINKBELEG,172600,0000002558,2000000158,user_000
20180212,EINKBELEG,172600,0000002559,2000000158,batch_00
20190117,EINKBELEG,110100,0000002560,2000000158,user_003
20190117,EINKBELEG,110100,0000002561,2000000158,user_000
20180213,EINKBELEG,104500,0000002562,2000000159,batch_00
20180213,EINKBELEG,114500,0000002563,2000000159,batch_00
20180213,EINKBELEG,114500,0000002564,2000000159,batch_00
20180213,EINKBELEG,114500,0000002565,2000000159,batch_00
20180213,EINKBELEG,114500,0000002566,2000000159,batch_00
20180213,EINKBELEG,114500,0000002567,2000000159,batch_00
20180213,EINKBELEG,114500,0000002568,2000000159,batch_00
20180213,EINKBELEG,114500,0000002569,2000000159,user_000
20180214,EINKBELEG,093700,0000002570,2000000160,batch_00
20180214,EINKBELEG,103700,0000002571,2000000160,batch_00
20180214,EINKBELEG,103700,0000002572,2000000160,batch_00
20180214,EINKBELEG,103700,0000002573,2000000160,batch_00
20180214,EINKBELEG,103700,0000002574,2000000160,batch_00
20180214,EINKBELEG,103700,0000002575,2000000160,batch_00
20180214,EINKBELEG,103700,0000002576,2000000160,batch_00
20180214,EINKBELEG,103700,0000002577,2000000160,user_000
20180214,EINKBELEG,093700,0000002578,2000000160,batch_00
20180214,EINKBELEG,103700,0000002579,2000000160,batch_00
20180214,EINKBELEG,103700,0000002580,2000000160,batch_00
20180214,EINKBELEG,103700,0000002581,2000000160,batch_00
20180214,EINKBELEG,103700,0000002582,2000000160,batch_00
20180214,EINKBELEG,103700,0000002583,2000000160,batch_00
20180214,EINKBELEG,103700,0000002584,2000000160,batch_00
20180214,EINKBELEG,103700,0000002585,2000000160,user_000
20180214,EINKBELEG,102900,0000002586,2000000161,batch_00
20180214,EINKBELEG,112900,0000002587,2000000161,batch_00
20180214,EINKBELEG,112900,0000002588,2000000161,batch_00
20180214,EINKBELEG,112900,0000002589,2000000161,batch_00
20180214,EINKBELEG,112900,0000002590,2000000161,batch_00
20180214,EINKBELEG,112900,0000002591,2000000161,batch_00
20180214,EINKBELEG,112900,0000002592,2000000161,user_000
20180214,EINKBELEG,112900,0000002593,2000000161,batch_00
20180731,EINKBELEG,060500,0000002594,2000000161,user_009
20180731,EINKBELEG,080500,0000002595,2000000161,user_009
20180731,EINKBELEG,080500,0000002596,2000000161,user_009
20180731,EINKBELEG,080500,0000002597,2000000161,user_009
20180731,EINKBELEG,080500,0000002598,2000000161,batch_00
20180731,EINKBELEG,080500,0000002599,2000000161,batch_00
20180731,EINKBELEG,080500,0000002600,2000000161,batch_00
20180731,EINKBELEG,080500,0000002601,2000000161,user_000
20180731,EINKBELEG,083000,0000002602,2000000161,user_009
20180731,EINKBELEG,103100,0000002603,2000000161,user_009
20180731,EINKBELEG,103100,0000002604,2000000161,user_009
20180731,EINKBELEG,103100,0000002605,2000000161,user_009
20180731,EINKBELEG,105000,0000002606,2000000161,batch_00
20180731,EINKBELEG,105000,0000002607,2000000161,batch_00
20180731,EINKBELEG,105000,0000002608,2000000161,batch_00
20180731,EINKBELEG,105000,0000002609,2000000161,user_000
20180801,EINKBELEG,121300,0000002610,2000000161,user_009
20180801,EINKBELEG,141400,0000002611,2000000161,user_009
20180801,EINKBELEG,141400,0000002612,2000000161,user_009
20180801,EINKBELEG,141400,0000002613,2000000161,user_009
20180801,EINKBELEG,141400,0000002614,2000000161,batch_00
20180801,EINKBELEG,141400,0000002615,2000000161,batch_00
20180801,EINKBELEG,141400,0000002616,2000000161,batch_00
20180801,EINKBELEG,141400,0000002617,2000000161,user_000
20180801,EINKBELEG,141400,0000002618,2000000161,user_000
20180801,EINKBELEG,141400,0000002619,2000000161,user_000
20180214,EINKBELEG,103300,0000002620,2000000162,batch_00
20180214,EINKBELEG,113300,0000002621,2000000162,batch_00
20180214,EINKBELEG,113300,0000002622,2000000162,batch_00
20180214,EINKBELEG,113300,0000002623,2000000162,batch_00
20180214,EINKBELEG,113300,0000002624,2000000162,batch_00
20180214,EINKBELEG,113300,0000002625,2000000162,batch_00
20180214,EINKBELEG,113300,0000002626,2000000162,batch_00
20180214,EINKBELEG,113300,0000002627,2000000162,user_000
20180214,EINKBELEG,103300,0000002628,2000000162,batch_00
20180214,EINKBELEG,113300,0000002629,2000000162,batch_00
20180214,EINKBELEG,113300,0000002630,2000000162,batch_00
20180214,EINKBELEG,113300,0000002631,2000000162,batch_00
20180214,EINKBELEG,113300,0000002632,2000000162,batch_00
20180214,EINKBELEG,113300,0000002633,2000000162,batch_00
20180214,EINKBELEG,113300,0000002634,2000000162,batch_00
20180214,EINKBELEG,113300,0000002635,2000000162,user_000
20180214,EINKBELEG,133100,0000002636,2000000163,batch_00
20180214,EINKBELEG,143100,0000002637,2000000163,batch_00
20180214,EINKBELEG,143100,0000002638,2000000163,batch_00
20180214,EINKBELEG,143100,0000002639,2000000163,batch_00
20180214,EINKBELEG,143200,0000002640,2000000163,batch_00
20180214,EINKBELEG,143200,0000002641,2000000163,batch_00
20180214,EINKBELEG,143400,0000002642,2000000163,batch_00
20180214,EINKBELEG,143400,0000002643,2000000163,user_000
20180214,EINKBELEG,135900,0000002644,2000000164,batch_00
20180214,EINKBELEG,145900,0000002645,2000000164,batch_00
20180214,EINKBELEG,145900,0000002646,2000000164,batch_00
20180214,EINKBELEG,145900,0000002647,2000000164,batch_00
20180214,EINKBELEG,145900,0000002648,2000000164,batch_00
20180214,EINKBELEG,145900,0000002649,2000000164,batch_00
20180214,EINKBELEG,145900,0000002650,2000000164,user_000
20180214,EINKBELEG,145900,0000002651,2000000164,batch_00
20180215,EINKBELEG,115300,0000002652,2000000165,batch_00
20180215,EINKBELEG,125300,0000002653,2000000165,batch_00
20180215,EINKBELEG,125300,0000002654,2000000165,batch_00
20180215,EINKBELEG,125300,0000002655,2000000165,batch_00
20180215,EINKBELEG,125300,0000002656,2000000165,batch_00
20180215,EINKBELEG,125300,0000002657,2000000165,batch_00
20180215,EINKBELEG,125300,0000002658,2000000165,batch_00
20180215,EINKBELEG,125300,0000002659,2000000165,user_000
20180215,EINKBELEG,115300,0000002660,2000000166,batch_00
20180215,EINKBELEG,125300,0000002661,2000000166,batch_00
20180215,EINKBELEG,125300,0000002662,2000000166,batch_00
20180215,EINKBELEG,125300,0000002663,2000000166,batch_00
20180215,EINKBELEG,125300,0000002664,2000000166,batch_00
20180215,EINKBELEG,125300,0000002665,2000000166,batch_00
20180215,EINKBELEG,125300,0000002666,2000000166,user_000
20180215,EINKBELEG,125300,0000002667,2000000166,batch_00
20180215,EINKBELEG,121000,0000002668,2000000167,batch_00
20180215,EINKBELEG,131000,0000002669,2000000167,batch_00
20180215,EINKBELEG,131000,0000002670,2000000167,batch_00
20180215,EINKBELEG,131000,0000002671,2000000167,batch_00
20180215,EINKBELEG,131000,0000002672,2000000167,batch_00
20180215,EINKBELEG,131000,0000002673,2000000167,batch_00
20180215,EINKBELEG,131000,0000002674,2000000167,batch_00
20180215,EINKBELEG,131000,0000002675,2000000167,user_000
20180215,EINKBELEG,121000,0000002676,2000000167,batch_00
20180215,EINKBELEG,131000,0000002677,2000000167,batch_00
20180215,EINKBELEG,131000,0000002678,2000000167,batch_00
20180215,EINKBELEG,131000,0000002679,2000000167,batch_00
20180215,EINKBELEG,131000,0000002680,2000000167,batch_00
20180215,EINKBELEG,131000,0000002681,2000000167,batch_00
20180215,EINKBELEG,131000,0000002682,2000000167,batch_00
20180215,EINKBELEG,131000,0000002683,2000000167,user_000
20180215,EINKBELEG,121000,0000002684,2000000167,batch_00
20180215,EINKBELEG,131000,0000002685,2000000167,batch_00
20180215,EINKBELEG,131000,0000002686,2000000167,batch_00
20180215,EINKBELEG,131000,0000002687,2000000167,batch_00
20180215,EINKBELEG,131000,0000002688,2000000167,batch_00
20180215,EINKBELEG,131000,0000002689,2000000167,batch_00
20180215,EINKBELEG,131000,0000002690,2000000167,batch_00
20180215,EINKBELEG,131000,0000002691,2000000167,user_000
20180216,EINKBELEG,105300,0000002692,2000000168,batch_00
20180216,EINKBELEG,115300,0000002693,2000000168,batch_00
20180216,EINKBELEG,115300,0000002694,2000000168,batch_00
20180216,EINKBELEG,115300,0000002695,2000000168,batch_00
20180216,EINKBELEG,115300,0000002696,2000000168,batch_00
20180216,EINKBELEG,115300,0000002697,2000000168,batch_00
20180216,EINKBELEG,115300,0000002698,2000000168,batch_00
20180216,EINKBELEG,115300,0000002699,2000000168,user_000
20180216,EINKBELEG,105300,0000002700,2000000168,batch_00
20180216,EINKBELEG,115300,0000002701,2000000168,batch_00
20180216,EINKBELEG,115300,0000002702,2000000168,batch_00
20180216,EINKBELEG,115300,0000002703,2000000168,batch_00
20180216,EINKBELEG,115300,0000002704,2000000168,batch_00
20180216,EINKBELEG,115300,0000002705,2000000168,batch_00
20180216,EINKBELEG,115300,0000002706,2000000168,batch_00
20180216,EINKBELEG,115300,0000002707,2000000168,user_000
20180216,EINKBELEG,105300,0000002708,2000000169,batch_00
20180216,EINKBELEG,115300,0000002709,2000000169,batch_00
20180216,EINKBELEG,115300,0000002710,2000000169,batch_00
20180216,EINKBELEG,115300,0000002711,2000000169,batch_00
20180216,EINKBELEG,115300,0000002712,2000000169,batch_00
20180216,EINKBELEG,115300,0000002713,2000000169,batch_00
20180216,EINKBELEG,115300,0000002714,2000000169,batch_00
20180216,EINKBELEG,115300,0000002715,2000000169,user_000
20180216,EINKBELEG,105300,0000002716,2000000169,batch_00
20180216,EINKBELEG,115300,0000002717,2000000169,batch_00
20180216,EINKBELEG,115300,0000002718,2000000169,batch_00
20180216,EINKBELEG,115300,0000002719,2000000169,batch_00
20180216,EINKBELEG,115300,0000002720,2000000169,batch_00
20180216,EINKBELEG,115300,0000002721,2000000169,batch_00
20180216,EINKBELEG,115300,0000002722,2000000169,batch_00
20180216,EINKBELEG,115300,0000002723,2000000169,user_000
20180216,EINKBELEG,105300,0000002724,2000000169,batch_00
20180216,EINKBELEG,115300,0000002725,2000000169,batch_00
20180216,EINKBELEG,115300,0000002726,2000000169,batch_00
20180216,EINKBELEG,115300,0000002727,2000000169,batch_00
20180216,EINKBELEG,115300,0000002728,2000000169,batch_00
20180216,EINKBELEG,115300,0000002729,2000000169,batch_00
20180216,EINKBELEG,115300,0000002730,2000000169,batch_00
20180216,EINKBELEG,115300,0000002731,2000000169,user_000
20180216,EINKBELEG,105300,0000002732,2000000170,batch_00
20180216,EINKBELEG,115300,0000002733,2000000170,batch_00
20180216,EINKBELEG,115300,0000002734,2000000170,batch_00
20180216,EINKBELEG,115300,0000002735,2000000170,batch_00
20180216,EINKBELEG,115300,0000002736,2000000170,batch_00
20180216,EINKBELEG,115300,0000002737,2000000170,batch_00
20180216,EINKBELEG,115300,0000002738,2000000170,batch_00
20180216,EINKBELEG,115300,0000002739,2000000170,user_000
20180216,EINKBELEG,111700,0000002740,2000000171,batch_00
20180216,EINKBELEG,121700,0000002741,2000000171,batch_00
20180216,EINKBELEG,121700,0000002742,2000000171,batch_00
20180216,EINKBELEG,121700,0000002743,2000000171,batch_00
20180216,EINKBELEG,121700,0000002744,2000000171,batch_00
20180216,EINKBELEG,121700,0000002745,2000000171,batch_00
20180216,EINKBELEG,121700,0000002746,2000000171,user_000
20180216,EINKBELEG,121700,0000002747,2000000171,batch_00
20190117,EINKBELEG,110100,0000002748,2000000171,user_003
20180216,EINKBELEG,123400,0000002749,2000000172,batch_00
20180216,EINKBELEG,133400,0000002750,2000000172,batch_00
20180216,EINKBELEG,133400,0000002751,2000000172,batch_00
20180216,EINKBELEG,133400,0000002752,2000000172,batch_00
20180216,EINKBELEG,133400,0000002753,2000000172,batch_00
20180216,EINKBELEG,133400,0000002754,2000000172,batch_00
20180216,EINKBELEG,133400,0000002755,2000000172,batch_00
20180216,EINKBELEG,133400,0000002756,2000000172,user_000
20180227,EINKBELEG,225900,0000002757,2000000172,NONE
20180803,EINKBELEG,091000,0000002758,2000000172,user_001
20180216,EINKBELEG,123400,0000002759,2000000172,batch_00
20180216,EINKBELEG,133400,0000002760,2000000172,batch_00
20180216,EINKBELEG,133400,0000002761,2000000172,batch_00
20180216,EINKBELEG,133400,0000002762,2000000172,batch_00
20180216,EINKBELEG,133400,0000002763,2000000172,batch_00
20180216,EINKBELEG,133400,0000002764,2000000172,batch_00
20180216,EINKBELEG,133400,0000002765,2000000172,batch_00
20180216,EINKBELEG,133400,0000002766,2000000172,user_000
20180227,EINKBELEG,225900,0000002767,2000000172,NONE
20180803,EINKBELEG,091000,0000002768,2000000172,user_001
20180216,EINKBELEG,123400,0000002769,2000000173,batch_00
20180216,EINKBELEG,133400,0000002770,2000000173,batch_00
20180216,EINKBELEG,133400,0000002771,2000000173,batch_00
20180216,EINKBELEG,133400,0000002772,2000000173,batch_00
20180216,EINKBELEG,133400,0000002773,2000000173,batch_00
20180216,EINKBELEG,133400,0000002774,2000000173,batch_00
20180216,EINKBELEG,133400,0000002775,2000000173,batch_00
20180216,EINKBELEG,133400,0000002776,2000000173,user_000
20180216,EINKBELEG,123400,0000002777,2000000173,batch_00
20180216,EINKBELEG,133400,0000002778,2000000173,batch_00
20180216,EINKBELEG,133400,0000002779,2000000173,batch_00
20180216,EINKBELEG,133400,0000002780,2000000173,batch_00
20180216,EINKBELEG,133400,0000002781,2000000173,batch_00
20180216,EINKBELEG,133400,0000002782,2000000173,batch_00
20180216,EINKBELEG,133400,0000002783,2000000173,batch_00
20180216,EINKBELEG,133400,0000002784,2000000173,user_000
20180216,EINKBELEG,123400,0000002785,2000000173,batch_00
20180216,EINKBELEG,133400,0000002786,2000000173,batch_00
20180216,EINKBELEG,133400,0000002787,2000000173,batch_00
20180216,EINKBELEG,133400,0000002788,2000000173,batch_00
20180216,EINKBELEG,133400,0000002789,2000000173,batch_00
20180216,EINKBELEG,133400,0000002790,2000000173,batch_00
20180216,EINKBELEG,133400,0000002791,2000000173,batch_00
20180216,EINKBELEG,133400,0000002792,2000000173,user_000
20180216,EINKBELEG,123400,0000002793,2000000173,batch_00
20180216,EINKBELEG,133400,0000002794,2000000173,batch_00
20180216,EINKBELEG,133400,0000002795,2000000173,batch_00
20180216,EINKBELEG,133400,0000002796,2000000173,batch_00
20180216,EINKBELEG,133400,0000002797,2000000173,batch_00
20180216,EINKBELEG,133400,0000002798,2000000173,batch_00
20180216,EINKBELEG,133400,0000002799,2000000173,batch_00
20180216,EINKBELEG,133400,0000002800,2000000173,user_000
20180216,EINKBELEG,123400,0000002801,2000000174,batch_00
20180216,EINKBELEG,133400,0000002802,2000000174,batch_00
20180216,EINKBELEG,133400,0000002803,2000000174,batch_00
20180216,EINKBELEG,133400,0000002804,2000000174,batch_00
20180216,EINKBELEG,133400,0000002805,2000000174,batch_00
20180216,EINKBELEG,133400,0000002806,2000000174,batch_00
20180216,EINKBELEG,133400,0000002807,2000000174,batch_00
20180216,EINKBELEG,133400,0000002808,2000000174,user_000
20180410,EINKBELEG,073600,0000002809,2000000174,user_010
20180410,EINKBELEG,093700,0000002810,2000000174,user_010
20180410,EINKBELEG,093700,0000002811,2000000174,user_010
20180410,EINKBELEG,093700,0000002812,2000000174,user_010
20180410,EINKBELEG,093800,0000002813,2000000174,batch_00
20180410,EINKBELEG,093800,0000002814,2000000174,batch_00
20180410,EINKBELEG,093800,0000002815,2000000174,batch_00
20180410,EINKBELEG,093800,0000002816,2000000174,user_000
20180216,EINKBELEG,123400,0000002817,2000000174,batch_00
20180216,EINKBELEG,133400,0000002818,2000000174,batch_00
20180216,EINKBELEG,133400,0000002819,2000000174,batch_00
20180216,EINKBELEG,133400,0000002820,2000000174,batch_00
20180216,EINKBELEG,133400,0000002821,2000000174,batch_00
20180216,EINKBELEG,133400,0000002822,2000000174,batch_00
20180216,EINKBELEG,133400,0000002823,2000000174,batch_00
20180216,EINKBELEG,133400,0000002824,2000000174,user_000
20180410,EINKBELEG,073600,0000002825,2000000174,user_010
20180410,EINKBELEG,093700,0000002826,2000000174,user_010
20180410,EINKBELEG,093700,0000002827,2000000174,user_010
20180410,EINKBELEG,093700,0000002828,2000000174,user_010
20180410,EINKBELEG,093800,0000002829,2000000174,batch_00
20180410,EINKBELEG,093800,0000002830,2000000174,batch_00
20180410,EINKBELEG,093800,0000002831,2000000174,batch_00
20180410,EINKBELEG,093800,0000002832,2000000174,user_000
20180216,EINKBELEG,123400,0000002833,2000000174,batch_00
20180216,EINKBELEG,133400,0000002834,2000000174,batch_00
20180216,EINKBELEG,133400,0000002835,2000000174,batch_00
20180216,EINKBELEG,133400,0000002836,2000000174,batch_00
20180216,EINKBELEG,133400,0000002837,2000000174,batch_00
20180216,EINKBELEG,133400,0000002838,2000000174,batch_00
20180216,EINKBELEG,133400,0000002839,2000000174,batch_00
20180216,EINKBELEG,133400,0000002840,2000000174,user_000
20180410,EINKBELEG,073600,0000002841,2000000174,user_010
20180410,EINKBELEG,093700,0000002842,2000000174,user_010
20180410,EINKBELEG,093700,0000002843,2000000174,user_010
20180410,EINKBELEG,093700,0000002844,2000000174,user_010
20180410,EINKBELEG,093800,0000002845,2000000174,batch_00
20180410,EINKBELEG,093800,0000002846,2000000174,batch_00
20180410,EINKBELEG,093800,0000002847,2000000174,batch_00
20180410,EINKBELEG,093800,0000002848,2000000174,user_000
20180216,EINKBELEG,123400,0000002849,2000000174,batch_00
20180216,EINKBELEG,133400,0000002850,2000000174,batch_00
20180216,EINKBELEG,133400,0000002851,2000000174,batch_00
20180216,EINKBELEG,133400,0000002852,2000000174,batch_00
20180216,EINKBELEG,133400,0000002853,2000000174,batch_00
20180216,EINKBELEG,133400,0000002854,2000000174,batch_00
20180216,EINKBELEG,133400,0000002855,2000000174,batch_00
20180216,EINKBELEG,133400,0000002856,2000000174,user_000
20180410,EINKBELEG,073600,0000002857,2000000174,user_010
20180410,EINKBELEG,093700,0000002858,2000000174,user_010
20180410,EINKBELEG,093700,0000002859,2000000174,user_010
20180410,EINKBELEG,093700,0000002860,2000000174,user_010
20180410,EINKBELEG,093800,0000002861,2000000174,batch_00
20180410,EINKBELEG,093800,0000002862,2000000174,batch_00
20180410,EINKBELEG,093800,0000002863,2000000174,batch_00
20180410,EINKBELEG,093800,0000002864,2000000174,user_000
20180216,EINKBELEG,123400,0000002865,2000000174,batch_00
20180216,EINKBELEG,133400,0000002866,2000000174,batch_00
20180216,EINKBELEG,133400,0000002867,2000000174,batch_00
20180216,EINKBELEG,133400,0000002868,2000000174,batch_00
20180216,EINKBELEG,133400,0000002869,2000000174,batch_00
20180216,EINKBELEG,133400,0000002870,2000000174,batch_00
20180216,EINKBELEG,133400,0000002871,2000000174,batch_00
20180216,EINKBELEG,133400,0000002872,2000000174,user_000
20180410,EINKBELEG,073600,0000002873,2000000174,user_010
20180410,EINKBELEG,093700,0000002874,2000000174,user_010
20180410,EINKBELEG,093700,0000002875,2000000174,user_010
20180410,EINKBELEG,093700,0000002876,2000000174,user_010
20180410,EINKBELEG,093800,0000002877,2000000174,batch_00
20180410,EINKBELEG,093800,0000002878,2000000174,batch_00
20180410,EINKBELEG,093800,0000002879,2000000174,batch_00
20180410,EINKBELEG,093800,0000002880,2000000174,user_000
20180216,EINKBELEG,123400,0000002881,2000000174,batch_00
20180216,EINKBELEG,133400,0000002882,2000000174,batch_00
20180216,EINKBELEG,133400,0000002883,2000000174,batch_00
20180216,EINKBELEG,133400,0000002884,2000000174,batch_00
20180216,EINKBELEG,133400,0000002885,2000000174,batch_00
20180216,EINKBELEG,133400,0000002886,2000000174,batch_00
20180216,EINKBELEG,133400,0000002887,2000000174,batch_00
20180216,EINKBELEG,133400,0000002888,2000000174,user_000
20180410,EINKBELEG,073600,0000002889,2000000174,user_010
20180410,EINKBELEG,093700,0000002890,2000000174,user_010
20180410,EINKBELEG,093700,0000002891,2000000174,user_010
20180410,EINKBELEG,093700,0000002892,2000000174,user_010
20180410,EINKBELEG,093800,0000002893,2000000174,batch_00
20180410,EINKBELEG,093800,0000002894,2000000174,batch_00
20180410,EINKBELEG,093800,0000002895,2000000174,batch_00
20180410,EINKBELEG,093800,0000002896,2000000174,user_000
20180216,EINKBELEG,123400,0000002897,2000000175,batch_00
20180216,EINKBELEG,133400,0000002898,2000000175,batch_00
20180216,EINKBELEG,133400,0000002899,2000000175,batch_00
20180216,EINKBELEG,133400,0000002900,2000000175,batch_00
20180216,EINKBELEG,133400,0000002901,2000000175,batch_00
20180216,EINKBELEG,133400,0000002902,2000000175,batch_00
20180216,EINKBELEG,133400,0000002903,2000000175,batch_00
20180216,EINKBELEG,133400,0000002904,2000000175,user_000
20180216,EINKBELEG,123400,0000002905,2000000175,batch_00
20180216,EINKBELEG,133400,0000002906,2000000175,batch_00
20180216,EINKBELEG,133400,0000002907,2000000175,batch_00
20180216,EINKBELEG,133400,0000002908,2000000175,batch_00
20180216,EINKBELEG,133400,0000002909,2000000175,batch_00
20180216,EINKBELEG,133400,0000002910,2000000175,batch_00
20180216,EINKBELEG,133400,0000002911,2000000175,batch_00
20180216,EINKBELEG,133400,0000002912,2000000175,user_000
20180216,EINKBELEG,152500,0000002913,2000000176,batch_00
20180216,EINKBELEG,162500,0000002914,2000000176,batch_00
20180216,EINKBELEG,162500,0000002915,2000000176,batch_00
20180216,EINKBELEG,162500,0000002916,2000000176,batch_00
20180216,EINKBELEG,162500,0000002917,2000000176,batch_00
20180216,EINKBELEG,162500,0000002918,2000000176,batch_00
20180216,EINKBELEG,162500,0000002919,2000000176,batch_00
20180216,EINKBELEG,162500,0000002920,2000000176,user_000
20180219,EINKBELEG,065100,0000002921,2000000177,batch_00
20180219,EINKBELEG,075100,0000002922,2000000177,batch_00
20180219,EINKBELEG,075100,0000002923,2000000177,batch_00
20180221,EINKBELEG,120000,0000002924,2000000177,user_028
20180221,EINKBELEG,120000,0000002925,2000000177,user_028
20180221,EINKBELEG,120000,0000002926,2000000177,user_028
20180221,EINKBELEG,120100,0000002927,2000000177,batch_00
20180221,EINKBELEG,120100,0000002928,2000000177,batch_00
20180221,EINKBELEG,120100,0000002929,2000000177,user_000
20180221,EINKBELEG,120100,0000002930,2000000177,batch_00
20180219,EINKBELEG,065100,0000002931,2000000177,batch_00
20180219,EINKBELEG,075100,0000002932,2000000177,batch_00
20180219,EINKBELEG,075100,0000002933,2000000177,batch_00
20180221,EINKBELEG,120000,0000002934,2000000177,user_028
20180221,EINKBELEG,120000,0000002935,2000000177,user_028
20180221,EINKBELEG,120000,0000002936,2000000177,user_028
20180221,EINKBELEG,120100,0000002937,2000000177,batch_00
20180221,EINKBELEG,120100,0000002938,2000000177,batch_00
20180221,EINKBELEG,120100,0000002939,2000000177,user_000
20180221,EINKBELEG,120100,0000002940,2000000177,batch_00
20180219,EINKBELEG,112800,0000002941,2000000178,batch_00
20180219,EINKBELEG,122800,0000002942,2000000178,batch_00
20180219,EINKBELEG,122800,0000002943,2000000178,batch_00
20180219,EINKBELEG,122800,0000002944,2000000178,batch_00
20180219,EINKBELEG,122900,0000002945,2000000178,batch_00
20180219,EINKBELEG,122900,0000002946,2000000178,batch_00
20180219,EINKBELEG,122900,0000002947,2000000178,batch_00
20180219,EINKBELEG,122900,0000002948,2000000178,user_000
20180620,EINKBELEG,140400,0000002949,2000000178,batch_00
20180620,EINKBELEG,140400,0000002950,2000000178,batch_00
20180625,EINKBELEG,102400,0000002951,2000000178,batch_00
20180219,EINKBELEG,112800,0000002952,2000000178,batch_00
20180219,EINKBELEG,122800,0000002953,2000000178,batch_00
20180219,EINKBELEG,122800,0000002954,2000000178,batch_00
20180219,EINKBELEG,122800,0000002955,2000000178,batch_00
20180219,EINKBELEG,122900,0000002956,2000000178,batch_00
20180219,EINKBELEG,122900,0000002957,2000000178,batch_00
20180219,EINKBELEG,122900,0000002958,2000000178,batch_00
20180219,EINKBELEG,122900,0000002959,2000000178,user_000
20180620,EINKBELEG,140400,0000002960,2000000178,batch_00
20180620,EINKBELEG,140400,0000002961,2000000178,batch_00
20180625,EINKBELEG,102400,0000002962,2000000178,batch_00
20180219,EINKBELEG,112800,0000002963,2000000178,batch_00
20180219,EINKBELEG,122800,0000002964,2000000178,batch_00
20180219,EINKBELEG,122800,0000002965,2000000178,batch_00
20180219,EINKBELEG,122800,0000002966,2000000178,batch_00
20180219,EINKBELEG,122900,0000002967,2000000178,batch_00
20180219,EINKBELEG,122900,0000002968,2000000178,batch_00
20180219,EINKBELEG,122900,0000002969,2000000178,batch_00
20180620,EINKBELEG,140400,0000002970,2000000178,batch_00
20180620,EINKBELEG,140400,0000002971,2000000178,batch_00
20180620,EINKBELEG,140400,0000002972,2000000178,user_000
20180625,EINKBELEG,082300,0000002973,2000000178,user_016
20180625,EINKBELEG,102400,0000002974,2000000178,user_016
20180625,EINKBELEG,102400,0000002975,2000000178,user_016
20180625,EINKBELEG,102400,0000002976,2000000178,user_016
20180625,EINKBELEG,102400,0000002977,2000000178,batch_00
20180625,EINKBELEG,102400,0000002978,2000000178,batch_00
20180625,EINKBELEG,102400,0000002979,2000000178,batch_00
20180625,EINKBELEG,102400,0000002980,2000000178,user_000
20180219,EINKBELEG,112800,0000002981,2000000179,batch_00
20180219,EINKBELEG,122800,0000002982,2000000179,batch_00
20180219,EINKBELEG,122800,0000002983,2000000179,batch_00
20180219,EINKBELEG,122800,0000002984,2000000179,batch_00
20180219,EINKBELEG,122900,0000002985,2000000179,batch_00
20180219,EINKBELEG,122900,0000002986,2000000179,batch_00
20180219,EINKBELEG,122900,0000002987,2000000179,user_000
20180219,EINKBELEG,123000,0000002988,2000000179,batch_00
20180219,EINKBELEG,112900,0000002989,2000000180,batch_00
20180219,EINKBELEG,122900,0000002990,2000000180,batch_00
20180219,EINKBELEG,122900,0000002991,2000000180,batch_00
20180219,EINKBELEG,122900,0000002992,2000000180,batch_00
20180219,EINKBELEG,122900,0000002993,2000000180,batch_00
20180219,EINKBELEG,122900,0000002994,2000000180,batch_00
20180219,EINKBELEG,122900,0000002995,2000000180,user_000
20180219,EINKBELEG,123000,0000002996,2000000180,batch_00
20180219,EINKBELEG,112900,0000002997,2000000180,batch_00
20180219,EINKBELEG,122900,0000002998,2000000180,batch_00
20180219,EINKBELEG,122900,0000002999,2000000180,batch_00
20180219,EINKBELEG,122900,0000003000,2000000180,batch_00
20180219,EINKBELEG,122900,0000003001,2000000180,batch_00
20180219,EINKBELEG,122900,0000003002,2000000180,batch_00
20180219,EINKBELEG,122900,0000003003,2000000180,user_000
20180219,EINKBELEG,123000,0000003004,2000000180,batch_00
20180219,EINKBELEG,112900,0000003005,2000000180,batch_00
20180219,EINKBELEG,122900,0000003006,2000000180,batch_00
20180219,EINKBELEG,122900,0000003007,2000000180,batch_00
20180219,EINKBELEG,122900,0000003008,2000000180,batch_00
20180219,EINKBELEG,122900,0000003009,2000000180,batch_00
20180219,EINKBELEG,122900,0000003010,2000000180,batch_00
20180219,EINKBELEG,122900,0000003011,2000000180,user_000
20180219,EINKBELEG,123000,0000003012,2000000180,batch_00
20180219,EINKBELEG,112800,0000003013,2000000181,batch_00
20180219,EINKBELEG,122800,0000003014,2000000181,batch_00
20180219,EINKBELEG,122800,0000003015,2000000181,batch_00
20180219,EINKBELEG,122800,0000003016,2000000181,batch_00
20180219,EINKBELEG,122900,0000003017,2000000181,batch_00
20180219,EINKBELEG,122900,0000003018,2000000181,batch_00
20180219,EINKBELEG,122900,0000003019,2000000181,user_000
20180219,EINKBELEG,122900,0000003020,2000000181,batch_00
20180219,EINKBELEG,165100,0000003021,2000000182,batch_00
20180219,EINKBELEG,175100,0000003022,2000000182,batch_00
20180219,EINKBELEG,175100,0000003023,2000000182,batch_00
20180219,EINKBELEG,175100,0000003024,2000000182,batch_00
20180219,EINKBELEG,175100,0000003025,2000000182,batch_00
20180219,EINKBELEG,175100,0000003026,2000000182,batch_00
20180219,EINKBELEG,175100,0000003027,2000000182,user_000
20180219,EINKBELEG,175100,0000003028,2000000182,batch_00
20180220,EINKBELEG,090600,0000003029,2000000183,batch_00
20180220,EINKBELEG,100600,0000003030,2000000183,batch_00
20180220,EINKBELEG,100600,0000003031,2000000183,batch_00
20180220,EINKBELEG,100600,0000003032,2000000183,batch_00
20180220,EINKBELEG,100600,0000003033,2000000183,batch_00
20180220,EINKBELEG,100600,0000003034,2000000183,batch_00
20180220,EINKBELEG,100600,0000003035,2000000183,batch_00
20180220,EINKBELEG,100600,0000003036,2000000183,user_000
20180314,EINKBELEG,101800,0000003037,2000000183,user_022
20180220,EINKBELEG,092200,0000003038,2000000184,batch_00
20180220,EINKBELEG,102200,0000003039,2000000184,batch_00
20180220,EINKBELEG,102200,0000003040,2000000184,batch_00
20180220,EINKBELEG,102200,0000003041,2000000184,batch_00
20180220,EINKBELEG,102200,0000003042,2000000184,batch_00
20180220,EINKBELEG,102200,0000003043,2000000184,batch_00
20180220,EINKBELEG,102200,0000003044,2000000184,batch_00
20180220,EINKBELEG,102200,0000003045,2000000184,user_000
20180323,EINKBELEG,225900,0000003046,2000000184,NONE
20181026,EINKBELEG,071000,0000003047,2000000184,user_001
20180220,EINKBELEG,125600,0000003048,2000000185,batch_00
20180220,EINKBELEG,135600,0000003049,2000000185,batch_00
20180220,EINKBELEG,135600,0000003050,2000000185,batch_00
20180220,EINKBELEG,135600,0000003051,2000000185,batch_00
20180220,EINKBELEG,135600,0000003052,2000000185,batch_00
20180220,EINKBELEG,135600,0000003053,2000000185,batch_00
20180220,EINKBELEG,135600,0000003054,2000000185,batch_00
20180220,EINKBELEG,135600,0000003055,2000000185,user_000
20180221,EINKBELEG,225900,0000003056,2000000185,NONE
20180405,EINKBELEG,095400,0000003057,2000000185,user_006
20180221,EINKBELEG,081800,0000003058,2000000186,batch_00
20180221,EINKBELEG,091800,0000003059,2000000186,batch_00
20180221,EINKBELEG,091800,0000003060,2000000186,batch_00
20180221,EINKBELEG,091800,0000003061,2000000186,batch_00
20180221,EINKBELEG,091900,0000003062,2000000186,batch_00
20180221,EINKBELEG,091900,0000003063,2000000186,batch_00
20180221,EINKBELEG,092600,0000003064,2000000186,batch_00
20180221,EINKBELEG,092600,0000003065,2000000186,user_000
20181003,EINKBELEG,090700,0000003066,2000000186,user_022
20181003,EINKBELEG,110700,0000003067,2000000186,user_022
20181003,EINKBELEG,110700,0000003068,2000000186,user_022
20181003,EINKBELEG,110700,0000003069,2000000186,user_022
20181003,EINKBELEG,110700,0000003070,2000000186,batch_00
20181003,EINKBELEG,110700,0000003071,2000000186,batch_00
20181003,EINKBELEG,110700,0000003072,2000000186,batch_00
20181118,EINKBELEG,083300,0000003073,2000000186,user_022
20181118,EINKBELEG,093300,0000003074,2000000186,user_022
20181118,EINKBELEG,093300,0000003075,2000000186,user_022
20181118,EINKBELEG,093300,0000003076,2000000186,user_022
20181118,EINKBELEG,093300,0000003077,2000000186,batch_00
20181118,EINKBELEG,093300,0000003078,2000000186,batch_00
20181118,EINKBELEG,093300,0000003079,2000000186,batch_00
20180221,EINKBELEG,093500,0000003080,2000000187,batch_00
20180221,EINKBELEG,103600,0000003081,2000000187,batch_00
20180221,EINKBELEG,103600,0000003082,2000000187,batch_00
20180221,EINKBELEG,113300,0000003083,2000000187,user_028
20180221,EINKBELEG,113300,0000003084,2000000187,user_028
20180221,EINKBELEG,113300,0000003085,2000000187,user_028
20180221,EINKBELEG,113300,0000003086,2000000187,batch_00
20180221,EINKBELEG,113300,0000003087,2000000187,batch_00
20180221,EINKBELEG,113300,0000003088,2000000187,batch_00
20180221,EINKBELEG,113300,0000003089,2000000187,user_000
20180221,EINKBELEG,123300,0000003090,2000000188,batch_00
20180221,EINKBELEG,133400,0000003091,2000000188,batch_00
20180221,EINKBELEG,133400,0000003092,2000000188,batch_00
20180221,EINKBELEG,133400,0000003093,2000000188,batch_00
20180221,EINKBELEG,133500,0000003094,2000000188,batch_00
20180221,EINKBELEG,133500,0000003095,2000000188,batch_00
20180221,EINKBELEG,133500,0000003096,2000000188,user_000
20180221,EINKBELEG,133500,0000003097,2000000188,batch_00
20190117,EINKBELEG,110100,0000003098,2000000188,user_003
20190117,EINKBELEG,110100,0000003099,2000000188,user_003
20180221,EINKBELEG,151700,0000003100,2000000189,batch_00
20180221,EINKBELEG,161700,0000003101,2000000189,batch_00
20180221,EINKBELEG,161700,0000003102,2000000189,batch_00
20180221,EINKBELEG,161700,0000003103,2000000189,batch_00
20180221,EINKBELEG,161700,0000003104,2000000189,batch_00
20180221,EINKBELEG,161700,0000003105,2000000189,batch_00
20180221,EINKBELEG,162100,0000003106,2000000189,batch_00
20180221,EINKBELEG,162100,0000003107,2000000189,user_000
20180221,EINKBELEG,151700,0000003108,2000000190,batch_00
20180221,EINKBELEG,161700,0000003109,2000000190,batch_00
20180221,EINKBELEG,161700,0000003110,2000000190,batch_00
20180221,EINKBELEG,161700,0000003111,2000000190,batch_00
20180221,EINKBELEG,161700,0000003112,2000000190,batch_00
20180221,EINKBELEG,161700,0000003113,2000000190,batch_00
20180221,EINKBELEG,162100,0000003114,2000000190,batch_00
20180221,EINKBELEG,162100,0000003115,2000000190,user_000
20180221,EINKBELEG,161800,0000003116,2000000191,batch_00
20180221,EINKBELEG,171800,0000003117,2000000191,batch_00
20180221,EINKBELEG,171800,0000003118,2000000191,batch_00
20180221,EINKBELEG,171800,0000003119,2000000191,batch_00
20180221,EINKBELEG,171800,0000003120,2000000191,batch_00
20180221,EINKBELEG,171800,0000003121,2000000191,batch_00
20180221,EINKBELEG,171800,0000003122,2000000191,batch_00
20180221,EINKBELEG,171800,0000003123,2000000191,user_000
20190117,EINKBELEG,110100,0000003124,2000000191,user_003
20190117,EINKBELEG,110200,0000003125,2000000191,user_003
20180222,EINKBELEG,075000,0000003126,2000000192,batch_00
20180222,EINKBELEG,085000,0000003127,2000000192,batch_00
20180222,EINKBELEG,085000,0000003128,2000000192,batch_00
20180222,EINKBELEG,085000,0000003129,2000000192,batch_00
20180222,EINKBELEG,085000,0000003130,2000000192,batch_00
20180222,EINKBELEG,085000,0000003131,2000000192,batch_00
20180222,EINKBELEG,085400,0000003132,2000000192,batch_00
20180222,EINKBELEG,085400,0000003133,2000000192,user_000
20180223,EINKBELEG,083000,0000003134,2000000193,batch_00
20180223,EINKBELEG,093000,0000003135,2000000193,batch_00
20180223,EINKBELEG,093000,0000003136,2000000193,batch_00
20180223,EINKBELEG,093000,0000003137,2000000193,batch_00
20180223,EINKBELEG,093000,0000003138,2000000193,batch_00
20180223,EINKBELEG,093000,0000003139,2000000193,batch_00
20180223,EINKBELEG,093000,0000003140,2000000193,batch_00
20180223,EINKBELEG,093000,0000003141,2000000193,user_000
20180223,EINKBELEG,225900,0000003142,2000000193,NONE
20181105,EINKBELEG,120100,0000003143,2000000193,user_004
20181109,EINKBELEG,225900,0000003144,2000000193,NONE
20181112,EINKBELEG,084700,0000003145,2000000193,user_015
20190117,EINKBELEG,110200,0000003146,2000000193,user_003
20180223,EINKBELEG,110700,0000003147,2000000194,batch_00
20180223,EINKBELEG,120700,0000003148,2000000194,batch_00
20180223,EINKBELEG,120700,0000003149,2000000194,batch_00
20180223,EINKBELEG,120700,0000003150,2000000194,batch_00
20180223,EINKBELEG,120700,0000003151,2000000194,batch_00
20180223,EINKBELEG,120700,0000003152,2000000194,batch_00
20180223,EINKBELEG,120700,0000003153,2000000194,batch_00
20180223,EINKBELEG,120700,0000003154,2000000194,user_000
20180223,EINKBELEG,111000,0000003155,2000000195,batch_00
20180223,EINKBELEG,121000,0000003156,2000000195,batch_00
20180223,EINKBELEG,121000,0000003157,2000000195,batch_00
20180223,EINKBELEG,121000,0000003158,2000000195,batch_00
20180223,EINKBELEG,121000,0000003159,2000000195,batch_00
20180223,EINKBELEG,121000,0000003160,2000000195,user_000
20180223,EINKBELEG,121000,0000003161,2000000195,batch_00
20180223,EINKBELEG,121000,0000003162,2000000195,batch_00
20180223,EINKBELEG,123500,0000003163,2000000196,batch_00
20180223,EINKBELEG,133500,0000003164,2000000196,batch_00
20180223,EINKBELEG,133500,0000003165,2000000196,batch_00
20180223,EINKBELEG,133500,0000003166,2000000196,batch_00
20180223,EINKBELEG,133500,0000003167,2000000196,batch_00
20180223,EINKBELEG,133500,0000003168,2000000196,batch_00
20180223,EINKBELEG,133500,0000003169,2000000196,batch_00
20180223,EINKBELEG,133500,0000003170,2000000196,user_000
20180223,EINKBELEG,162800,0000003171,2000000197,batch_00
20180223,EINKBELEG,172800,0000003172,2000000197,batch_00
20180223,EINKBELEG,172800,0000003173,2000000197,batch_00
20180223,EINKBELEG,172800,0000003174,2000000197,batch_00
20180223,EINKBELEG,172800,0000003175,2000000197,batch_00
20180223,EINKBELEG,172800,0000003176,2000000197,batch_00
20180223,EINKBELEG,172800,0000003177,2000000197,user_000
20180223,EINKBELEG,172800,0000003178,2000000197,batch_00
20180223,EINKBELEG,162800,0000003179,2000000197,batch_00
20180223,EINKBELEG,172800,0000003180,2000000197,batch_00
20180223,EINKBELEG,172800,0000003181,2000000197,batch_00
20180223,EINKBELEG,172800,0000003182,2000000197,batch_00
20180223,EINKBELEG,172800,0000003183,2000000197,batch_00
20180223,EINKBELEG,172800,0000003184,2000000197,batch_00
20180223,EINKBELEG,172800,0000003185,2000000197,user_000
20180223,EINKBELEG,172800,0000003186,2000000197,batch_00
