CHNGIND,CHANGENR,VALUE_NEW,TABNAME,FNAME
U,0000000001,SRM: Created,EBAN,SRM_STATUS
U,0000000002,SRM: Complete,EBAN,SRM_STATUS
U,0000000003,SRM: Awaiting Approval,EBAN,SRM_STATUS
U,0000000004,SRM: Document Completed,EBAN,SRM_STATUS
U,0000000005,SRM: In Transfer to Execution Syst.,EBAN,SRM_STATUS
U,0000000006,SRM: Ordered,EBAN,SRM_STATUS
U,0000000007,SRM: Change was Transmitted,EBAN,SRM_STATUS
I,0000000008,00001,EKPO,EBELP
U,0000000009,SRM: Created,EBAN,SRM_STATUS
U,0000000010,SRM: Complete,EBAN,SRM_STATUS
U,0000000011,SRM: Awaiting Approval,EBAN,SRM_STATUS
U,0000000012,SRM: Document Completed,EBAN,SRM_STATUS
U,0000000013,SRM: Ordered,EBAN,SRM_STATUS
U,0000000014,SRM: In Transfer to Execution Syst.,EBAN,SRM_STATUS
U,0000000015,SRM: Change was Transmitted,EBAN,SRM_STATUS
I,0000000016,00001,EKPO,EBELP
U,0000000017,SRM: In Transfer to Execution Syst.,EBAN,SRM_STATUS
U,0000000018,SRM: Transfer Failed (E.Sys.),EBAN,SRM_STATUS
U,0000000019,SRM: Created,EBAN,SRM_STATUS
U,0000000020,SRM: Complete,EBAN,SRM_STATUS
U,0000000021,SRM: Awaiting Approval,EBAN,SRM_STATUS
U,0000000022,SRM: Document Completed,EBAN,SRM_STATUS
U,0000000023,SRM: Ordered,EBAN,SRM_STATUS
U,0000000024,SRM: In Transfer to Execution Syst.,EBAN,SRM_STATUS
U,0000000025,SRM: Change was Transmitted,EBAN,SRM_STATUS
I,0000000026,00001,EKPO,EBELP
U,0000000027,Cancel Goods Receipt,EKPO,UNMAPPED_ACTIVITY
U,0000000028,SRM: In Transfer to Execution Syst.,EBAN,SRM_STATUS
U,0000000029,SRM: Transfer Failed (E.Sys.),EBAN,SRM_STATUS
U,0000000030,SRM: Created,EBAN,SRM_STATUS
U,0000000031,SRM: Complete,EBAN,SRM_STATUS
U,0000000032,SRM: Awaiting Approval,EBAN,SRM_STATUS
U,0000000033,SRM: Document Completed,EBAN,SRM_STATUS
U,0000000034,SRM: In Transfer to Execution Syst.,EBAN,SRM_STATUS
U,0000000035,SRM: Ordered,EBAN,SRM_STATUS
U,0000000036,SRM: Change was Transmitted,EBAN,SRM_STATUS
I,0000000037,00001,EKPO,EBELP
U,0000000038,SRM: Created,EBAN,SRM_STATUS
U,0000000039,SRM: Complete,EBAN,SRM_STATUS
U,0000000040,SRM: Awaiting Approval,EBAN,SRM_STATUS
U,0000000041,SRM: Document Completed,EBAN,SRM_STATUS
U,0000000042,SRM: In Transfer to Execution Syst.,EBAN,SRM_STATUS
U,0000000043,SRM: Ordered,EBAN,SRM_STATUS
U,0000000044,SRM: Change was Transmitted,EBAN,SRM_STATUS
I,0000000045,00002,EKPO,EBELP
U,0000000046,SRM: Created,EBAN,SRM_STATUS
U,0000000047,SRM: Complete,EBAN,SRM_STATUS
U,0000000048,SRM: Awaiting Approval,EBAN,SRM_STATUS
U,0000000049,SRM: Document Completed,EBAN,SRM_STATUS
U,0000000050,SRM: In Transfer to Execution Syst.,EBAN,SRM_STATUS
U,0000000051,SRM: Ordered,EBAN,SRM_STATUS
U,0000000052,SRM: Change was Transmitted,EBAN,SRM_STATUS
I,0000000053,00003,EKPO,EBELP
U,0000000054,SRM: Created,EBAN,SRM_STATUS
U,0000000055,SRM: Complete,EBAN,SRM_STATUS
U,0000000056,SRM: Awaiting Approval,EBAN,SRM_STATUS
U,0000000057,SRM: Document Completed,EBAN,SRM_STATUS
U,0000000058,SRM: In Transfer to Execution Syst.,EBAN,SRM_STATUS
U,0000000059,SRM: Ordered,EBAN,SRM_STATUS
U,0000000060,SRM: Change was Transmitted,EBAN,SRM_STATUS
I,0000000061,00001,EKPO,EBELP
U,0000000062,SRM: Created,EBAN,SRM_STATUS
U,0000000063,SRM: Complete,EBAN,SRM_STATUS
U,0000000064,SRM: Awaiting Approval,EBAN,SRM_STATUS
U,0000000065,SRM: Document Completed,EBAN,SRM_STATUS
U,0000000066,SRM: In Transfer to Execution Syst.,EBAN,SRM_STATUS
U,0000000067,SRM: Ordered,EBAN,SRM_STATUS
I,0000000068,00001,EKPO,EBELP
U,0000000069,SRM: Change was Transmitted,EBAN,SRM_STATUS
U,0000000070,Vendor creates debit memo,EKPO,UNMAPPED_ACTIVITY
U,0000000071,Cancel Invoice Receipt,EKPO,UNMAPPED_ACTIVITY
U,0000000072,SRM: Created,EBAN,SRM_STATUS
U,0000000073,SRM: Complete,EBAN,SRM_STATUS
U,0000000074,SRM: Awaiting Approval,EBAN,SRM_STATUS
U,0000000075,SRM: Document Completed,EBAN,SRM_STATUS
U,0000000076,SRM: In Transfer to Execution Syst.,EBAN,SRM_STATUS
U,0000000077,SRM: Ordered,EBAN,SRM_STATUS
I,0000000078,00002,EKPO,EBELP
U,0000000079,SRM: Change was Transmitted,EBAN,SRM_STATUS
U,0000000080,SRM: Created,EBAN,SRM_STATUS
U,0000000081,SRM: Complete,EBAN,SRM_STATUS
U,0000000082,SRM: Awaiting Approval,EBAN,SRM_STATUS
U,0000000083,SRM: Document Completed,EBAN,SRM_STATUS
U,0000000084,SRM: In Transfer to Execution Syst.,EBAN,SRM_STATUS
U,0000000085,SRM: Ordered,EBAN,SRM_STATUS
U,0000000086,SRM: Change was Transmitted,EBAN,SRM_STATUS
I,0000000087,00001,EKPO,EBELP
U,0000000088,SRM: In Transfer to Execution Syst.,EBAN,SRM_STATUS
U,0000000089,Change Delivery Indicator,EKPO,UNMAPPED_ACTIVITY
U,0000000090,SRM: Created,EBAN,SRM_STATUS
U,0000000091,SRM: Complete,EBAN,SRM_STATUS
U,0000000092,SRM: Awaiting Approval,EBAN,SRM_STATUS
U,0000000093,SRM: Document Completed,EBAN,SRM_STATUS
U,0000000094,SRM: In Transfer to Execution Syst.,EBAN,SRM_STATUS
U,0000000095,SRM: Ordered,EBAN,SRM_STATUS
U,0000000096,SRM: Change was Transmitted,EBAN,SRM_STATUS
I,0000000097,00001,EKPO,EBELP
U,0000000098,Remove Payment Block,EKPO,UNMAPPED_ACTIVITY
U,0000000099,SRM: Created,EBAN,SRM_STATUS
U,0000000100,SRM: Complete,EBAN,SRM_STATUS
U,0000000101,SRM: Awaiting Approval,EBAN,SRM_STATUS
U,0000000102,SRM: Document Completed,EBAN,SRM_STATUS
U,0000000103,SRM: In Transfer to Execution Syst.,EBAN,SRM_STATUS
U,0000000104,SRM: Ordered,EBAN,SRM_STATUS
U,0000000105,SRM: Change was Transmitted,EBAN,SRM_STATUS
I,0000000106,00001,EKPO,EBELP
U,0000000107,SRM: Created,EBAN,SRM_STATUS
U,0000000108,SRM: Complete,EBAN,SRM_STATUS
U,0000000109,SRM: Awaiting Approval,EBAN,SRM_STATUS
U,0000000110,SRM: Document Completed,EBAN,SRM_STATUS
U,0000000111,SRM: In Transfer to Execution Syst.,EBAN,SRM_STATUS
U,0000000112,SRM: Ordered,EBAN,SRM_STATUS
I,0000000113,00001,EKPO,EBELP
U,0000000114,SRM: Change was Transmitted,EBAN,SRM_STATUS
U,0000000115,SRM: Created,EBAN,SRM_STATUS
U,0000000116,SRM: Complete,EBAN,SRM_STATUS
U,0000000117,SRM: Awaiting Approval,EBAN,SRM_STATUS
U,0000000118,SRM: Document Completed,EBAN,SRM_STATUS
U,0000000119,SRM: Ordered,EBAN,SRM_STATUS
U,0000000120,SRM: In Transfer to Execution Syst.,EBAN,SRM_STATUS
U,0000000121,SRM: Change was Transmitted,EBAN,SRM_STATUS
I,0000000122,00001,EKPO,EBELP
U,0000000123,SRM: Created,EBAN,SRM_STATUS
U,0000000124,SRM: Complete,EBAN,SRM_STATUS
U,0000000125,SRM: Awaiting Approval,EBAN,SRM_STATUS
U,0000000126,SRM: Document Completed,EBAN,SRM_STATUS
U,0000000127,SRM: Ordered,EBAN,SRM_STATUS
U,0000000128,SRM: In Transfer to Execution Syst.,EBAN,SRM_STATUS
U,0000000129,SRM: Deleted,EBAN,SRM_STATUS
U,0000000130,Change Price,EKPO,UNMAPPED_ACTIVITY
U,0000000131,SRM: Created,EBAN,SRM_STATUS
U,0000000132,SRM: Complete,EBAN,SRM_STATUS
U,0000000133,SRM: Awaiting Approval,EBAN,SRM_STATUS
U,0000000134,SRM: Document Completed,EBAN,SRM_STATUS
U,0000000135,SRM: Ordered,EBAN,SRM_STATUS
U,0000000136,SRM: In Transfer to Execution Syst.,EBAN,SRM_STATUS
U,0000000137,SRM: Deleted,EBAN,SRM_STATUS
U,0000000138,Change Price,EKPO,UNMAPPED_ACTIVITY
U,0000000139,SRM: In Transfer to Execution Syst.,EBAN,SRM_STATUS
U,0000000140,SRM: Transfer Failed (E.Sys.),EBAN,SRM_STATUS
U,0000000141,SRM: Created,EBAN,SRM_STATUS
U,0000000142,SRM: Complete,EBAN,SRM_STATUS
U,0000000143,SRM: Awaiting Approval,EBAN,SRM_STATUS
U,0000000144,SRM: Document Completed,EBAN,SRM_STATUS
U,0000000145,SRM: In Transfer to Execution Syst.,EBAN,SRM_STATUS
U,0000000146,SRM: Ordered,EBAN,SRM_STATUS
U,0000000147,SRM: Change was Transmitted,EBAN,SRM_STATUS
I,0000000148,00001,EKPO,EBELP
U,0000000149,SRM: In Transfer to Execution Syst.,EBAN,SRM_STATUS
U,0000000150,SRM: Transfer Failed (E.Sys.),EBAN,SRM_STATUS
U,0000000151,SRM: Created,EBAN,SRM_STATUS
U,0000000152,SRM: Complete,EBAN,SRM_STATUS
U,0000000153,SRM: Awaiting Approval,EBAN,SRM_STATUS
U,0000000154,SRM: Document Completed,EBAN,SRM_STATUS
U,0000000155,SRM: In Transfer to Execution Syst.,EBAN,SRM_STATUS
U,0000000156,SRM: Ordered,EBAN,SRM_STATUS
U,0000000157,SRM: Change was Transmitted,EBAN,SRM_STATUS
I,0000000158,00001,EKPO,EBELP
U,0000000159,SRM: Created,EBAN,SRM_STATUS
U,0000000160,SRM: Complete,EBAN,SRM_STATUS
U,0000000161,SRM: Awaiting Approval,EBAN,SRM_STATUS
U,0000000162,SRM: Document Completed,EBAN,SRM_STATUS
U,0000000163,SRM: Ordered,EBAN,SRM_STATUS
U,0000000164,SRM: Change was Transmitted,EBAN,SRM_STATUS
U,0000000165,SRM: In Transfer to Execution Syst.,EBAN,SRM_STATUS
I,0000000166,00001,EKPO,EBELP
U,0000000167,SRM: Created,EBAN,SRM_STATUS
U,0000000168,SRM: Complete,EBAN,SRM_STATUS
U,0000000169,SRM: Awaiting Approval,EBAN,SRM_STATUS
U,0000000170,SRM: Document Completed,EBAN,SRM_STATUS
U,0000000171,SRM: In Transfer to Execution Syst.,EBAN,SRM_STATUS
U,0000000172,SRM: Ordered,EBAN,SRM_STATUS
U,0000000173,SRM: Change was Transmitted,EBAN,SRM_STATUS
I,0000000174,00001,EKPO,EBELP
U,0000000175,SRM: In Transfer to Execution Syst.,EBAN,SRM_STATUS
U,0000000176,SRM: Transfer Failed (E.Sys.),EBAN,SRM_STATUS
U,0000000177,SRM: Created,EBAN,SRM_STATUS
U,0000000178,SRM: Complete,EBAN,SRM_STATUS
U,0000000179,SRM: Awaiting Approval,EBAN,SRM_STATUS
U,0000000180,SRM: Document Completed,EBAN,SRM_STATUS
U,0000000181,SRM: In Transfer to Execution Syst.,EBAN,SRM_STATUS
U,0000000182,SRM: Ordered,EBAN,SRM_STATUS
U,0000000183,SRM: Change was Transmitted,EBAN,SRM_STATUS
I,0000000184,00001,EKPO,EBELP
U,0000000185,Vendor creates debit memo,EKPO,UNMAPPED_ACTIVITY
U,0000000186,Cancel Invoice Receipt,EKPO,UNMAPPED_ACTIVITY
U,0000000187,SRM: Created,EBAN,SRM_STATUS
U,0000000188,SRM: Complete,EBAN,SRM_STATUS
U,0000000189,SRM: Awaiting Approval,EBAN,SRM_STATUS
U,0000000190,SRM: Document Completed,EBAN,SRM_STATUS
U,0000000191,SRM: In Transfer to Execution Syst.,EBAN,SRM_STATUS
U,0000000192,SRM: Ordered,EBAN,SRM_STATUS
U,0000000193,SRM: Deleted,EBAN,SRM_STATUS
U,0000000194,Change Price,EKPO,UNMAPPED_ACTIVITY
U,0000000195,Remove Payment Block,EKPO,UNMAPPED_ACTIVITY
U,0000000196,SRM: In Transfer to Execution Syst.,EBAN,SRM_STATUS
U,0000000197,SRM: Transfer Failed (E.Sys.),EBAN,SRM_STATUS
U,0000000198,SRM: Created,EBAN,SRM_STATUS
U,0000000199,SRM: Complete,EBAN,SRM_STATUS
U,0000000200,SRM: Awaiting Approval,EBAN,SRM_STATUS
U,0000000201,SRM: Document Completed,EBAN,SRM_STATUS
U,0000000202,SRM: Ordered,EBAN,SRM_STATUS
U,0000000203,SRM: In Transfer to Execution Syst.,EBAN,SRM_STATUS
U,0000000204,SRM: Change was Transmitted,EBAN,SRM_STATUS
I,0000000205,00001,EKPO,EBELP
U,0000000206,Vendor creates debit memo,EKPO,UNMAPPED_ACTIVITY
U,0000000207,SRM: Created,EBAN,SRM_STATUS
U,0000000208,SRM: Complete,EBAN,SRM_STATUS
U,0000000209,SRM: Awaiting Approval,EBAN,SRM_STATUS
U,0000000210,SRM: Document Completed,EBAN,SRM_STATUS
U,0000000211,SRM: Ordered,EBAN,SRM_STATUS
U,0000000212,SRM: In Transfer to Execution Syst.,EBAN,SRM_STATUS
U,0000000213,SRM: Deleted,EBAN,SRM_STATUS
U,0000000214,Change Price,EKPO,UNMAPPED_ACTIVITY
U,0000000215,SRM: Created,EBAN,SRM_STATUS
U,0000000216,SRM: Complete,EBAN,SRM_STATUS
U,0000000217,SRM: Awaiting Approval,EBAN,SRM_STATUS
U,0000000218,SRM: Document Completed,EBAN,SRM_STATUS
U,0000000219,SRM: Ordered,EBAN,SRM_STATUS
U,0000000220,SRM: In Transfer to Execution Syst.,EBAN,SRM_STATUS
U,0000000221,SRM: Deleted,EBAN,SRM_STATUS
U,0000000222,Change Price,EKPO,UNMAPPED_ACTIVITY
U,0000000223,Cancel Invoice Receipt,EKPO,UNMAPPED_ACTIVITY
U,0000000224,SRM: Created,EBAN,SRM_STATUS
U,0000000225,SRM: Complete,EBAN,SRM_STATUS
U,0000000226,SRM: Awaiting Approval,EBAN,SRM_STATUS
U,0000000227,SRM: Document Completed,EBAN,SRM_STATUS
U,0000000228,SRM: Ordered,EBAN,SRM_STATUS
U,0000000229,SRM: In Transfer to Execution Syst.,EBAN,SRM_STATUS
U,0000000230,SRM: Deleted,EBAN,SRM_STATUS
U,0000000231,Change Price,EKPO,UNMAPPED_ACTIVITY
U,0000000232,Remove Payment Block,EKPO,UNMAPPED_ACTIVITY
U,0000000233,SRM: Created,EBAN,SRM_STATUS
U,0000000234,SRM: Complete,EBAN,SRM_STATUS
U,0000000235,SRM: Awaiting Approval,EBAN,SRM_STATUS
U,0000000236,SRM: Document Completed,EBAN,SRM_STATUS
U,0000000237,SRM: In Transfer to Execution Syst.,EBAN,SRM_STATUS
U,0000000238,SRM: Ordered,EBAN,SRM_STATUS
I,0000000239,00001,EKPO,EBELP
U,0000000240,SRM: Change was Transmitted,EBAN,SRM_STATUS
U,0000000241,Vendor creates debit memo,EKPO,UNMAPPED_ACTIVITY
U,0000000242,SRM: Created,EBAN,SRM_STATUS
U,0000000243,SRM: Complete,EBAN,SRM_STATUS
U,0000000244,SRM: Awaiting Approval,EBAN,SRM_STATUS
U,0000000245,SRM: Document Completed,EBAN,SRM_STATUS
U,0000000246,SRM: In Transfer to Execution Syst.,EBAN,SRM_STATUS
U,0000000247,SRM: Ordered,EBAN,SRM_STATUS
U,0000000248,SRM: Deleted,EBAN,SRM_STATUS
U,0000000249,Change Price,EKPO,UNMAPPED_ACTIVITY
U,0000000250,SRM: Created,EBAN,SRM_STATUS
U,0000000251,SRM: Complete,EBAN,SRM_STATUS
U,0000000252,SRM: Awaiting Approval,EBAN,SRM_STATUS
U,0000000253,SRM: Document Completed,EBAN,SRM_STATUS
U,0000000254,SRM: In Transfer to Execution Syst.,EBAN,SRM_STATUS
U,0000000255,SRM: Ordered,EBAN,SRM_STATUS
U,0000000256,SRM: Deleted,EBAN,SRM_STATUS
U,0000000257,Change Price,EKPO,UNMAPPED_ACTIVITY
U,0000000258,Cancel Invoice Receipt,EKPO,UNMAPPED_ACTIVITY
U,0000000259,SRM: In Transfer to Execution Syst.,EBAN,SRM_STATUS
U,0000000260,SRM: Transfer Failed (E.Sys.),EBAN,SRM_STATUS
U,0000000261,SRM: Created,EBAN,SRM_STATUS
U,0000000262,SRM: Complete,EBAN,SRM_STATUS
U,0000000263,SRM: Awaiting Approval,EBAN,SRM_STATUS
U,0000000264,SRM: Document Completed,EBAN,SRM_STATUS
U,0000000265,SRM: Ordered,EBAN,SRM_STATUS
U,0000000266,SRM: In Transfer to Execution Syst.,EBAN,SRM_STATUS
U,0000000267,SRM: Change was Transmitted,EBAN,SRM_STATUS
I,0000000268,00001,EKPO,EBELP
U,0000000269,Vendor creates debit memo,EKPO,UNMAPPED_ACTIVITY
U,0000000270,Cancel Invoice Receipt,EKPO,UNMAPPED_ACTIVITY
U,0000000271,SRM: Created,EBAN,SRM_STATUS
U,0000000272,SRM: Complete,EBAN,SRM_STATUS
U,0000000273,SRM: Awaiting Approval,EBAN,SRM_STATUS
U,0000000274,SRM: Document Completed,EBAN,SRM_STATUS
U,0000000275,SRM: Ordered,EBAN,SRM_STATUS
U,0000000276,SRM: In Transfer to Execution Syst.,EBAN,SRM_STATUS
U,0000000277,SRM: Deleted,EBAN,SRM_STATUS
U,0000000278,Change Price,EKPO,UNMAPPED_ACTIVITY
U,0000000279,SRM: Created,EBAN,SRM_STATUS
U,0000000280,SRM: Complete,EBAN,SRM_STATUS
U,0000000281,SRM: Awaiting Approval,EBAN,SRM_STATUS
U,0000000282,SRM: Document Completed,EBAN,SRM_STATUS
U,0000000283,SRM: Ordered,EBAN,SRM_STATUS
U,0000000284,SRM: In Transfer to Execution Syst.,EBAN,SRM_STATUS
U,0000000285,SRM: Deleted,EBAN,SRM_STATUS
U,0000000286,SRM: Created,EBAN,SRM_STATUS
U,0000000287,SRM: Complete,EBAN,SRM_STATUS
U,0000000288,SRM: Awaiting Approval,EBAN,SRM_STATUS
U,0000000289,SRM: Document Completed,EBAN,SRM_STATUS
U,0000000290,SRM: In Transfer to Execution Syst.,EBAN,SRM_STATUS
U,0000000291,SRM: Ordered,EBAN,SRM_STATUS
U,0000000292,SRM: Change was Transmitted,EBAN,SRM_STATUS
I,0000000293,00001,EKPO,EBELP
U,0000000294,SRM: Created,EBAN,SRM_STATUS
U,0000000295,SRM: Complete,EBAN,SRM_STATUS
U,0000000296,SRM: Awaiting Approval,EBAN,SRM_STATUS
U,0000000297,SRM: Document Completed,EBAN,SRM_STATUS
U,0000000298,SRM: In Transfer to Execution Syst.,EBAN,SRM_STATUS
U,0000000299,SRM: Ordered,EBAN,SRM_STATUS
U,0000000300,SRM: Deleted,EBAN,SRM_STATUS
U,0000000301,Change Price,EKPO,UNMAPPED_ACTIVITY
U,0000000302,Cancel Goods Receipt,EKPO,UNMAPPED_ACTIVITY
U,0000000303,SRM: Created,EBAN,SRM_STATUS
U,0000000304,SRM: Complete,EBAN,SRM_STATUS
U,0000000305,SRM: Awaiting Approval,EBAN,SRM_STATUS
U,0000000306,SRM: Document Completed,EBAN,SRM_STATUS
U,0000000307,SRM: In Transfer to Execution Syst.,EBAN,SRM_STATUS
U,0000000308,SRM: Ordered,EBAN,SRM_STATUS
U,0000000309,SRM: Deleted,EBAN,SRM_STATUS
U,0000000310,SRM: In Transfer to Execution Syst.,EBAN,SRM_STATUS
U,0000000311,SRM: Transfer Failed (E.Sys.),EBAN,SRM_STATUS
U,0000000312,SRM: Created,EBAN,SRM_STATUS
U,0000000313,SRM: Complete,EBAN,SRM_STATUS
U,0000000314,SRM: Awaiting Approval,EBAN,SRM_STATUS
U,0000000315,SRM: Document Completed,EBAN,SRM_STATUS
U,0000000316,SRM: In Transfer to Execution Syst.,EBAN,SRM_STATUS
U,0000000317,SRM: Ordered,EBAN,SRM_STATUS
U,0000000318,SRM: Change was Transmitted,EBAN,SRM_STATUS
I,0000000319,00001,EKPO,EBELP
U,0000000320,SRM: Created,EBAN,SRM_STATUS
U,0000000321,SRM: Complete,EBAN,SRM_STATUS
U,0000000322,SRM: Awaiting Approval,EBAN,SRM_STATUS
U,0000000323,SRM: Document Completed,EBAN,SRM_STATUS
U,0000000324,SRM: In Transfer to Execution Syst.,EBAN,SRM_STATUS
U,0000000325,SRM: Ordered,EBAN,SRM_STATUS
U,0000000326,SRM: Deleted,EBAN,SRM_STATUS
U,0000000327,Change Price,EKPO,UNMAPPED_ACTIVITY
U,0000000328,SRM: Created,EBAN,SRM_STATUS
U,0000000329,SRM: Complete,EBAN,SRM_STATUS
U,0000000330,SRM: Awaiting Approval,EBAN,SRM_STATUS
U,0000000331,SRM: Document Completed,EBAN,SRM_STATUS
U,0000000332,SRM: In Transfer to Execution Syst.,EBAN,SRM_STATUS
U,0000000333,SRM: Ordered,EBAN,SRM_STATUS
U,0000000334,SRM: Deleted,EBAN,SRM_STATUS
U,0000000335,Change Price,EKPO,UNMAPPED_ACTIVITY
U,0000000336,SRM: In Transfer to Execution Syst.,EBAN,SRM_STATUS
U,0000000337,SRM: Transfer Failed (E.Sys.),EBAN,SRM_STATUS
U,0000000338,SRM: Created,EBAN,SRM_STATUS
U,0000000339,SRM: Complete,EBAN,SRM_STATUS
U,0000000340,SRM: Awaiting Approval,EBAN,SRM_STATUS
U,0000000341,SRM: Document Completed,EBAN,SRM_STATUS
U,0000000342,SRM: In Transfer to Execution Syst.,EBAN,SRM_STATUS
U,0000000343,SRM: Ordered,EBAN,SRM_STATUS
U,0000000344,SRM: Change was Transmitted,EBAN,SRM_STATUS
I,0000000345,00001,EKPO,EBELP
U,0000000346,SRM: Created,EBAN,SRM_STATUS
U,0000000347,SRM: Complete,EBAN,SRM_STATUS
U,0000000348,SRM: Awaiting Approval,EBAN,SRM_STATUS
U,0000000349,SRM: Document Completed,EBAN,SRM_STATUS
U,0000000350,SRM: In Transfer to Execution Syst.,EBAN,SRM_STATUS
U,0000000351,SRM: Ordered,EBAN,SRM_STATUS
U,0000000352,SRM: Deleted,EBAN,SRM_STATUS
U,0000000353,Change Price,EKPO,UNMAPPED_ACTIVITY
U,0000000354,SRM: Created,EBAN,SRM_STATUS
U,0000000355,SRM: Complete,EBAN,SRM_STATUS
U,0000000356,SRM: Awaiting Approval,EBAN,SRM_STATUS
U,0000000357,SRM: Document Completed,EBAN,SRM_STATUS
U,0000000358,SRM: In Transfer to Execution Syst.,EBAN,SRM_STATUS
U,0000000359,SRM: Ordered,EBAN,SRM_STATUS
I,0000000360,00001,EKPO,EBELP
U,0000000361,SRM: Change was Transmitted,EBAN,SRM_STATUS
U,0000000362,SRM: Created,EBAN,SRM_STATUS
U,0000000363,SRM: Complete,EBAN,SRM_STATUS
U,0000000364,SRM: Awaiting Approval,EBAN,SRM_STATUS
U,0000000365,SRM: Document Completed,EBAN,SRM_STATUS
U,0000000366,SRM: In Transfer to Execution Syst.,EBAN,SRM_STATUS
U,0000000367,SRM: Ordered,EBAN,SRM_STATUS
U,0000000368,SRM: Deleted,EBAN,SRM_STATUS
U,0000000369,Change Price,EKPO,UNMAPPED_ACTIVITY
U,0000000370,SRM: Created,EBAN,SRM_STATUS
U,0000000371,SRM: Complete,EBAN,SRM_STATUS
U,0000000372,SRM: Awaiting Approval,EBAN,SRM_STATUS
U,0000000373,SRM: Document Completed,EBAN,SRM_STATUS
U,0000000374,SRM: In Transfer to Execution Syst.,EBAN,SRM_STATUS
U,0000000375,SRM: Ordered,EBAN,SRM_STATUS
U,0000000376,SRM: Deleted,EBAN,SRM_STATUS
U,0000000377,Change Price,EKPO,UNMAPPED_ACTIVITY
U,0000000378,SRM: Created,EBAN,SRM_STATUS
U,0000000379,SRM: Complete,EBAN,SRM_STATUS
U,0000000380,SRM: Awaiting Approval,EBAN,SRM_STATUS
U,0000000381,SRM: Document Completed,EBAN,SRM_STATUS
U,0000000382,SRM: In Transfer to Execution Syst.,EBAN,SRM_STATUS
U,0000000383,SRM: Ordered,EBAN,SRM_STATUS
U,0000000384,SRM: Deleted,EBAN,SRM_STATUS
U,0000000385,Change Price,EKPO,UNMAPPED_ACTIVITY
U,0000000386,SRM: In Transfer to Execution Syst.,EBAN,SRM_STATUS
U,0000000387,SRM: Transfer Failed (E.Sys.),EBAN,SRM_STATUS
U,0000000388,SRM: Created,EBAN,SRM_STATUS
U,0000000389,SRM: Complete,EBAN,SRM_STATUS
U,0000000390,SRM: Awaiting Approval,EBAN,SRM_STATUS
U,0000000391,SRM: Document Completed,EBAN,SRM_STATUS
U,0000000392,SRM: In Transfer to Execution Syst.,EBAN,SRM_STATUS
U,0000000393,SRM: Ordered,EBAN,SRM_STATUS
U,0000000394,SRM: Change was Transmitted,EBAN,SRM_STATUS
I,0000000395,00001,EKPO,EBELP
U,0000000396,SRM: In Transfer to Execution Syst.,EBAN,SRM_STATUS
U,0000000397,SRM: Created,EBAN,SRM_STATUS
U,0000000398,SRM: Complete,EBAN,SRM_STATUS
U,0000000399,SRM: Awaiting Approval,EBAN,SRM_STATUS
U,0000000400,SRM: Document Completed,EBAN,SRM_STATUS
U,0000000401,SRM: In Transfer to Execution Syst.,EBAN,SRM_STATUS
U,0000000402,SRM: Ordered,EBAN,SRM_STATUS
U,0000000403,SRM: Change was Transmitted,EBAN,SRM_STATUS
I,0000000404,00001,EKPO,EBELP
U,0000000405,SRM: Created,EBAN,SRM_STATUS
U,0000000406,SRM: Complete,EBAN,SRM_STATUS
U,0000000407,SRM: Awaiting Approval,EBAN,SRM_STATUS
U,0000000408,SRM: Document Completed,EBAN,SRM_STATUS
U,0000000409,SRM: In Transfer to Execution Syst.,EBAN,SRM_STATUS
U,0000000410,SRM: Ordered,EBAN,SRM_STATUS
U,0000000411,SRM: Change was Transmitted,EBAN,SRM_STATUS
I,0000000412,00001,EKPO,EBELP
U,0000000413,SRM: Created,EBAN,SRM_STATUS
U,0000000414,SRM: Complete,EBAN,SRM_STATUS
U,0000000415,SRM: Awaiting Approval,EBAN,SRM_STATUS
U,0000000416,SRM: Document Completed,EBAN,SRM_STATUS
U,0000000417,SRM: Ordered,EBAN,SRM_STATUS
U,0000000418,SRM: In Transfer to Execution Syst.,EBAN,SRM_STATUS
U,0000000419,SRM: Change was Transmitted,EBAN,SRM_STATUS
I,0000000420,00001,EKPO,EBELP
U,0000000421,SRM: Created,EBAN,SRM_STATUS
U,0000000422,SRM: Complete,EBAN,SRM_STATUS
U,0000000423,SRM: Awaiting Approval,EBAN,SRM_STATUS
U,0000000424,SRM: Document Completed,EBAN,SRM_STATUS
U,0000000425,SRM: Ordered,EBAN,SRM_STATUS
U,0000000426,SRM: In Transfer to Execution Syst.,EBAN,SRM_STATUS
U,0000000427,SRM: Change was Transmitted,EBAN,SRM_STATUS
I,0000000428,00002,EKPO,EBELP
U,0000000429,SRM: Created,EBAN,SRM_STATUS
U,0000000430,SRM: Complete,EBAN,SRM_STATUS
U,0000000431,SRM: Awaiting Approval,EBAN,SRM_STATUS
U,0000000432,SRM: Document Completed,EBAN,SRM_STATUS
U,0000000433,SRM: In Transfer to Execution Syst.,EBAN,SRM_STATUS
U,0000000434,SRM: Ordered,EBAN,SRM_STATUS
U,0000000435,SRM: Change was Transmitted,EBAN,SRM_STATUS
I,0000000436,00001,EKPO,EBELP
U,0000000437,SRM: Created,EBAN,SRM_STATUS
U,0000000438,SRM: Complete,EBAN,SRM_STATUS
U,0000000439,SRM: Awaiting Approval,EBAN,SRM_STATUS
U,0000000440,SRM: Document Completed,EBAN,SRM_STATUS
U,0000000441,SRM: In Transfer to Execution Syst.,EBAN,SRM_STATUS
U,0000000442,SRM: Ordered,EBAN,SRM_STATUS
U,0000000443,SRM: Change was Transmitted,EBAN,SRM_STATUS
I,0000000444,00001,EKPO,EBELP
U,0000000445,Vendor creates debit memo,EKPO,UNMAPPED_ACTIVITY
U,0000000446,Vendor creates debit memo,EKPO,UNMAPPED_ACTIVITY
U,0000000447,Cancel Invoice Receipt,EKPO,UNMAPPED_ACTIVITY
U,0000000448,Cancel Invoice Receipt,EKPO,UNMAPPED_ACTIVITY
U,0000000449,SRM: Created,EBAN,SRM_STATUS
U,0000000450,SRM: Complete,EBAN,SRM_STATUS
U,0000000451,SRM: Awaiting Approval,EBAN,SRM_STATUS
U,0000000452,SRM: Document Completed,EBAN,SRM_STATUS
U,0000000453,SRM: In Transfer to Execution Syst.,EBAN,SRM_STATUS
U,0000000454,SRM: Ordered,EBAN,SRM_STATUS
U,0000000455,SRM: Change was Transmitted,EBAN,SRM_STATUS
I,0000000456,00001,EKPO,EBELP
U,0000000457,SRM: Created,EBAN,SRM_STATUS
U,0000000458,SRM: Complete,EBAN,SRM_STATUS
U,0000000459,SRM: Awaiting Approval,EBAN,SRM_STATUS
U,0000000460,SRM: Document Completed,EBAN,SRM_STATUS
U,0000000461,SRM: In Transfer to Execution Syst.,EBAN,SRM_STATUS
U,0000000462,SRM: Ordered,EBAN,SRM_STATUS
U,0000000463,SRM: Change was Transmitted,EBAN,SRM_STATUS
I,0000000464,00002,EKPO,EBELP
U,0000000465,SRM: Created,EBAN,SRM_STATUS
U,0000000466,SRM: Complete,EBAN,SRM_STATUS
U,0000000467,SRM: Awaiting Approval,EBAN,SRM_STATUS
U,0000000468,SRM: Document Completed,EBAN,SRM_STATUS
U,0000000469,SRM: In Transfer to Execution Syst.,EBAN,SRM_STATUS
U,0000000470,SRM: Ordered,EBAN,SRM_STATUS
U,0000000471,SRM: Change was Transmitted,EBAN,SRM_STATUS
I,0000000472,00003,EKPO,EBELP
U,0000000473,SRM: Created,EBAN,SRM_STATUS
U,0000000474,SRM: Complete,EBAN,SRM_STATUS
U,0000000475,SRM: Awaiting Approval,EBAN,SRM_STATUS
U,0000000476,SRM: Document Completed,EBAN,SRM_STATUS
U,0000000477,SRM: In Transfer to Execution Syst.,EBAN,SRM_STATUS
U,0000000478,SRM: Ordered,EBAN,SRM_STATUS
I,0000000479,00001,EKPO,EBELP
U,0000000480,SRM: Change was Transmitted,EBAN,SRM_STATUS
U,0000000481,SRM: In Transfer to Execution Syst.,EBAN,SRM_STATUS
U,0000000482,Change Price,EKPO,UNMAPPED_ACTIVITY
U,0000000483,SRM: Created,EBAN,SRM_STATUS
U,0000000484,SRM: Complete,EBAN,SRM_STATUS
U,0000000485,SRM: Awaiting Approval,EBAN,SRM_STATUS
U,0000000486,SRM: Document Completed,EBAN,SRM_STATUS
U,0000000487,SRM: In Transfer to Execution Syst.,EBAN,SRM_STATUS
U,0000000488,SRM: Ordered,EBAN,SRM_STATUS
U,0000000489,SRM: Change was Transmitted,EBAN,SRM_STATUS
I,0000000490,00001,EKPO,EBELP
U,0000000491,SRM: Created,EBAN,SRM_STATUS
U,0000000492,SRM: Complete,EBAN,SRM_STATUS
U,0000000493,SRM: Awaiting Approval,EBAN,SRM_STATUS
U,0000000494,SRM: Document Completed,EBAN,SRM_STATUS
U,0000000495,SRM: Ordered,EBAN,SRM_STATUS
U,0000000496,SRM: In Transfer to Execution Syst.,EBAN,SRM_STATUS
U,0000000497,SRM: Change was Transmitted,EBAN,SRM_STATUS
I,0000000498,00001,EKPO,EBELP
U,0000000499,SRM: Created,EBAN,SRM_STATUS
U,0000000500,SRM: Complete,EBAN,SRM_STATUS
U,0000000501,SRM: Awaiting Approval,EBAN,SRM_STATUS
U,0000000502,SRM: Document Completed,EBAN,SRM_STATUS
U,0000000503,SRM: Ordered,EBAN,SRM_STATUS
U,0000000504,SRM: Change was Transmitted,EBAN,SRM_STATUS
U,0000000505,SRM: In Transfer to Execution Syst.,EBAN,SRM_STATUS
I,0000000506,00001,EKPO,EBELP
U,0000000507,SRM: Created,EBAN,SRM_STATUS
U,0000000508,SRM: Complete,EBAN,SRM_STATUS
U,0000000509,SRM: Awaiting Approval,EBAN,SRM_STATUS
U,0000000510,SRM: Document Completed,EBAN,SRM_STATUS
U,0000000511,SRM: Ordered,EBAN,SRM_STATUS
U,0000000512,SRM: In Transfer to Execution Syst.,EBAN,SRM_STATUS
U,0000000513,SRM: Change was Transmitted,EBAN,SRM_STATUS
I,0000000514,00001,EKPO,EBELP
U,0000000515,SRM: Created,EBAN,SRM_STATUS
U,0000000516,SRM: Complete,EBAN,SRM_STATUS
U,0000000517,SRM: Awaiting Approval,EBAN,SRM_STATUS
U,0000000518,SRM: Document Completed,EBAN,SRM_STATUS
U,0000000519,SRM: Ordered,EBAN,SRM_STATUS
U,0000000520,SRM: In Transfer to Execution Syst.,EBAN,SRM_STATUS
U,0000000521,SRM: Deleted,EBAN,SRM_STATUS
U,0000000522,Change Price,EKPO,UNMAPPED_ACTIVITY
U,0000000523,SRM: Created,EBAN,SRM_STATUS
U,0000000524,SRM: Complete,EBAN,SRM_STATUS
U,0000000525,SRM: Awaiting Approval,EBAN,SRM_STATUS
U,0000000526,SRM: Document Completed,EBAN,SRM_STATUS
U,0000000527,SRM: In Transfer to Execution Syst.,EBAN,SRM_STATUS
U,0000000528,SRM: Ordered,EBAN,SRM_STATUS
I,0000000529,00001,EKPO,EBELP
U,0000000530,SRM: Change was Transmitted,EBAN,SRM_STATUS
U,0000000531,SRM: In Transfer to Execution Syst.,EBAN,SRM_STATUS
U,0000000532,SRM: Transfer Failed (E.Sys.),EBAN,SRM_STATUS
U,0000000533,SRM: Created,EBAN,SRM_STATUS
U,0000000534,SRM: Complete,EBAN,SRM_STATUS
U,0000000535,SRM: Awaiting Approval,EBAN,SRM_STATUS
U,0000000536,SRM: Document Completed,EBAN,SRM_STATUS
U,0000000537,SRM: In Transfer to Execution Syst.,EBAN,SRM_STATUS
U,0000000538,SRM: Ordered,EBAN,SRM_STATUS
U,0000000539,SRM: Change was Transmitted,EBAN,SRM_STATUS
I,0000000540,00001,EKPO,EBELP
U,0000000541,SRM: In Transfer to Execution Syst.,EBAN,SRM_STATUS
U,0000000542,SRM: Transfer Failed (E.Sys.),EBAN,SRM_STATUS
U,0000000543,SRM: Created,EBAN,SRM_STATUS
U,0000000544,SRM: Complete,EBAN,SRM_STATUS
U,0000000545,SRM: Awaiting Approval,EBAN,SRM_STATUS
U,0000000546,SRM: Document Completed,EBAN,SRM_STATUS
U,0000000547,SRM: Ordered,EBAN,SRM_STATUS
U,0000000548,SRM: In Transfer to Execution Syst.,EBAN,SRM_STATUS
U,0000000549,SRM: Change was Transmitted,EBAN,SRM_STATUS
I,0000000550,00001,EKPO,EBELP
U,0000000551,SRM: Created,EBAN,SRM_STATUS
U,0000000552,SRM: Complete,EBAN,SRM_STATUS
U,0000000553,SRM: Awaiting Approval,EBAN,SRM_STATUS
U,0000000554,SRM: Document Completed,EBAN,SRM_STATUS
U,0000000555,SRM: Ordered,EBAN,SRM_STATUS
U,0000000556,SRM: In Transfer to Execution Syst.,EBAN,SRM_STATUS
U,0000000557,SRM: Change was Transmitted,EBAN,SRM_STATUS
I,0000000558,00002,EKPO,EBELP
U,0000000559,SRM: Created,EBAN,SRM_STATUS
U,0000000560,SRM: Complete,EBAN,SRM_STATUS
U,0000000561,SRM: Awaiting Approval,EBAN,SRM_STATUS
U,0000000562,SRM: Document Completed,EBAN,SRM_STATUS
U,0000000563,SRM: Ordered,EBAN,SRM_STATUS
U,0000000564,SRM: In Transfer to Execution Syst.,EBAN,SRM_STATUS
U,0000000565,SRM: Change was Transmitted,EBAN,SRM_STATUS
I,0000000566,00003,EKPO,EBELP
U,0000000567,SRM: Created,EBAN,SRM_STATUS
U,0000000568,SRM: Complete,EBAN,SRM_STATUS
U,0000000569,SRM: Awaiting Approval,EBAN,SRM_STATUS
U,0000000570,SRM: Document Completed,EBAN,SRM_STATUS
U,0000000571,SRM: In Transfer to Execution Syst.,EBAN,SRM_STATUS
U,0000000572,SRM: Ordered,EBAN,SRM_STATUS
U,0000000573,SRM: Change was Transmitted,EBAN,SRM_STATUS
I,0000000574,00001,EKPO,EBELP
U,0000000575,SRM: Created,EBAN,SRM_STATUS
U,0000000576,SRM: Complete,EBAN,SRM_STATUS
U,0000000577,SRM: Awaiting Approval,EBAN,SRM_STATUS
U,0000000578,SRM: Document Completed,EBAN,SRM_STATUS
U,0000000579,SRM: In Transfer to Execution Syst.,EBAN,SRM_STATUS
U,0000000580,SRM: Ordered,EBAN,SRM_STATUS
U,0000000581,SRM: Change was Transmitted,EBAN,SRM_STATUS
I,0000000582,00001,EKPO,EBELP
U,0000000583,SRM: Created,EBAN,SRM_STATUS
U,0000000584,SRM: Complete,EBAN,SRM_STATUS
U,0000000585,SRM: Awaiting Approval,EBAN,SRM_STATUS
U,0000000586,SRM: Document Completed,EBAN,SRM_STATUS
U,0000000587,SRM: In Transfer to Execution Syst.,EBAN,SRM_STATUS
U,0000000588,SRM: Ordered,EBAN,SRM_STATUS
U,0000000589,SRM: Change was Transmitted,EBAN,SRM_STATUS
I,0000000590,00002,EKPO,EBELP
U,0000000591,SRM: Created,EBAN,SRM_STATUS
U,0000000592,SRM: Complete,EBAN,SRM_STATUS
U,0000000593,SRM: Awaiting Approval,EBAN,SRM_STATUS
U,0000000594,SRM: Document Completed,EBAN,SRM_STATUS
U,0000000595,SRM: Ordered,EBAN,SRM_STATUS
U,0000000596,SRM: In Transfer to Execution Syst.,EBAN,SRM_STATUS
U,0000000597,SRM: Change was Transmitted,EBAN,SRM_STATUS
I,0000000598,00001,EKPO,EBELP
U,0000000599,SRM: Created,EBAN,SRM_STATUS
U,0000000600,SRM: Complete,EBAN,SRM_STATUS
U,0000000601,SRM: Awaiting Approval,EBAN,SRM_STATUS
U,0000000602,SRM: Document Completed,EBAN,SRM_STATUS
U,0000000603,SRM: Ordered,EBAN,SRM_STATUS
U,0000000604,SRM: In Transfer to Execution Syst.,EBAN,SRM_STATUS
U,0000000605,SRM: Deleted,EBAN,SRM_STATUS
U,0000000606,SRM: Created,EBAN,SRM_STATUS
U,0000000607,SRM: Complete,EBAN,SRM_STATUS
U,0000000608,SRM: Awaiting Approval,EBAN,SRM_STATUS
U,0000000609,SRM: Document Completed,EBAN,SRM_STATUS
U,0000000610,SRM: In Transfer to Execution Syst.,EBAN,SRM_STATUS
U,0000000611,SRM: Ordered,EBAN,SRM_STATUS
I,0000000612,00001,EKPO,EBELP
U,0000000613,SRM: Change was Transmitted,EBAN,SRM_STATUS
U,0000000614,SRM: Created,EBAN,SRM_STATUS
U,0000000615,SRM: Complete,EBAN,SRM_STATUS
U,0000000616,SRM: Awaiting Approval,EBAN,SRM_STATUS
U,0000000617,SRM: Document Completed,EBAN,SRM_STATUS
U,0000000618,SRM: In Transfer to Execution Syst.,EBAN,SRM_STATUS
U,0000000619,SRM: Ordered,EBAN,SRM_STATUS
U,0000000620,SRM: Change was Transmitted,EBAN,SRM_STATUS
I,0000000621,00001,EKPO,EBELP
U,0000000622,SRM: Created,EBAN,SRM_STATUS
U,0000000623,SRM: Complete,EBAN,SRM_STATUS
U,0000000624,SRM: Awaiting Approval,EBAN,SRM_STATUS
U,0000000625,SRM: Document Completed,EBAN,SRM_STATUS
U,0000000626,SRM: In Transfer to Execution Syst.,EBAN,SRM_STATUS
U,0000000627,SRM: Ordered,EBAN,SRM_STATUS
U,0000000628,SRM: Change was Transmitted,EBAN,SRM_STATUS
I,0000000629,00001,EKPO,EBELP
U,0000000630,SRM: Created,EBAN,SRM_STATUS
U,0000000631,SRM: Complete,EBAN,SRM_STATUS
U,0000000632,SRM: Awaiting Approval,EBAN,SRM_STATUS
U,0000000633,SRM: Document Completed,EBAN,SRM_STATUS
U,0000000634,SRM: In Transfer to Execution Syst.,EBAN,SRM_STATUS
U,0000000635,SRM: Ordered,EBAN,SRM_STATUS
U,0000000636,SRM: Change was Transmitted,EBAN,SRM_STATUS
I,0000000637,00001,EKPO,EBELP
U,0000000638,SRM: Created,EBAN,SRM_STATUS
U,0000000639,SRM: Complete,EBAN,SRM_STATUS
U,0000000640,SRM: Awaiting Approval,EBAN,SRM_STATUS
U,0000000641,SRM: Document Completed,EBAN,SRM_STATUS
U,0000000642,SRM: Ordered,EBAN,SRM_STATUS
U,0000000643,SRM: Change was Transmitted,EBAN,SRM_STATUS
U,0000000644,SRM: In Transfer to Execution Syst.,EBAN,SRM_STATUS
I,0000000645,00001,EKPO,EBELP
U,0000000646,SRM: Created,EBAN,SRM_STATUS
U,0000000647,SRM: Complete,EBAN,SRM_STATUS
U,0000000648,SRM: Awaiting Approval,EBAN,SRM_STATUS
U,0000000649,SRM: Document Completed,EBAN,SRM_STATUS
U,0000000650,SRM: Ordered,EBAN,SRM_STATUS
U,0000000651,SRM: Change was Transmitted,EBAN,SRM_STATUS
U,0000000652,SRM: In Transfer to Execution Syst.,EBAN,SRM_STATUS
I,0000000653,00002,EKPO,EBELP
U,0000000654,SRM: Created,EBAN,SRM_STATUS
U,0000000655,SRM: Complete,EBAN,SRM_STATUS
U,0000000656,SRM: Awaiting Approval,EBAN,SRM_STATUS
U,0000000657,SRM: Document Completed,EBAN,SRM_STATUS
U,0000000658,SRM: Ordered,EBAN,SRM_STATUS
U,0000000659,SRM: In Transfer to Execution Syst.,EBAN,SRM_STATUS
I,0000000660,00001,EKPO,EBELP
U,0000000661,SRM: Change was Transmitted,EBAN,SRM_STATUS
U,0000000662,SRM: Created,EBAN,SRM_STATUS
U,0000000663,SRM: Complete,EBAN,SRM_STATUS
U,0000000664,SRM: Awaiting Approval,EBAN,SRM_STATUS
U,0000000665,SRM: Document Completed,EBAN,SRM_STATUS
U,0000000666,SRM: In Transfer to Execution Syst.,EBAN,SRM_STATUS
U,0000000667,SRM: Ordered,EBAN,SRM_STATUS
U,0000000668,SRM: Change was Transmitted,EBAN,SRM_STATUS
I,0000000669,00001,EKPO,EBELP
U,0000000670,Vendor creates debit memo,EKPO,UNMAPPED_ACTIVITY
U,0000000671,Remove Payment Block,EKPO,UNMAPPED_ACTIVITY
U,0000000672,Cancel Invoice Receipt,EKPO,UNMAPPED_ACTIVITY
U,0000000673,Remove Payment Block,EKPO,UNMAPPED_ACTIVITY
U,0000000674,Remove Payment Block,EKPO,UNMAPPED_ACTIVITY
U,0000000675,Vendor creates debit memo,EKPO,UNMAPPED_ACTIVITY
U,0000000676,Vendor creates debit memo,EKPO,UNMAPPED_ACTIVITY
U,0000000677,Cancel Invoice Receipt,EKPO,UNMAPPED_ACTIVITY
U,0000000678,Cancel Invoice Receipt,EKPO,UNMAPPED_ACTIVITY
U,0000000679,Cancel Invoice Receipt,EKPO,UNMAPPED_ACTIVITY
U,0000000680,Cancel Invoice Receipt,EKPO,UNMAPPED_ACTIVITY
U,0000000681,Remove Payment Block,EKPO,UNMAPPED_ACTIVITY
U,0000000682,Remove Payment Block,EKPO,UNMAPPED_ACTIVITY
U,0000000683,Cancel Invoice Receipt,EKPO,UNMAPPED_ACTIVITY
U,0000000684,Remove Payment Block,EKPO,UNMAPPED_ACTIVITY
U,0000000685,Remove Payment Block,EKPO,UNMAPPED_ACTIVITY
U,0000000686,Remove Payment Block,EKPO,UNMAPPED_ACTIVITY
U,0000000687,Remove Payment Block,EKPO,UNMAPPED_ACTIVITY
U,0000000688,SRM: Created,EBAN,SRM_STATUS
U,0000000689,SRM: Complete,EBAN,SRM_STATUS
U,0000000690,SRM: Awaiting Approval,EBAN,SRM_STATUS
U,0000000691,SRM: Document Completed,EBAN,SRM_STATUS
U,0000000692,SRM: In Transfer to Execution Syst.,EBAN,SRM_STATUS
U,0000000693,SRM: Ordered,EBAN,SRM_STATUS
U,0000000694,SRM: Deleted,EBAN,SRM_STATUS
U,0000000695,Remove Payment Block,EKPO,UNMAPPED_ACTIVITY
U,0000000696,Remove Payment Block,EKPO,UNMAPPED_ACTIVITY
U,0000000697,SRM: Created,EBAN,SRM_STATUS
U,0000000698,SRM: Complete,EBAN,SRM_STATUS
U,0000000699,SRM: Awaiting Approval,EBAN,SRM_STATUS
U,0000000700,SRM: Document Completed,EBAN,SRM_STATUS
U,0000000701,SRM: In Transfer to Execution Syst.,EBAN,SRM_STATUS
U,0000000702,SRM: Ordered,EBAN,SRM_STATUS
U,0000000703,SRM: Change was Transmitted,EBAN,SRM_STATUS
I,0000000704,00001,EKPO,EBELP
U,0000000705,SRM: Created,EBAN,SRM_STATUS
U,0000000706,SRM: Complete,EBAN,SRM_STATUS
U,0000000707,SRM: Awaiting Approval,EBAN,SRM_STATUS
U,0000000708,SRM: Document Completed,EBAN,SRM_STATUS
U,0000000709,SRM: In Transfer to Execution Syst.,EBAN,SRM_STATUS
U,0000000710,SRM: Ordered,EBAN,SRM_STATUS
U,0000000711,SRM: Change was Transmitted,EBAN,SRM_STATUS
I,0000000712,00001,EKPO,EBELP
U,0000000713,SRM: Created,EBAN,SRM_STATUS
U,0000000714,SRM: Complete,EBAN,SRM_STATUS
U,0000000715,SRM: Awaiting Approval,EBAN,SRM_STATUS
U,0000000716,SRM: Document Completed,EBAN,SRM_STATUS
U,0000000717,SRM: In Transfer to Execution Syst.,EBAN,SRM_STATUS
U,0000000718,SRM: Ordered,EBAN,SRM_STATUS
U,0000000719,SRM: Change was Transmitted,EBAN,SRM_STATUS
I,0000000720,00001,EKPO,EBELP
U,0000000721,SRM: Created,EBAN,SRM_STATUS
U,0000000722,SRM: Complete,EBAN,SRM_STATUS
U,0000000723,SRM: Awaiting Approval,EBAN,SRM_STATUS
U,0000000724,SRM: Document Completed,EBAN,SRM_STATUS
U,0000000725,SRM: In Transfer to Execution Syst.,EBAN,SRM_STATUS
U,0000000726,SRM: Ordered,EBAN,SRM_STATUS
U,0000000727,SRM: Change was Transmitted,EBAN,SRM_STATUS
I,0000000728,00001,EKPO,EBELP
U,0000000729,SRM: Created,EBAN,SRM_STATUS
U,0000000730,SRM: Complete,EBAN,SRM_STATUS
U,0000000731,SRM: Awaiting Approval,EBAN,SRM_STATUS
U,0000000732,SRM: Document Completed,EBAN,SRM_STATUS
U,0000000733,SRM: Ordered,EBAN,SRM_STATUS
U,0000000734,SRM: In Transfer to Execution Syst.,EBAN,SRM_STATUS
I,0000000735,00001,EKPO,EBELP
U,0000000736,SRM: Change was Transmitted,EBAN,SRM_STATUS
U,0000000737,SRM: Created,EBAN,SRM_STATUS
U,0000000738,SRM: Complete,EBAN,SRM_STATUS
U,0000000739,SRM: Awaiting Approval,EBAN,SRM_STATUS
U,0000000740,SRM: Document Completed,EBAN,SRM_STATUS
U,0000000741,SRM: In Transfer to Execution Syst.,EBAN,SRM_STATUS
U,0000000742,SRM: Ordered,EBAN,SRM_STATUS
U,0000000743,SRM: Change was Transmitted,EBAN,SRM_STATUS
I,0000000744,00001,EKPO,EBELP
U,0000000745,SRM: Created,EBAN,SRM_STATUS
U,0000000746,SRM: Complete,EBAN,SRM_STATUS
U,0000000747,SRM: Awaiting Approval,EBAN,SRM_STATUS
U,0000000748,SRM: Document Completed,EBAN,SRM_STATUS
U,0000000749,SRM: In Transfer to Execution Syst.,EBAN,SRM_STATUS
U,0000000750,SRM: In Transfer to Execution Syst.,EBAN,SRM_STATUS
U,0000000751,SRM: Ordered,EBAN,SRM_STATUS
U,0000000752,SRM: Deleted,EBAN,SRM_STATUS
U,0000000753,Delete Purchase Order Item,EKPO,UNMAPPED_ACTIVITY
U,0000000754,SRM: Transaction Completed,EBAN,SRM_STATUS
U,0000000755,SRM: Created,EBAN,SRM_STATUS
U,0000000756,SRM: Complete,EBAN,SRM_STATUS
U,0000000757,SRM: Awaiting Approval,EBAN,SRM_STATUS
U,0000000758,SRM: Document Completed,EBAN,SRM_STATUS
U,0000000759,SRM: In Transfer to Execution Syst.,EBAN,SRM_STATUS
U,0000000760,SRM: Ordered,EBAN,SRM_STATUS
U,0000000761,SRM: Change was Transmitted,EBAN,SRM_STATUS
I,0000000762,00001,EKPO,EBELP
U,0000000763,Remove Payment Block,EKPO,UNMAPPED_ACTIVITY
U,0000000764,SRM: Created,EBAN,SRM_STATUS
U,0000000765,SRM: Complete,EBAN,SRM_STATUS
U,0000000766,SRM: Awaiting Approval,EBAN,SRM_STATUS
U,0000000767,SRM: Document Completed,EBAN,SRM_STATUS
U,0000000768,SRM: In Transfer to Execution Syst.,EBAN,SRM_STATUS
U,0000000769,SRM: Ordered,EBAN,SRM_STATUS
U,0000000770,SRM: Change was Transmitted,EBAN,SRM_STATUS
I,0000000771,00002,EKPO,EBELP
U,0000000772,SRM: Created,EBAN,SRM_STATUS
U,0000000773,SRM: Complete,EBAN,SRM_STATUS
U,0000000774,SRM: Awaiting Approval,EBAN,SRM_STATUS
U,0000000775,SRM: Document Completed,EBAN,SRM_STATUS
U,0000000776,SRM: In Transfer to Execution Syst.,EBAN,SRM_STATUS
U,0000000777,SRM: Ordered,EBAN,SRM_STATUS
U,0000000778,SRM: Change was Transmitted,EBAN,SRM_STATUS
I,0000000779,00003,EKPO,EBELP
U,0000000780,Remove Payment Block,EKPO,UNMAPPED_ACTIVITY
U,0000000781,SRM: Created,EBAN,SRM_STATUS
U,0000000782,SRM: Complete,EBAN,SRM_STATUS
U,0000000783,SRM: Awaiting Approval,EBAN,SRM_STATUS
U,0000000784,SRM: Document Completed,EBAN,SRM_STATUS
U,0000000785,SRM: In Transfer to Execution Syst.,EBAN,SRM_STATUS
U,0000000786,SRM: Ordered,EBAN,SRM_STATUS
U,0000000787,SRM: Change was Transmitted,EBAN,SRM_STATUS
I,0000000788,00004,EKPO,EBELP
U,0000000789,Remove Payment Block,EKPO,UNMAPPED_ACTIVITY
U,0000000790,SRM: Created,EBAN,SRM_STATUS
U,0000000791,SRM: Complete,EBAN,SRM_STATUS
U,0000000792,SRM: Awaiting Approval,EBAN,SRM_STATUS
U,0000000793,SRM: Document Completed,EBAN,SRM_STATUS
U,0000000794,SRM: In Transfer to Execution Syst.,EBAN,SRM_STATUS
U,0000000795,SRM: Ordered,EBAN,SRM_STATUS
I,0000000796,00001,EKPO,EBELP
U,0000000797,SRM: Change was Transmitted,EBAN,SRM_STATUS
U,0000000798,SRM: In Transfer to Execution Syst.,EBAN,SRM_STATUS
U,0000000799,SRM: Created,EBAN,SRM_STATUS
U,0000000800,SRM: Complete,EBAN,SRM_STATUS
U,0000000801,SRM: Awaiting Approval,EBAN,SRM_STATUS
U,0000000802,SRM: Document Completed,EBAN,SRM_STATUS
U,0000000803,SRM: Ordered,EBAN,SRM_STATUS
U,0000000804,SRM: In Transfer to Execution Syst.,EBAN,SRM_STATUS
U,0000000805,SRM: Change was Transmitted,EBAN,SRM_STATUS
I,0000000806,00001,EKPO,EBELP
U,0000000807,SRM: In Transfer to Execution Syst.,EBAN,SRM_STATUS
U,0000000808,SRM: Created,EBAN,SRM_STATUS
U,0000000809,SRM: Complete,EBAN,SRM_STATUS
U,0000000810,SRM: Awaiting Approval,EBAN,SRM_STATUS
U,0000000811,SRM: Document Completed,EBAN,SRM_STATUS
U,0000000812,SRM: In Transfer to Execution Syst.,EBAN,SRM_STATUS
U,0000000813,SRM: Ordered,EBAN,SRM_STATUS
U,0000000814,SRM: Change was Transmitted,EBAN,SRM_STATUS
I,0000000815,00001,EKPO,EBELP
U,0000000816,SRM: In Transfer to Execution Syst.,EBAN,SRM_STATUS
U,0000000817,SRM: Created,EBAN,SRM_STATUS
U,0000000818,SRM: Complete,EBAN,SRM_STATUS
U,0000000819,SRM: Awaiting Approval,EBAN,SRM_STATUS
U,0000000820,SRM: Document Completed,EBAN,SRM_STATUS
U,0000000821,SRM: In Transfer to Execution Syst.,EBAN,SRM_STATUS
U,0000000822,SRM: Ordered,EBAN,SRM_STATUS
U,0000000823,SRM: Deleted,EBAN,SRM_STATUS
U,0000000824,Change Price,EKPO,UNMAPPED_ACTIVITY
U,0000000825,SRM: Created,EBAN,SRM_STATUS
U,0000000826,SRM: Complete,EBAN,SRM_STATUS
U,0000000827,SRM: Awaiting Approval,EBAN,SRM_STATUS
U,0000000828,SRM: Document Completed,EBAN,SRM_STATUS
U,0000000829,SRM: In Transfer to Execution Syst.,EBAN,SRM_STATUS
U,0000000830,SRM: Ordered,EBAN,SRM_STATUS
I,0000000831,00001,EKPO,EBELP
U,0000000832,SRM: Change was Transmitted,EBAN,SRM_STATUS
U,0000000833,SRM: In Transfer to Execution Syst.,EBAN,SRM_STATUS
U,0000000834,SRM: Created,EBAN,SRM_STATUS
U,0000000835,SRM: Complete,EBAN,SRM_STATUS
U,0000000836,SRM: Awaiting Approval,EBAN,SRM_STATUS
U,0000000837,SRM: Document Completed,EBAN,SRM_STATUS
U,0000000838,SRM: In Transfer to Execution Syst.,EBAN,SRM_STATUS
U,0000000839,SRM: Ordered,EBAN,SRM_STATUS
U,0000000840,SRM: Deleted,EBAN,SRM_STATUS
U,0000000841,Change Price,EKPO,UNMAPPED_ACTIVITY
U,0000000842,SRM: Created,EBAN,SRM_STATUS
U,0000000843,SRM: Complete,EBAN,SRM_STATUS
U,0000000844,SRM: Awaiting Approval,EBAN,SRM_STATUS
U,0000000845,SRM: Document Completed,EBAN,SRM_STATUS
U,0000000846,SRM: In Transfer to Execution Syst.,EBAN,SRM_STATUS
U,0000000847,SRM: Ordered,EBAN,SRM_STATUS
U,0000000848,SRM: Deleted,EBAN,SRM_STATUS
U,0000000849,Change Price,EKPO,UNMAPPED_ACTIVITY
U,0000000850,SRM: Created,EBAN,SRM_STATUS
U,0000000851,SRM: Complete,EBAN,SRM_STATUS
U,0000000852,SRM: Awaiting Approval,EBAN,SRM_STATUS
U,0000000853,SRM: Document Completed,EBAN,SRM_STATUS
U,0000000854,SRM: In Transfer to Execution Syst.,EBAN,SRM_STATUS
U,0000000855,SRM: Ordered,EBAN,SRM_STATUS
U,0000000856,SRM: Change was Transmitted,EBAN,SRM_STATUS
I,0000000857,00001,EKPO,EBELP
U,0000000858,SRM: In Transfer to Execution Syst.,EBAN,SRM_STATUS
U,0000000859,SRM: Created,EBAN,SRM_STATUS
U,0000000860,SRM: Complete,EBAN,SRM_STATUS
U,0000000861,SRM: Awaiting Approval,EBAN,SRM_STATUS
U,0000000862,SRM: Document Completed,EBAN,SRM_STATUS
U,0000000863,SRM: In Transfer to Execution Syst.,EBAN,SRM_STATUS
U,0000000864,SRM: Ordered,EBAN,SRM_STATUS
U,0000000865,SRM: Deleted,EBAN,SRM_STATUS
U,0000000866,Change Price,EKPO,UNMAPPED_ACTIVITY
U,0000000867,SRM: Created,EBAN,SRM_STATUS
U,0000000868,SRM: Complete,EBAN,SRM_STATUS
U,0000000869,SRM: Awaiting Approval,EBAN,SRM_STATUS
U,0000000870,SRM: Document Completed,EBAN,SRM_STATUS
U,0000000871,SRM: In Transfer to Execution Syst.,EBAN,SRM_STATUS
U,0000000872,SRM: Ordered,EBAN,SRM_STATUS
U,0000000873,SRM: Change was Transmitted,EBAN,SRM_STATUS
I,0000000874,00001,EKPO,EBELP
U,0000000875,SRM: In Transfer to Execution Syst.,EBAN,SRM_STATUS
U,0000000876,SRM: Created,EBAN,SRM_STATUS
U,0000000877,SRM: Complete,EBAN,SRM_STATUS
U,0000000878,SRM: Awaiting Approval,EBAN,SRM_STATUS
U,0000000879,SRM: Document Completed,EBAN,SRM_STATUS
U,0000000880,SRM: In Transfer to Execution Syst.,EBAN,SRM_STATUS
U,0000000881,SRM: Ordered,EBAN,SRM_STATUS
U,0000000882,SRM: Deleted,EBAN,SRM_STATUS
U,0000000883,Change Price,EKPO,UNMAPPED_ACTIVITY
U,0000000884,SRM: Created,EBAN,SRM_STATUS
U,0000000885,SRM: Complete,EBAN,SRM_STATUS
U,0000000886,SRM: Awaiting Approval,EBAN,SRM_STATUS
U,0000000887,SRM: Document Completed,EBAN,SRM_STATUS
U,0000000888,SRM: In Transfer to Execution Syst.,EBAN,SRM_STATUS
U,0000000889,SRM: Ordered,EBAN,SRM_STATUS
U,0000000890,SRM: Deleted,EBAN,SRM_STATUS
U,0000000891,Change Price,EKPO,UNMAPPED_ACTIVITY
U,0000000892,SRM: Created,EBAN,SRM_STATUS
U,0000000893,SRM: Complete,EBAN,SRM_STATUS
U,0000000894,SRM: Awaiting Approval,EBAN,SRM_STATUS
U,0000000895,SRM: Document Completed,EBAN,SRM_STATUS
U,0000000896,SRM: In Transfer to Execution Syst.,EBAN,SRM_STATUS
U,0000000897,SRM: Ordered,EBAN,SRM_STATUS
U,0000000898,SRM: Change was Transmitted,EBAN,SRM_STATUS
I,0000000899,00001,EKPO,EBELP
U,0000000900,SRM: In Transfer to Execution Syst.,EBAN,SRM_STATUS
U,0000000901,SRM: Created,EBAN,SRM_STATUS
U,0000000902,SRM: Complete,EBAN,SRM_STATUS
U,0000000903,SRM: Awaiting Approval,EBAN,SRM_STATUS
U,0000000904,SRM: Document Completed,EBAN,SRM_STATUS
U,0000000905,SRM: In Transfer to Execution Syst.,EBAN,SRM_STATUS
U,0000000906,SRM: Ordered,EBAN,SRM_STATUS
U,0000000907,SRM: Deleted,EBAN,SRM_STATUS
U,0000000908,Change Price,EKPO,UNMAPPED_ACTIVITY
U,0000000909,SRM: Created,EBAN,SRM_STATUS
U,0000000910,SRM: Complete,EBAN,SRM_STATUS
U,0000000911,SRM: Awaiting Approval,EBAN,SRM_STATUS
U,0000000912,SRM: Document Completed,EBAN,SRM_STATUS
U,0000000913,SRM: Ordered,EBAN,SRM_STATUS
U,0000000914,SRM: In Transfer to Execution Syst.,EBAN,SRM_STATUS
I,0000000915,00001,EKPO,EBELP
U,0000000916,SRM: Change was Transmitted,EBAN,SRM_STATUS
U,0000000917,SRM: In Transfer to Execution Syst.,EBAN,SRM_STATUS
U,0000000918,SRM: Created,EBAN,SRM_STATUS
U,0000000919,SRM: Complete,EBAN,SRM_STATUS
U,0000000920,SRM: Awaiting Approval,EBAN,SRM_STATUS
U,0000000921,SRM: Document Completed,EBAN,SRM_STATUS
U,0000000922,SRM: Ordered,EBAN,SRM_STATUS
U,0000000923,SRM: In Transfer to Execution Syst.,EBAN,SRM_STATUS
I,0000000924,00001,EKPO,EBELP
U,0000000925,SRM: Change was Transmitted,EBAN,SRM_STATUS
U,0000000926,SRM: In Transfer to Execution Syst.,EBAN,SRM_STATUS
U,0000000927,SRM: Created,EBAN,SRM_STATUS
U,0000000928,SRM: Complete,EBAN,SRM_STATUS
U,0000000929,SRM: Awaiting Approval,EBAN,SRM_STATUS
U,0000000930,SRM: Document Completed,EBAN,SRM_STATUS
U,0000000931,SRM: In Transfer to Execution Syst.,EBAN,SRM_STATUS
U,0000000932,SRM: Ordered,EBAN,SRM_STATUS
U,0000000933,SRM: Change was Transmitted,EBAN,SRM_STATUS
I,0000000934,00001,EKPO,EBELP
U,0000000935,SRM: In Transfer to Execution Syst.,EBAN,SRM_STATUS
U,0000000936,SRM: Created,EBAN,SRM_STATUS
U,0000000937,SRM: Complete,EBAN,SRM_STATUS
U,0000000938,SRM: Awaiting Approval,EBAN,SRM_STATUS
U,0000000939,SRM: Document Completed,EBAN,SRM_STATUS
U,0000000940,SRM: In Transfer to Execution Syst.,EBAN,SRM_STATUS
U,0000000941,SRM: Ordered,EBAN,SRM_STATUS
U,0000000942,SRM: Deleted,EBAN,SRM_STATUS
U,0000000943,Change Price,EKPO,UNMAPPED_ACTIVITY
U,0000000944,SRM: Created,EBAN,SRM_STATUS
U,0000000945,SRM: Complete,EBAN,SRM_STATUS
U,0000000946,SRM: Awaiting Approval,EBAN,SRM_STATUS
U,0000000947,SRM: Document Completed,EBAN,SRM_STATUS
U,0000000948,SRM: In Transfer to Execution Syst.,EBAN,SRM_STATUS
U,0000000949,SRM: Ordered,EBAN,SRM_STATUS
U,0000000950,SRM: Deleted,EBAN,SRM_STATUS
U,0000000951,Change Price,EKPO,UNMAPPED_ACTIVITY
U,0000000952,SRM: Created,EBAN,SRM_STATUS
U,0000000953,SRM: Complete,EBAN,SRM_STATUS
U,0000000954,SRM: Awaiting Approval,EBAN,SRM_STATUS
U,0000000955,SRM: Document Completed,EBAN,SRM_STATUS
U,0000000956,SRM: In Transfer to Execution Syst.,EBAN,SRM_STATUS
U,0000000957,SRM: Ordered,EBAN,SRM_STATUS
U,0000000958,SRM: Change was Transmitted,EBAN,SRM_STATUS
I,0000000959,00001,EKPO,EBELP
U,0000000960,SRM: In Transfer to Execution Syst.,EBAN,SRM_STATUS
U,0000000961,SRM: Created,EBAN,SRM_STATUS
U,0000000962,SRM: Complete,EBAN,SRM_STATUS
U,0000000963,SRM: Awaiting Approval,EBAN,SRM_STATUS
U,0000000964,SRM: Document Completed,EBAN,SRM_STATUS
U,0000000965,SRM: In Transfer to Execution Syst.,EBAN,SRM_STATUS
U,0000000966,SRM: Ordered,EBAN,SRM_STATUS
U,0000000967,SRM: Deleted,EBAN,SRM_STATUS
U,0000000968,Change Price,EKPO,UNMAPPED_ACTIVITY
U,0000000969,SRM: Created,EBAN,SRM_STATUS
U,0000000970,SRM: Complete,EBAN,SRM_STATUS
U,0000000971,SRM: Awaiting Approval,EBAN,SRM_STATUS
U,0000000972,SRM: Document Completed,EBAN,SRM_STATUS
U,0000000973,SRM: Ordered,EBAN,SRM_STATUS
U,0000000974,SRM: In Transfer to Execution Syst.,EBAN,SRM_STATUS
U,0000000975,SRM: Change was Transmitted,EBAN,SRM_STATUS
I,0000000976,00001,EKPO,EBELP
U,0000000977,SRM: In Transfer to Execution Syst.,EBAN,SRM_STATUS
U,0000000978,SRM: Created,EBAN,SRM_STATUS
U,0000000979,SRM: Complete,EBAN,SRM_STATUS
U,0000000980,SRM: Awaiting Approval,EBAN,SRM_STATUS
U,0000000981,SRM: Document Completed,EBAN,SRM_STATUS
U,0000000982,SRM: Ordered,EBAN,SRM_STATUS
U,0000000983,SRM: In Transfer to Execution Syst.,EBAN,SRM_STATUS
U,0000000984,SRM: Deleted,EBAN,SRM_STATUS
U,0000000985,Change Price,EKPO,UNMAPPED_ACTIVITY
U,0000000986,SRM: Created,EBAN,SRM_STATUS
U,0000000987,SRM: Complete,EBAN,SRM_STATUS
U,0000000988,SRM: Awaiting Approval,EBAN,SRM_STATUS
U,0000000989,SRM: Document Completed,EBAN,SRM_STATUS
U,0000000990,SRM: In Transfer to Execution Syst.,EBAN,SRM_STATUS
U,0000000991,SRM: Ordered,EBAN,SRM_STATUS
U,0000000992,SRM: Change was Transmitted,EBAN,SRM_STATUS
I,0000000993,00001,EKPO,EBELP
U,0000000994,SRM: In Transfer to Execution Syst.,EBAN,SRM_STATUS
U,0000000995,SRM: Created,EBAN,SRM_STATUS
U,0000000996,SRM: Complete,EBAN,SRM_STATUS
U,0000000997,SRM: Awaiting Approval,EBAN,SRM_STATUS
U,0000000998,SRM: Document Completed,EBAN,SRM_STATUS
U,0000000999,SRM: Ordered,EBAN,SRM_STATUS
U,0000001000,SRM: In Transfer to Execution Syst.,EBAN,SRM_STATUS
U,0000001001,SRM: Change was Transmitted,EBAN,SRM_STATUS
I,0000001002,00001,EKPO,EBELP
U,0000001003,SRM: In Transfer to Execution Syst.,EBAN,SRM_STATUS
U,0000001004,SRM: Created,EBAN,SRM_STATUS
U,0000001005,SRM: Complete,EBAN,SRM_STATUS
U,0000001006,SRM: Awaiting Approval,EBAN,SRM_STATUS
U,0000001007,SRM: Document Completed,EBAN,SRM_STATUS
U,0000001008,SRM: Ordered,EBAN,SRM_STATUS
U,0000001009,SRM: In Transfer to Execution Syst.,EBAN,SRM_STATUS
U,0000001010,SRM: Deleted,EBAN,SRM_STATUS
U,0000001011,Change Price,EKPO,UNMAPPED_ACTIVITY
U,0000001012,SRM: Created,EBAN,SRM_STATUS
U,0000001013,SRM: Complete,EBAN,SRM_STATUS
U,0000001014,SRM: Awaiting Approval,EBAN,SRM_STATUS
U,0000001015,SRM: Document Completed,EBAN,SRM_STATUS
U,0000001016,SRM: Ordered,EBAN,SRM_STATUS
U,0000001017,SRM: In Transfer to Execution Syst.,EBAN,SRM_STATUS
U,0000001018,SRM: Deleted,EBAN,SRM_STATUS
U,0000001019,Change Price,EKPO,UNMAPPED_ACTIVITY
U,0000001020,SRM: Created,EBAN,SRM_STATUS
U,0000001021,SRM: Complete,EBAN,SRM_STATUS
U,0000001022,SRM: Awaiting Approval,EBAN,SRM_STATUS
U,0000001023,SRM: Document Completed,EBAN,SRM_STATUS
U,0000001024,SRM: In Transfer to Execution Syst.,EBAN,SRM_STATUS
U,0000001025,SRM: Ordered,EBAN,SRM_STATUS
I,0000001026,00001,EKPO,EBELP
U,0000001027,SRM: Change was Transmitted,EBAN,SRM_STATUS
U,0000001028,SRM: In Transfer to Execution Syst.,EBAN,SRM_STATUS
U,0000001029,SRM: Created,EBAN,SRM_STATUS
U,0000001030,SRM: Complete,EBAN,SRM_STATUS
U,0000001031,SRM: Awaiting Approval,EBAN,SRM_STATUS
U,0000001032,SRM: Document Completed,EBAN,SRM_STATUS
U,0000001033,SRM: In Transfer to Execution Syst.,EBAN,SRM_STATUS
U,0000001034,SRM: Ordered,EBAN,SRM_STATUS
U,0000001035,SRM: Deleted,EBAN,SRM_STATUS
U,0000001036,Change Price,EKPO,UNMAPPED_ACTIVITY
U,0000001037,SRM: Created,EBAN,SRM_STATUS
U,0000001038,SRM: Complete,EBAN,SRM_STATUS
U,0000001039,SRM: Awaiting Approval,EBAN,SRM_STATUS
U,0000001040,SRM: Document Completed,EBAN,SRM_STATUS
U,0000001041,SRM: In Transfer to Execution Syst.,EBAN,SRM_STATUS
U,0000001042,SRM: Ordered,EBAN,SRM_STATUS
U,0000001043,SRM: Deleted,EBAN,SRM_STATUS
U,0000001044,Change Price,EKPO,UNMAPPED_ACTIVITY
U,0000001045,SRM: Created,EBAN,SRM_STATUS
U,0000001046,SRM: Complete,EBAN,SRM_STATUS
U,0000001047,SRM: Awaiting Approval,EBAN,SRM_STATUS
U,0000001048,SRM: Document Completed,EBAN,SRM_STATUS
U,0000001049,SRM: In Transfer to Execution Syst.,EBAN,SRM_STATUS
U,0000001050,SRM: Ordered,EBAN,SRM_STATUS
U,0000001051,SRM: Deleted,EBAN,SRM_STATUS
U,0000001052,Change Price,EKPO,UNMAPPED_ACTIVITY
U,0000001053,SRM: Created,EBAN,SRM_STATUS
U,0000001054,SRM: Complete,EBAN,SRM_STATUS
U,0000001055,SRM: Awaiting Approval,EBAN,SRM_STATUS
U,0000001056,SRM: Document Completed,EBAN,SRM_STATUS
U,0000001057,SRM: In Transfer to Execution Syst.,EBAN,SRM_STATUS
U,0000001058,SRM: Ordered,EBAN,SRM_STATUS
U,0000001059,SRM: Change was Transmitted,EBAN,SRM_STATUS
I,0000001060,00001,EKPO,EBELP
U,0000001061,SRM: In Transfer to Execution Syst.,EBAN,SRM_STATUS
U,0000001062,SRM: Created,EBAN,SRM_STATUS
U,0000001063,SRM: Complete,EBAN,SRM_STATUS
U,0000001064,SRM: Awaiting Approval,EBAN,SRM_STATUS
U,0000001065,SRM: Document Completed,EBAN,SRM_STATUS
U,0000001066,SRM: In Transfer to Execution Syst.,EBAN,SRM_STATUS
U,0000001067,SRM: Ordered,EBAN,SRM_STATUS
U,0000001068,SRM: Deleted,EBAN,SRM_STATUS
U,0000001069,Change Price,EKPO,UNMAPPED_ACTIVITY
U,0000001070,SRM: Created,EBAN,SRM_STATUS
U,0000001071,SRM: Complete,EBAN,SRM_STATUS
U,0000001072,SRM: Awaiting Approval,EBAN,SRM_STATUS
U,0000001073,SRM: Document Completed,EBAN,SRM_STATUS
U,0000001074,SRM: In Transfer to Execution Syst.,EBAN,SRM_STATUS
U,0000001075,SRM: Ordered,EBAN,SRM_STATUS
U,0000001076,SRM: Change was Transmitted,EBAN,SRM_STATUS
I,0000001077,00001,EKPO,EBELP
U,0000001078,Vendor creates debit memo,EKPO,UNMAPPED_ACTIVITY
U,0000001079,Vendor creates debit memo,EKPO,UNMAPPED_ACTIVITY
U,0000001080,Cancel Invoice Receipt,EKPO,UNMAPPED_ACTIVITY
U,0000001081,SRM: In Transfer to Execution Syst.,EBAN,SRM_STATUS
U,0000001082,Cancel Invoice Receipt,EKPO,UNMAPPED_ACTIVITY
U,0000001083,SRM: Created,EBAN,SRM_STATUS
U,0000001084,SRM: Complete,EBAN,SRM_STATUS
U,0000001085,SRM: Awaiting Approval,EBAN,SRM_STATUS
U,0000001086,SRM: Document Completed,EBAN,SRM_STATUS
U,0000001087,SRM: In Transfer to Execution Syst.,EBAN,SRM_STATUS
U,0000001088,SRM: Ordered,EBAN,SRM_STATUS
U,0000001089,SRM: Change was Transmitted,EBAN,SRM_STATUS
I,0000001090,00001,EKPO,EBELP
U,0000001091,SRM: In Transfer to Execution Syst.,EBAN,SRM_STATUS
U,0000001092,SRM: Created,EBAN,SRM_STATUS
U,0000001093,SRM: Complete,EBAN,SRM_STATUS
U,0000001094,SRM: Awaiting Approval,EBAN,SRM_STATUS
U,0000001095,SRM: Document Completed,EBAN,SRM_STATUS
U,0000001096,SRM: In Transfer to Execution Syst.,EBAN,SRM_STATUS
U,0000001097,SRM: Ordered,EBAN,SRM_STATUS
U,0000001098,SRM: Deleted,EBAN,SRM_STATUS
U,0000001099,Change Price,EKPO,UNMAPPED_ACTIVITY
U,0000001100,SRM: Created,EBAN,SRM_STATUS
U,0000001101,SRM: Complete,EBAN,SRM_STATUS
U,0000001102,SRM: Awaiting Approval,EBAN,SRM_STATUS
U,0000001103,SRM: Document Completed,EBAN,SRM_STATUS
U,0000001104,SRM: Change was Transmitted,EBAN,SRM_STATUS
U,0000001105,SRM: Ordered,EBAN,SRM_STATUS
U,0000001106,SRM: In Transfer to Execution Syst.,EBAN,SRM_STATUS
I,0000001107,00001,EKPO,EBELP
U,0000001108,SRM: Created,EBAN,SRM_STATUS
U,0000001109,SRM: Complete,EBAN,SRM_STATUS
U,0000001110,SRM: Awaiting Approval,EBAN,SRM_STATUS
U,0000001111,SRM: Document Completed,EBAN,SRM_STATUS
U,0000001112,SRM: In Transfer to Execution Syst.,EBAN,SRM_STATUS
U,0000001113,SRM: Ordered,EBAN,SRM_STATUS
U,0000001114,SRM: Change was Transmitted,EBAN,SRM_STATUS
I,0000001115,00001,EKPO,EBELP
U,0000001116,SRM: Created,EBAN,SRM_STATUS
U,0000001117,SRM: Complete,EBAN,SRM_STATUS
U,0000001118,SRM: Awaiting Approval,EBAN,SRM_STATUS
U,0000001119,SRM: Document Completed,EBAN,SRM_STATUS
U,0000001120,SRM: In Transfer to Execution Syst.,EBAN,SRM_STATUS
U,0000001121,SRM: Change was Transmitted,EBAN,SRM_STATUS
U,0000001122,SRM: Ordered,EBAN,SRM_STATUS
I,0000001123,00001,EKPO,EBELP
U,0000001124,SRM: Created,EBAN,SRM_STATUS
U,0000001125,SRM: Complete,EBAN,SRM_STATUS
U,0000001126,SRM: Awaiting Approval,EBAN,SRM_STATUS
U,0000001127,SRM: Document Completed,EBAN,SRM_STATUS
U,0000001128,SRM: In Transfer to Execution Syst.,EBAN,SRM_STATUS
U,0000001129,SRM: Ordered,EBAN,SRM_STATUS
U,0000001130,SRM: Change was Transmitted,EBAN,SRM_STATUS
I,0000001131,00001,EKPO,EBELP
U,0000001132,SRM: Created,EBAN,SRM_STATUS
U,0000001133,SRM: Complete,EBAN,SRM_STATUS
U,0000001134,SRM: Awaiting Approval,EBAN,SRM_STATUS
U,0000001135,SRM: Document Completed,EBAN,SRM_STATUS
U,0000001136,SRM: In Transfer to Execution Syst.,EBAN,SRM_STATUS
U,0000001137,SRM: Ordered,EBAN,SRM_STATUS
U,0000001138,SRM: Change was Transmitted,EBAN,SRM_STATUS
I,0000001139,00002,EKPO,EBELP
U,0000001140,SRM: Created,EBAN,SRM_STATUS
U,0000001141,SRM: Complete,EBAN,SRM_STATUS
U,0000001142,SRM: Awaiting Approval,EBAN,SRM_STATUS
U,0000001143,SRM: Document Completed,EBAN,SRM_STATUS
U,0000001144,SRM: In Transfer to Execution Syst.,EBAN,SRM_STATUS
U,0000001145,SRM: Ordered,EBAN,SRM_STATUS
U,0000001146,SRM: Change was Transmitted,EBAN,SRM_STATUS
I,0000001147,00003,EKPO,EBELP
U,0000001148,SRM: Created,EBAN,SRM_STATUS
U,0000001149,SRM: Complete,EBAN,SRM_STATUS
U,0000001150,SRM: Awaiting Approval,EBAN,SRM_STATUS
U,0000001151,SRM: Document Completed,EBAN,SRM_STATUS
U,0000001152,SRM: In Transfer to Execution Syst.,EBAN,SRM_STATUS
U,0000001153,SRM: Ordered,EBAN,SRM_STATUS
I,0000001154,00001,EKPO,EBELP
U,0000001155,SRM: Change was Transmitted,EBAN,SRM_STATUS
U,0000001156,SRM: Created,EBAN,SRM_STATUS
U,0000001157,SRM: Complete,EBAN,SRM_STATUS
U,0000001158,SRM: Awaiting Approval,EBAN,SRM_STATUS
U,0000001159,SRM: Document Completed,EBAN,SRM_STATUS
U,0000001160,SRM: In Transfer to Execution Syst.,EBAN,SRM_STATUS
U,0000001161,SRM: Ordered,EBAN,SRM_STATUS
I,0000001162,00002,EKPO,EBELP
U,0000001163,SRM: Change was Transmitted,EBAN,SRM_STATUS
U,0000001164,SRM: Created,EBAN,SRM_STATUS
U,0000001165,SRM: Complete,EBAN,SRM_STATUS
U,0000001166,SRM: Awaiting Approval,EBAN,SRM_STATUS
U,0000001167,SRM: Document Completed,EBAN,SRM_STATUS
U,0000001168,SRM: In Transfer to Execution Syst.,EBAN,SRM_STATUS
U,0000001169,SRM: Ordered,EBAN,SRM_STATUS
I,0000001170,00001,EKPO,EBELP
U,0000001171,SRM: Change was Transmitted,EBAN,SRM_STATUS
U,0000001172,SRM: In Transfer to Execution Syst.,EBAN,SRM_STATUS
U,0000001173,SRM: Created,EBAN,SRM_STATUS
U,0000001174,SRM: Complete,EBAN,SRM_STATUS
U,0000001175,SRM: Awaiting Approval,EBAN,SRM_STATUS
U,0000001176,SRM: Document Completed,EBAN,SRM_STATUS
U,0000001177,SRM: Ordered,EBAN,SRM_STATUS
U,0000001178,SRM: In Transfer to Execution Syst.,EBAN,SRM_STATUS
U,0000001179,SRM: Change was Transmitted,EBAN,SRM_STATUS
I,0000001180,00001,EKPO,EBELP
U,0000001181,SRM: Created,EBAN,SRM_STATUS
U,0000001182,SRM: Complete,EBAN,SRM_STATUS
U,0000001183,SRM: Awaiting Approval,EBAN,SRM_STATUS
U,0000001184,SRM: Document Completed,EBAN,SRM_STATUS
U,0000001185,SRM: Ordered,EBAN,SRM_STATUS
U,0000001186,SRM: In Transfer to Execution Syst.,EBAN,SRM_STATUS
U,0000001187,SRM: Change was Transmitted,EBAN,SRM_STATUS
I,0000001188,00002,EKPO,EBELP
U,0000001189,SRM: Created,EBAN,SRM_STATUS
U,0000001190,SRM: Complete,EBAN,SRM_STATUS
U,0000001191,SRM: Awaiting Approval,EBAN,SRM_STATUS
U,0000001192,SRM: Document Completed,EBAN,SRM_STATUS
U,0000001193,SRM: Ordered,EBAN,SRM_STATUS
U,0000001194,SRM: In Transfer to Execution Syst.,EBAN,SRM_STATUS
U,0000001195,SRM: Change was Transmitted,EBAN,SRM_STATUS
I,0000001196,00003,EKPO,EBELP
U,0000001197,SRM: Created,EBAN,SRM_STATUS
U,0000001198,SRM: Complete,EBAN,SRM_STATUS
U,0000001199,SRM: Awaiting Approval,EBAN,SRM_STATUS
U,0000001200,SRM: Document Completed,EBAN,SRM_STATUS
U,0000001201,SRM: In Transfer to Execution Syst.,EBAN,SRM_STATUS
U,0000001202,SRM: Ordered,EBAN,SRM_STATUS
U,0000001203,SRM: Change was Transmitted,EBAN,SRM_STATUS
I,0000001204,00001,EKPO,EBELP
U,0000001205,SRM: Created,EBAN,SRM_STATUS
U,0000001206,SRM: Complete,EBAN,SRM_STATUS
U,0000001207,SRM: Awaiting Approval,EBAN,SRM_STATUS
U,0000001208,SRM: Document Completed,EBAN,SRM_STATUS
U,0000001209,SRM: In Transfer to Execution Syst.,EBAN,SRM_STATUS
U,0000001210,SRM: Ordered,EBAN,SRM_STATUS
U,0000001211,SRM: Change was Transmitted,EBAN,SRM_STATUS
I,0000001212,00002,EKPO,EBELP
U,0000001213,SRM: Created,EBAN,SRM_STATUS
U,0000001214,SRM: Complete,EBAN,SRM_STATUS
U,0000001215,SRM: Awaiting Approval,EBAN,SRM_STATUS
U,0000001216,SRM: Document Completed,EBAN,SRM_STATUS
U,0000001217,SRM: Ordered,EBAN,SRM_STATUS
U,0000001218,SRM: In Transfer to Execution Syst.,EBAN,SRM_STATUS
U,0000001219,SRM: Change was Transmitted,EBAN,SRM_STATUS
I,0000001220,00001,EKPO,EBELP
U,0000001221,SRM: Created,EBAN,SRM_STATUS
U,0000001222,SRM: Complete,EBAN,SRM_STATUS
U,0000001223,SRM: Awaiting Approval,EBAN,SRM_STATUS
U,0000001224,SRM: Document Completed,EBAN,SRM_STATUS
U,0000001225,SRM: In Transfer to Execution Syst.,EBAN,SRM_STATUS
U,0000001226,SRM: Ordered,EBAN,SRM_STATUS
U,0000001227,SRM: Change was Transmitted,EBAN,SRM_STATUS
I,0000001228,00001,EKPO,EBELP
U,0000001229,SRM: Created,EBAN,SRM_STATUS
U,0000001230,SRM: Complete,EBAN,SRM_STATUS
U,0000001231,SRM: Awaiting Approval,EBAN,SRM_STATUS
U,0000001232,SRM: Document Completed,EBAN,SRM_STATUS
U,0000001233,SRM: In Transfer to Execution Syst.,EBAN,SRM_STATUS
U,0000001234,SRM: Ordered,EBAN,SRM_STATUS
U,0000001235,SRM: Change was Transmitted,EBAN,SRM_STATUS
I,0000001236,00002,EKPO,EBELP
U,0000001237,SRM: Created,EBAN,SRM_STATUS
U,0000001238,SRM: Complete,EBAN,SRM_STATUS
U,0000001239,SRM: Awaiting Approval,EBAN,SRM_STATUS
U,0000001240,SRM: Document Completed,EBAN,SRM_STATUS
U,0000001241,SRM: Ordered,EBAN,SRM_STATUS
U,0000001242,SRM: Change was Transmitted,EBAN,SRM_STATUS
U,0000001243,SRM: In Transfer to Execution Syst.,EBAN,SRM_STATUS
I,0000001244,00001,EKPO,EBELP
U,0000001245,SRM: Created,EBAN,SRM_STATUS
U,0000001246,SRM: Complete,EBAN,SRM_STATUS
U,0000001247,SRM: Awaiting Approval,EBAN,SRM_STATUS
U,0000001248,SRM: Document Completed,EBAN,SRM_STATUS
U,0000001249,SRM: Ordered,EBAN,SRM_STATUS
U,0000001250,SRM: Change was Transmitted,EBAN,SRM_STATUS
U,0000001251,SRM: In Transfer to Execution Syst.,EBAN,SRM_STATUS
I,0000001252,00002,EKPO,EBELP
U,0000001253,SRM: Created,EBAN,SRM_STATUS
U,0000001254,SRM: Complete,EBAN,SRM_STATUS
U,0000001255,SRM: Awaiting Approval,EBAN,SRM_STATUS
U,0000001256,SRM: Document Completed,EBAN,SRM_STATUS
U,0000001257,SRM: Ordered,EBAN,SRM_STATUS
U,0000001258,SRM: Change was Transmitted,EBAN,SRM_STATUS
U,0000001259,SRM: In Transfer to Execution Syst.,EBAN,SRM_STATUS
I,0000001260,00003,EKPO,EBELP
U,0000001261,SRM: Created,EBAN,SRM_STATUS
U,0000001262,SRM: Complete,EBAN,SRM_STATUS
U,0000001263,SRM: Awaiting Approval,EBAN,SRM_STATUS
U,0000001264,SRM: Document Completed,EBAN,SRM_STATUS
U,0000001265,SRM: In Transfer to Execution Syst.,EBAN,SRM_STATUS
U,0000001266,SRM: Ordered,EBAN,SRM_STATUS
U,0000001267,SRM: Change was Transmitted,EBAN,SRM_STATUS
I,0000001268,00001,EKPO,EBELP
U,0000001269,SRM: Created,EBAN,SRM_STATUS
U,0000001270,SRM: Complete,EBAN,SRM_STATUS
U,0000001271,SRM: Awaiting Approval,EBAN,SRM_STATUS
U,0000001272,SRM: Document Completed,EBAN,SRM_STATUS
U,0000001273,SRM: In Transfer to Execution Syst.,EBAN,SRM_STATUS
U,0000001274,SRM: Ordered,EBAN,SRM_STATUS
U,0000001275,SRM: Change was Transmitted,EBAN,SRM_STATUS
I,0000001276,00001,EKPO,EBELP
U,0000001277,SRM: Created,EBAN,SRM_STATUS
U,0000001278,SRM: Complete,EBAN,SRM_STATUS
U,0000001279,SRM: Awaiting Approval,EBAN,SRM_STATUS
U,0000001280,SRM: Document Completed,EBAN,SRM_STATUS
U,0000001281,SRM: In Transfer to Execution Syst.,EBAN,SRM_STATUS
U,0000001282,SRM: Ordered,EBAN,SRM_STATUS
U,0000001283,SRM: Change was Transmitted,EBAN,SRM_STATUS
I,0000001284,00001,EKPO,EBELP
U,0000001285,SRM: Created,EBAN,SRM_STATUS
U,0000001286,SRM: Complete,EBAN,SRM_STATUS
U,0000001287,SRM: Awaiting Approval,EBAN,SRM_STATUS
U,0000001288,SRM: Document Completed,EBAN,SRM_STATUS
U,0000001289,SRM: In Transfer to Execution Syst.,EBAN,SRM_STATUS
U,0000001290,SRM: Ordered,EBAN,SRM_STATUS
U,0000001291,SRM: Change was Transmitted,EBAN,SRM_STATUS
I,0000001292,00002,EKPO,EBELP
U,0000001293,SRM: Created,EBAN,SRM_STATUS
U,0000001294,SRM: Complete,EBAN,SRM_STATUS
U,0000001295,SRM: Awaiting Approval,EBAN,SRM_STATUS
U,0000001296,SRM: Document Completed,EBAN,SRM_STATUS
U,0000001297,SRM: Ordered,EBAN,SRM_STATUS
U,0000001298,SRM: In Transfer to Execution Syst.,EBAN,SRM_STATUS
I,0000001299,00001,EKPO,EBELP
U,0000001300,SRM: Change was Transmitted,EBAN,SRM_STATUS
U,0000001301,SRM: Created,EBAN,SRM_STATUS
U,0000001302,SRM: Complete,EBAN,SRM_STATUS
U,0000001303,SRM: Awaiting Approval,EBAN,SRM_STATUS
U,0000001304,SRM: Document Completed,EBAN,SRM_STATUS
U,0000001305,SRM: In Transfer to Execution Syst.,EBAN,SRM_STATUS
U,0000001306,SRM: Ordered,EBAN,SRM_STATUS
I,0000001307,00001,EKPO,EBELP
U,0000001308,SRM: Change was Transmitted,EBAN,SRM_STATUS
U,0000001309,SRM: Created,EBAN,SRM_STATUS
U,0000001310,SRM: Complete,EBAN,SRM_STATUS
U,0000001311,SRM: Awaiting Approval,EBAN,SRM_STATUS
U,0000001312,SRM: Document Completed,EBAN,SRM_STATUS
U,0000001313,SRM: In Transfer to Execution Syst.,EBAN,SRM_STATUS
U,0000001314,SRM: Ordered,EBAN,SRM_STATUS
U,0000001315,SRM: Deleted,EBAN,SRM_STATUS
U,0000001316,Delete Purchase Order Item,EKPO,UNMAPPED_ACTIVITY
U,0000001317,SRM: In Transfer to Execution Syst.,EBAN,SRM_STATUS
U,0000001318,SRM: Transaction Completed,EBAN,SRM_STATUS
U,0000001319,SRM: In Transfer to Execution Syst.,EBAN,SRM_STATUS
U,0000001320,SRM: In Transfer to Execution Syst.,EBAN,SRM_STATUS
U,0000001321,SRM: Created,EBAN,SRM_STATUS
U,0000001322,SRM: Complete,EBAN,SRM_STATUS
U,0000001323,SRM: Awaiting Approval,EBAN,SRM_STATUS
U,0000001324,SRM: Document Completed,EBAN,SRM_STATUS
U,0000001325,SRM: In Transfer to Execution Syst.,EBAN,SRM_STATUS
U,0000001326,SRM: Ordered,EBAN,SRM_STATUS
I,0000001327,00001,EKPO,EBELP
U,0000001328,SRM: Change was Transmitted,EBAN,SRM_STATUS
U,0000001329,SRM: Created,EBAN,SRM_STATUS
U,0000001330,SRM: Complete,EBAN,SRM_STATUS
U,0000001331,SRM: Awaiting Approval,EBAN,SRM_STATUS
U,0000001332,SRM: Document Completed,EBAN,SRM_STATUS
U,0000001333,SRM: In Transfer to Execution Syst.,EBAN,SRM_STATUS
U,0000001334,SRM: Ordered,EBAN,SRM_STATUS
I,0000001335,00001,EKPO,EBELP
U,0000001336,SRM: Change was Transmitted,EBAN,SRM_STATUS
U,0000001337,SRM: Created,EBAN,SRM_STATUS
U,0000001338,SRM: Complete,EBAN,SRM_STATUS
U,0000001339,SRM: Awaiting Approval,EBAN,SRM_STATUS
U,0000001340,SRM: Document Completed,EBAN,SRM_STATUS
U,0000001341,SRM: In Transfer to Execution Syst.,EBAN,SRM_STATUS
U,0000001342,SRM: Ordered,EBAN,SRM_STATUS
U,0000001343,SRM: Change was Transmitted,EBAN,SRM_STATUS
I,0000001344,00001,EKPO,EBELP
U,0000001345,SRM: Created,EBAN,SRM_STATUS
U,0000001346,SRM: Complete,EBAN,SRM_STATUS
U,0000001347,SRM: Awaiting Approval,EBAN,SRM_STATUS
U,0000001348,SRM: Document Completed,EBAN,SRM_STATUS
U,0000001349,SRM: In Transfer to Execution Syst.,EBAN,SRM_STATUS
U,0000001350,SRM: Ordered,EBAN,SRM_STATUS
I,0000001351,00001,EKPO,EBELP
U,0000001352,SRM: Change was Transmitted,EBAN,SRM_STATUS
U,0000001353,SRM: Created,EBAN,SRM_STATUS
U,0000001354,SRM: Complete,EBAN,SRM_STATUS
U,0000001355,SRM: Awaiting Approval,EBAN,SRM_STATUS
U,0000001356,SRM: Document Completed,EBAN,SRM_STATUS
U,0000001357,SRM: Ordered,EBAN,SRM_STATUS
U,0000001358,SRM: In Transfer to Execution Syst.,EBAN,SRM_STATUS
I,0000001359,00001,EKPO,EBELP
U,0000001360,SRM: Change was Transmitted,EBAN,SRM_STATUS
U,0000001361,SRM: Created,EBAN,SRM_STATUS
U,0000001362,SRM: Complete,EBAN,SRM_STATUS
U,0000001363,SRM: Awaiting Approval,EBAN,SRM_STATUS
U,0000001364,SRM: Document Completed,EBAN,SRM_STATUS
U,0000001365,SRM: Ordered,EBAN,SRM_STATUS
U,0000001366,SRM: In Transfer to Execution Syst.,EBAN,SRM_STATUS
U,0000001367,SRM: Change was Transmitted,EBAN,SRM_STATUS
I,0000001368,00001,EKPO,EBELP
U,0000001369,SRM: Created,EBAN,SRM_STATUS
U,0000001370,SRM: Complete,EBAN,SRM_STATUS
U,0000001371,SRM: Awaiting Approval,EBAN,SRM_STATUS
U,0000001372,SRM: Document Completed,EBAN,SRM_STATUS
U,0000001373,SRM: In Transfer to Execution Syst.,EBAN,SRM_STATUS
U,0000001374,SRM: Ordered,EBAN,SRM_STATUS
U,0000001375,SRM: Change was Transmitted,EBAN,SRM_STATUS
I,0000001376,00001,EKPO,EBELP
U,0000001377,SRM: Created,EBAN,SRM_STATUS
U,0000001378,SRM: Complete,EBAN,SRM_STATUS
U,0000001379,SRM: Awaiting Approval,EBAN,SRM_STATUS
U,0000001380,SRM: Document Completed,EBAN,SRM_STATUS
U,0000001381,SRM: In Transfer to Execution Syst.,EBAN,SRM_STATUS
U,0000001382,SRM: Ordered,EBAN,SRM_STATUS
U,0000001383,SRM: Change was Transmitted,EBAN,SRM_STATUS
I,0000001384,00001,EKPO,EBELP
U,0000001385,Remove Payment Block,EKPO,UNMAPPED_ACTIVITY
U,0000001386,Vendor creates debit memo,EKPO,UNMAPPED_ACTIVITY
U,0000001387,SRM: Created,EBAN,SRM_STATUS
U,0000001388,SRM: Complete,EBAN,SRM_STATUS
U,0000001389,SRM: Awaiting Approval,EBAN,SRM_STATUS
U,0000001390,SRM: Document Completed,EBAN,SRM_STATUS
U,0000001391,SRM: In Transfer to Execution Syst.,EBAN,SRM_STATUS
U,0000001392,SRM: Ordered,EBAN,SRM_STATUS
U,0000001393,SRM: Change was Transmitted,EBAN,SRM_STATUS
I,0000001394,00001,EKPO,EBELP
U,0000001395,Cancel Invoice Receipt,EKPO,UNMAPPED_ACTIVITY
U,0000001396,Vendor creates debit memo,EKPO,UNMAPPED_ACTIVITY
U,0000001397,Cancel Invoice Receipt,EKPO,UNMAPPED_ACTIVITY
U,0000001398,SRM: In Transfer to Execution Syst.,EBAN,SRM_STATUS
U,0000001399,SRM: Created,EBAN,SRM_STATUS
U,0000001400,SRM: Complete,EBAN,SRM_STATUS
U,0000001401,SRM: Awaiting Approval,EBAN,SRM_STATUS
U,0000001402,SRM: Document Completed,EBAN,SRM_STATUS
U,0000001403,SRM: Ordered,EBAN,SRM_STATUS
U,0000001404,SRM: Change was Transmitted,EBAN,SRM_STATUS
U,0000001405,SRM: In Transfer to Execution Syst.,EBAN,SRM_STATUS
I,0000001406,00001,EKPO,EBELP
U,0000001407,SRM: Created,EBAN,SRM_STATUS
U,0000001408,SRM: Complete,EBAN,SRM_STATUS
U,0000001409,SRM: Awaiting Approval,EBAN,SRM_STATUS
U,0000001410,SRM: Document Completed,EBAN,SRM_STATUS
U,0000001411,SRM: Ordered,EBAN,SRM_STATUS
U,0000001412,SRM: Change was Transmitted,EBAN,SRM_STATUS
U,0000001413,SRM: In Transfer to Execution Syst.,EBAN,SRM_STATUS
I,0000001414,00002,EKPO,EBELP
U,0000001415,SRM: Created,EBAN,SRM_STATUS
U,0000001416,SRM: Complete,EBAN,SRM_STATUS
U,0000001417,SRM: Awaiting Approval,EBAN,SRM_STATUS
U,0000001418,SRM: Document Completed,EBAN,SRM_STATUS
U,0000001419,SRM: Ordered,EBAN,SRM_STATUS
U,0000001420,SRM: Change was Transmitted,EBAN,SRM_STATUS
U,0000001421,SRM: In Transfer to Execution Syst.,EBAN,SRM_STATUS
I,0000001422,00003,EKPO,EBELP
U,0000001423,SRM: Created,EBAN,SRM_STATUS
U,0000001424,SRM: Complete,EBAN,SRM_STATUS
U,0000001425,SRM: Awaiting Approval,EBAN,SRM_STATUS
U,0000001426,SRM: Document Completed,EBAN,SRM_STATUS
U,0000001427,SRM: In Transfer to Execution Syst.,EBAN,SRM_STATUS
U,0000001428,SRM: Ordered,EBAN,SRM_STATUS
U,0000001429,SRM: Change was Transmitted,EBAN,SRM_STATUS
I,0000001430,00001,EKPO,EBELP
U,0000001431,SRM: Created,EBAN,SRM_STATUS
U,0000001432,SRM: Complete,EBAN,SRM_STATUS
U,0000001433,SRM: Awaiting Approval,EBAN,SRM_STATUS
U,0000001434,SRM: Document Completed,EBAN,SRM_STATUS
U,0000001435,SRM: Ordered,EBAN,SRM_STATUS
U,0000001436,SRM: In Transfer to Execution Syst.,EBAN,SRM_STATUS
U,0000001437,SRM: Change was Transmitted,EBAN,SRM_STATUS
I,0000001438,00001,EKPO,EBELP
U,0000001439,Vendor creates debit memo,EKPO,UNMAPPED_ACTIVITY
U,0000001440,Vendor creates debit memo,EKPO,UNMAPPED_ACTIVITY
U,0000001441,Vendor creates debit memo,EKPO,UNMAPPED_ACTIVITY
U,0000001442,SRM: Created,EBAN,SRM_STATUS
U,0000001443,SRM: Complete,EBAN,SRM_STATUS
U,0000001444,SRM: Awaiting Approval,EBAN,SRM_STATUS
U,0000001445,SRM: Document Completed,EBAN,SRM_STATUS
U,0000001446,SRM: Ordered,EBAN,SRM_STATUS
U,0000001447,SRM: In Transfer to Execution Syst.,EBAN,SRM_STATUS
U,0000001448,SRM: Deleted,EBAN,SRM_STATUS
U,0000001449,Change Price,EKPO,UNMAPPED_ACTIVITY
U,0000001450,Vendor creates debit memo,EKPO,UNMAPPED_ACTIVITY
U,0000001451,Vendor creates debit memo,EKPO,UNMAPPED_ACTIVITY
U,0000001452,Cancel Goods Receipt,EKPO,UNMAPPED_ACTIVITY
U,0000001453,Vendor creates debit memo,EKPO,UNMAPPED_ACTIVITY
U,0000001454,Cancel Invoice Receipt,EKPO,UNMAPPED_ACTIVITY
U,0000001455,SRM: Created,EBAN,SRM_STATUS
U,0000001456,SRM: Complete,EBAN,SRM_STATUS
U,0000001457,SRM: Awaiting Approval,EBAN,SRM_STATUS
U,0000001458,SRM: Document Completed,EBAN,SRM_STATUS
U,0000001459,SRM: Ordered,EBAN,SRM_STATUS
U,0000001460,SRM: In Transfer to Execution Syst.,EBAN,SRM_STATUS
U,0000001461,SRM: Deleted,EBAN,SRM_STATUS
U,0000001462,Change Price,EKPO,UNMAPPED_ACTIVITY
U,0000001463,Cancel Invoice Receipt,EKPO,UNMAPPED_ACTIVITY
U,0000001464,Cancel Invoice Receipt,EKPO,UNMAPPED_ACTIVITY
U,0000001465,Cancel Invoice Receipt,EKPO,UNMAPPED_ACTIVITY
U,0000001466,Remove Payment Block,EKPO,UNMAPPED_ACTIVITY
U,0000001467,SRM: Created,EBAN,SRM_STATUS
U,0000001468,SRM: Complete,EBAN,SRM_STATUS
U,0000001469,SRM: Awaiting Approval,EBAN,SRM_STATUS
U,0000001470,SRM: Document Completed,EBAN,SRM_STATUS
U,0000001471,SRM: Ordered,EBAN,SRM_STATUS
U,0000001472,SRM: In Transfer to Execution Syst.,EBAN,SRM_STATUS
U,0000001473,SRM: Deleted,EBAN,SRM_STATUS
U,0000001474,Change Price,EKPO,UNMAPPED_ACTIVITY
U,0000001475,Cancel Invoice Receipt,EKPO,UNMAPPED_ACTIVITY
U,0000001476,Cancel Invoice Receipt,EKPO,UNMAPPED_ACTIVITY
U,0000001477,Cancel Invoice Receipt,EKPO,UNMAPPED_ACTIVITY
U,0000001478,Cancel Invoice Receipt,EKPO,UNMAPPED_ACTIVITY
U,0000001479,Cancel Invoice Receipt,EKPO,UNMAPPED_ACTIVITY
U,0000001480,Cancel Goods Receipt,EKPO,UNMAPPED_ACTIVITY
U,0000001481,Cancel Invoice Receipt,EKPO,UNMAPPED_ACTIVITY
U,0000001482,Cancel Invoice Receipt,EKPO,UNMAPPED_ACTIVITY
U,0000001483,SRM: In Transfer to Execution Syst.,EBAN,SRM_STATUS
U,0000001484,SRM: Transfer Failed (E.Sys.),EBAN,SRM_STATUS
U,0000001485,Vendor creates debit memo,EKPO,UNMAPPED_ACTIVITY
U,0000001486,SRM: Created,EBAN,SRM_STATUS
U,0000001487,SRM: Complete,EBAN,SRM_STATUS
U,0000001488,SRM: Awaiting Approval,EBAN,SRM_STATUS
U,0000001489,SRM: Document Completed,EBAN,SRM_STATUS
U,0000001490,SRM: Ordered,EBAN,SRM_STATUS
U,0000001491,SRM: In Transfer to Execution Syst.,EBAN,SRM_STATUS
U,0000001492,SRM: Change was Transmitted,EBAN,SRM_STATUS
I,0000001493,00001,EKPO,EBELP
U,0000001494,SRM: Created,EBAN,SRM_STATUS
U,0000001495,SRM: Complete,EBAN,SRM_STATUS
U,0000001496,SRM: Awaiting Approval,EBAN,SRM_STATUS
U,0000001497,SRM: Document Completed,EBAN,SRM_STATUS
U,0000001498,SRM: Ordered,EBAN,SRM_STATUS
U,0000001499,SRM: Deleted,EBAN,SRM_STATUS
U,0000001500,SRM: In Transfer to Execution Syst.,EBAN,SRM_STATUS
U,0000001501,Change Price,EKPO,UNMAPPED_ACTIVITY
U,0000001502,SRM: Created,EBAN,SRM_STATUS
U,0000001503,SRM: Complete,EBAN,SRM_STATUS
U,0000001504,SRM: Awaiting Approval,EBAN,SRM_STATUS
U,0000001505,SRM: Document Completed,EBAN,SRM_STATUS
U,0000001506,SRM: In Transfer to Execution Syst.,EBAN,SRM_STATUS
U,0000001507,SRM: Ordered,EBAN,SRM_STATUS
I,0000001508,00001,EKPO,EBELP
U,0000001509,SRM: Change was Transmitted,EBAN,SRM_STATUS
U,0000001510,SRM: Created,EBAN,SRM_STATUS
U,0000001511,SRM: Complete,EBAN,SRM_STATUS
U,0000001512,SRM: Awaiting Approval,EBAN,SRM_STATUS
U,0000001513,SRM: Document Completed,EBAN,SRM_STATUS
U,0000001514,SRM: In Transfer to Execution Syst.,EBAN,SRM_STATUS
U,0000001515,SRM: Ordered,EBAN,SRM_STATUS
U,0000001516,SRM: Deleted,EBAN,SRM_STATUS
U,0000001517,SRM: Created,EBAN,SRM_STATUS
U,0000001518,SRM: Complete,EBAN,SRM_STATUS
U,0000001519,SRM: Awaiting Approval,EBAN,SRM_STATUS
U,0000001520,SRM: Document Completed,EBAN,SRM_STATUS
U,0000001521,SRM: In Transfer to Execution Syst.,EBAN,SRM_STATUS
U,0000001522,SRM: Ordered,EBAN,SRM_STATUS
U,0000001523,SRM: Deleted,EBAN,SRM_STATUS
U,0000001524,SRM: Created,EBAN,SRM_STATUS
U,0000001525,SRM: Complete,EBAN,SRM_STATUS
U,0000001526,SRM: Awaiting Approval,EBAN,SRM_STATUS
U,0000001527,SRM: Document Completed,EBAN,SRM_STATUS
U,0000001528,SRM: In Transfer to Execution Syst.,EBAN,SRM_STATUS
U,0000001529,SRM: Ordered,EBAN,SRM_STATUS
U,0000001530,SRM: Deleted,EBAN,SRM_STATUS
U,0000001531,SRM: Created,EBAN,SRM_STATUS
U,0000001532,SRM: Complete,EBAN,SRM_STATUS
U,0000001533,SRM: Awaiting Approval,EBAN,SRM_STATUS
U,0000001534,SRM: Document Completed,EBAN,SRM_STATUS
U,0000001535,SRM: In Transfer to Execution Syst.,EBAN,SRM_STATUS
U,0000001536,SRM: Ordered,EBAN,SRM_STATUS
U,0000001537,SRM: Deleted,EBAN,SRM_STATUS
U,0000001538,SRM: Created,EBAN,SRM_STATUS
U,0000001539,SRM: Complete,EBAN,SRM_STATUS
U,0000001540,SRM: Awaiting Approval,EBAN,SRM_STATUS
U,0000001541,SRM: Document Completed,EBAN,SRM_STATUS
U,0000001542,SRM: In Transfer to Execution Syst.,EBAN,SRM_STATUS
U,0000001543,SRM: Ordered,EBAN,SRM_STATUS
U,0000001544,SRM: Deleted,EBAN,SRM_STATUS
U,0000001545,Change Price,EKPO,UNMAPPED_ACTIVITY
U,0000001546,SRM: Created,EBAN,SRM_STATUS
U,0000001547,SRM: Complete,EBAN,SRM_STATUS
U,0000001548,SRM: Awaiting Approval,EBAN,SRM_STATUS
U,0000001549,SRM: Document Completed,EBAN,SRM_STATUS
U,0000001550,SRM: In Transfer to Execution Syst.,EBAN,SRM_STATUS
U,0000001551,SRM: Ordered,EBAN,SRM_STATUS
U,0000001552,SRM: Change was Transmitted,EBAN,SRM_STATUS
I,0000001553,00001,EKPO,EBELP
U,0000001554,SRM: Created,EBAN,SRM_STATUS
U,0000001555,SRM: Complete,EBAN,SRM_STATUS
U,0000001556,SRM: Awaiting Approval,EBAN,SRM_STATUS
U,0000001557,SRM: Document Completed,EBAN,SRM_STATUS
U,0000001558,SRM: In Transfer to Execution Syst.,EBAN,SRM_STATUS
U,0000001559,SRM: Change was Transmitted,EBAN,SRM_STATUS
U,0000001560,SRM: Ordered,EBAN,SRM_STATUS
I,0000001561,00001,EKPO,EBELP
U,0000001562,SRM: Created,EBAN,SRM_STATUS
U,0000001563,SRM: Complete,EBAN,SRM_STATUS
U,0000001564,SRM: Awaiting Approval,EBAN,SRM_STATUS
U,0000001565,SRM: Document Completed,EBAN,SRM_STATUS
U,0000001566,SRM: In Transfer to Execution Syst.,EBAN,SRM_STATUS
U,0000001567,SRM: Ordered,EBAN,SRM_STATUS
U,0000001568,SRM: Change was Transmitted,EBAN,SRM_STATUS
I,0000001569,00001,EKPO,EBELP
U,0000001570,SRM: Created,EBAN,SRM_STATUS
U,0000001571,SRM: Complete,EBAN,SRM_STATUS
U,0000001572,SRM: Awaiting Approval,EBAN,SRM_STATUS
U,0000001573,SRM: Document Completed,EBAN,SRM_STATUS
U,0000001574,SRM: In Transfer to Execution Syst.,EBAN,SRM_STATUS
U,0000001575,SRM: Ordered,EBAN,SRM_STATUS
U,0000001576,SRM: Change was Transmitted,EBAN,SRM_STATUS
I,0000001577,00001,EKPO,EBELP
U,0000001578,SRM: Created,EBAN,SRM_STATUS
U,0000001579,SRM: Complete,EBAN,SRM_STATUS
U,0000001580,SRM: Awaiting Approval,EBAN,SRM_STATUS
U,0000001581,SRM: Document Completed,EBAN,SRM_STATUS
U,0000001582,SRM: In Transfer to Execution Syst.,EBAN,SRM_STATUS
U,0000001583,SRM: Ordered,EBAN,SRM_STATUS
U,0000001584,SRM: Deleted,EBAN,SRM_STATUS
U,0000001585,SRM: Created,EBAN,SRM_STATUS
U,0000001586,SRM: Complete,EBAN,SRM_STATUS
U,0000001587,SRM: Awaiting Approval,EBAN,SRM_STATUS
U,0000001588,SRM: Document Completed,EBAN,SRM_STATUS
U,0000001589,SRM: Ordered,EBAN,SRM_STATUS
U,0000001590,SRM: Change was Transmitted,EBAN,SRM_STATUS
U,0000001591,SRM: In Transfer to Execution Syst.,EBAN,SRM_STATUS
I,0000001592,00001,EKPO,EBELP
U,0000001593,SRM: In Transfer to Execution Syst.,EBAN,SRM_STATUS
U,0000001594,Change Delivery Indicator,EKPO,UNMAPPED_ACTIVITY
U,0000001595,SRM: Created,EBAN,SRM_STATUS
U,0000001596,SRM: Complete,EBAN,SRM_STATUS
U,0000001597,SRM: Awaiting Approval,EBAN,SRM_STATUS
U,0000001598,SRM: Document Completed,EBAN,SRM_STATUS
U,0000001599,SRM: In Transfer to Execution Syst.,EBAN,SRM_STATUS
U,0000001600,SRM: Ordered,EBAN,SRM_STATUS
U,0000001601,SRM: Change was Transmitted,EBAN,SRM_STATUS
I,0000001602,00001,EKPO,EBELP
U,0000001603,SRM: In Transfer to Execution Syst.,EBAN,SRM_STATUS
U,0000001604,SRM: Transfer Failed (E.Sys.),EBAN,SRM_STATUS
U,0000001605,SRM: Created,EBAN,SRM_STATUS
U,0000001606,SRM: Complete,EBAN,SRM_STATUS
U,0000001607,SRM: Awaiting Approval,EBAN,SRM_STATUS
U,0000001608,SRM: Document Completed,EBAN,SRM_STATUS
U,0000001609,SRM: In Transfer to Execution Syst.,EBAN,SRM_STATUS
U,0000001610,SRM: Ordered,EBAN,SRM_STATUS
U,0000001611,SRM: Change was Transmitted,EBAN,SRM_STATUS
I,0000001612,00001,EKPO,EBELP
U,0000001613,SRM: Created,EBAN,SRM_STATUS
U,0000001614,SRM: Complete,EBAN,SRM_STATUS
U,0000001615,SRM: Awaiting Approval,EBAN,SRM_STATUS
U,0000001616,SRM: Document Completed,EBAN,SRM_STATUS
U,0000001617,SRM: In Transfer to Execution Syst.,EBAN,SRM_STATUS
U,0000001618,SRM: Ordered,EBAN,SRM_STATUS
I,0000001619,00001,EKPO,EBELP
U,0000001620,SRM: Change was Transmitted,EBAN,SRM_STATUS
U,0000001621,SRM: Created,EBAN,SRM_STATUS
U,0000001622,SRM: Complete,EBAN,SRM_STATUS
U,0000001623,SRM: Awaiting Approval,EBAN,SRM_STATUS
U,0000001624,SRM: Document Completed,EBAN,SRM_STATUS
U,0000001625,SRM: In Transfer to Execution Syst.,EBAN,SRM_STATUS
U,0000001626,SRM: Ordered,EBAN,SRM_STATUS
U,0000001627,SRM: Change was Transmitted,EBAN,SRM_STATUS
I,0000001628,00001,EKPO,EBELP
U,0000001629,SRM: In Transfer to Execution Syst.,EBAN,SRM_STATUS
U,0000001630,SRM: Transfer Failed (E.Sys.),EBAN,SRM_STATUS
U,0000001631,SRM: Created,EBAN,SRM_STATUS
U,0000001632,SRM: Complete,EBAN,SRM_STATUS
U,0000001633,SRM: Awaiting Approval,EBAN,SRM_STATUS
U,0000001634,SRM: Document Completed,EBAN,SRM_STATUS
U,0000001635,SRM: In Transfer to Execution Syst.,EBAN,SRM_STATUS
U,0000001636,SRM: Ordered,EBAN,SRM_STATUS
U,0000001637,SRM: Change was Transmitted,EBAN,SRM_STATUS
I,0000001638,00001,EKPO,EBELP
U,0000001639,SRM: Created,EBAN,SRM_STATUS
U,0000001640,SRM: Complete,EBAN,SRM_STATUS
U,0000001641,SRM: Awaiting Approval,EBAN,SRM_STATUS
U,0000001642,SRM: Document Completed,EBAN,SRM_STATUS
U,0000001643,SRM: In Transfer to Execution Syst.,EBAN,SRM_STATUS
U,0000001644,SRM: Ordered,EBAN,SRM_STATUS
U,0000001645,SRM: Change was Transmitted,EBAN,SRM_STATUS
I,0000001646,00001,EKPO,EBELP
U,0000001647,SRM: Created,EBAN,SRM_STATUS
U,0000001648,SRM: Complete,EBAN,SRM_STATUS
U,0000001649,SRM: Awaiting Approval,EBAN,SRM_STATUS
U,0000001650,SRM: Document Completed,EBAN,SRM_STATUS
U,0000001651,SRM: In Transfer to Execution Syst.,EBAN,SRM_STATUS
U,0000001652,SRM: Ordered,EBAN,SRM_STATUS
I,0000001653,00001,EKPO,EBELP
U,0000001654,SRM: Change was Transmitted,EBAN,SRM_STATUS
U,0000001655,SRM: Created,EBAN,SRM_STATUS
U,0000001656,SRM: Complete,EBAN,SRM_STATUS
U,0000001657,SRM: Awaiting Approval,EBAN,SRM_STATUS
U,0000001658,SRM: Document Completed,EBAN,SRM_STATUS
U,0000001659,SRM: In Transfer to Execution Syst.,EBAN,SRM_STATUS
U,0000001660,SRM: Ordered,EBAN,SRM_STATUS
U,0000001661,SRM: Deleted,EBAN,SRM_STATUS
U,0000001662,Change Price,EKPO,UNMAPPED_ACTIVITY
U,0000001663,SRM: Created,EBAN,SRM_STATUS
U,0000001664,SRM: Complete,EBAN,SRM_STATUS
U,0000001665,SRM: Awaiting Approval,EBAN,SRM_STATUS
U,0000001666,SRM: Document Completed,EBAN,SRM_STATUS
U,0000001667,SRM: In Transfer to Execution Syst.,EBAN,SRM_STATUS
U,0000001668,SRM: Ordered,EBAN,SRM_STATUS
U,0000001669,SRM: Deleted,EBAN,SRM_STATUS
U,0000001670,SRM: In Transfer to Execution Syst.,EBAN,SRM_STATUS
U,0000001671,SRM: Transfer Failed (E.Sys.),EBAN,SRM_STATUS
U,0000001672,SRM: Created,EBAN,SRM_STATUS
U,0000001673,SRM: Complete,EBAN,SRM_STATUS
U,0000001674,SRM: Awaiting Approval,EBAN,SRM_STATUS
U,0000001675,SRM: Document Completed,EBAN,SRM_STATUS
U,0000001676,SRM: In Transfer to Execution Syst.,EBAN,SRM_STATUS
U,0000001677,SRM: Ordered,EBAN,SRM_STATUS
U,0000001678,SRM: Change was Transmitted,EBAN,SRM_STATUS
I,0000001679,00001,EKPO,EBELP
U,0000001680,Vendor creates debit memo,EKPO,UNMAPPED_ACTIVITY
U,0000001681,SRM: Created,EBAN,SRM_STATUS
U,0000001682,SRM: Complete,EBAN,SRM_STATUS
U,0000001683,SRM: Awaiting Approval,EBAN,SRM_STATUS
U,0000001684,SRM: Document Completed,EBAN,SRM_STATUS
U,0000001685,SRM: In Transfer to Execution Syst.,EBAN,SRM_STATUS
U,0000001686,SRM: Ordered,EBAN,SRM_STATUS
U,0000001687,SRM: Deleted,EBAN,SRM_STATUS
U,0000001688,Change Price,EKPO,UNMAPPED_ACTIVITY
U,0000001689,Cancel Invoice Receipt,EKPO,UNMAPPED_ACTIVITY
U,0000001690,SRM: Created,EBAN,SRM_STATUS
U,0000001691,SRM: Complete,EBAN,SRM_STATUS
U,0000001692,SRM: Awaiting Approval,EBAN,SRM_STATUS
U,0000001693,SRM: Document Completed,EBAN,SRM_STATUS
U,0000001694,SRM: In Transfer to Execution Syst.,EBAN,SRM_STATUS
U,0000001695,SRM: Ordered,EBAN,SRM_STATUS
U,0000001696,SRM: Deleted,EBAN,SRM_STATUS
U,0000001697,Change Price,EKPO,UNMAPPED_ACTIVITY
U,0000001698,SRM: In Transfer to Execution Syst.,EBAN,SRM_STATUS
U,0000001699,SRM: Transfer Failed (E.Sys.),EBAN,SRM_STATUS
U,0000001700,SRM: Created,EBAN,SRM_STATUS
U,0000001701,SRM: Complete,EBAN,SRM_STATUS
U,0000001702,SRM: Awaiting Approval,EBAN,SRM_STATUS
U,0000001703,SRM: Document Completed,EBAN,SRM_STATUS
U,0000001704,SRM: In Transfer to Execution Syst.,EBAN,SRM_STATUS
U,0000001705,SRM: Ordered,EBAN,SRM_STATUS
U,0000001706,SRM: Change was Transmitted,EBAN,SRM_STATUS
I,0000001707,00001,EKPO,EBELP
U,0000001708,Vendor creates debit memo,EKPO,UNMAPPED_ACTIVITY
U,0000001709,Cancel Invoice Receipt,EKPO,UNMAPPED_ACTIVITY
U,0000001710,Remove Payment Block,EKPO,UNMAPPED_ACTIVITY
U,0000001711,SRM: Created,EBAN,SRM_STATUS
U,0000001712,SRM: Complete,EBAN,SRM_STATUS
U,0000001713,SRM: Awaiting Approval,EBAN,SRM_STATUS
U,0000001714,SRM: Document Completed,EBAN,SRM_STATUS
U,0000001715,SRM: In Transfer to Execution Syst.,EBAN,SRM_STATUS
U,0000001716,SRM: Ordered,EBAN,SRM_STATUS
U,0000001717,SRM: Change was Transmitted,EBAN,SRM_STATUS
I,0000001718,00001,EKPO,EBELP
U,0000001719,SRM: Created,EBAN,SRM_STATUS
U,0000001720,SRM: Complete,EBAN,SRM_STATUS
U,0000001721,SRM: Awaiting Approval,EBAN,SRM_STATUS
U,0000001722,SRM: Document Completed,EBAN,SRM_STATUS
U,0000001723,SRM: In Transfer to Execution Syst.,EBAN,SRM_STATUS
U,0000001724,SRM: Ordered,EBAN,SRM_STATUS
U,0000001725,SRM: Change was Transmitted,EBAN,SRM_STATUS
I,0000001726,00002,EKPO,EBELP
U,0000001727,SRM: Created,EBAN,SRM_STATUS
U,0000001728,SRM: Complete,EBAN,SRM_STATUS
U,0000001729,SRM: Awaiting Approval,EBAN,SRM_STATUS
U,0000001730,SRM: Document Completed,EBAN,SRM_STATUS
U,0000001731,SRM: In Transfer to Execution Syst.,EBAN,SRM_STATUS
U,0000001732,SRM: Ordered,EBAN,SRM_STATUS
U,0000001733,SRM: Change was Transmitted,EBAN,SRM_STATUS
I,0000001734,00003,EKPO,EBELP
U,0000001735,SRM: Created,EBAN,SRM_STATUS
U,0000001736,SRM: Complete,EBAN,SRM_STATUS
U,0000001737,SRM: Awaiting Approval,EBAN,SRM_STATUS
U,0000001738,SRM: Document Completed,EBAN,SRM_STATUS
U,0000001739,SRM: In Transfer to Execution Syst.,EBAN,SRM_STATUS
U,0000001740,SRM: Ordered,EBAN,SRM_STATUS
U,0000001741,SRM: Change was Transmitted,EBAN,SRM_STATUS
I,0000001742,00004,EKPO,EBELP
U,0000001743,SRM: Created,EBAN,SRM_STATUS
U,0000001744,SRM: Complete,EBAN,SRM_STATUS
U,0000001745,SRM: Awaiting Approval,EBAN,SRM_STATUS
U,0000001746,SRM: Document Completed,EBAN,SRM_STATUS
U,0000001747,SRM: In Transfer to Execution Syst.,EBAN,SRM_STATUS
U,0000001748,SRM: Ordered,EBAN,SRM_STATUS
U,0000001749,SRM: Change was Transmitted,EBAN,SRM_STATUS
I,0000001750,00005,EKPO,EBELP
U,0000001751,SRM: Created,EBAN,SRM_STATUS
U,0000001752,SRM: Complete,EBAN,SRM_STATUS
U,0000001753,SRM: Awaiting Approval,EBAN,SRM_STATUS
U,0000001754,SRM: Document Completed,EBAN,SRM_STATUS
U,0000001755,SRM: In Transfer to Execution Syst.,EBAN,SRM_STATUS
U,0000001756,SRM: Ordered,EBAN,SRM_STATUS
U,0000001757,SRM: Change was Transmitted,EBAN,SRM_STATUS
I,0000001758,00006,EKPO,EBELP
U,0000001759,SRM: Created,EBAN,SRM_STATUS
U,0000001760,SRM: Complete,EBAN,SRM_STATUS
U,0000001761,SRM: Awaiting Approval,EBAN,SRM_STATUS
U,0000001762,SRM: Document Completed,EBAN,SRM_STATUS
U,0000001763,SRM: In Transfer to Execution Syst.,EBAN,SRM_STATUS
U,0000001764,SRM: Ordered,EBAN,SRM_STATUS
U,0000001765,SRM: Change was Transmitted,EBAN,SRM_STATUS
I,0000001766,00001,EKPO,EBELP
U,0000001767,SRM: Created,EBAN,SRM_STATUS
U,0000001768,SRM: Complete,EBAN,SRM_STATUS
U,0000001769,SRM: Awaiting Approval,EBAN,SRM_STATUS
U,0000001770,SRM: Document Completed,EBAN,SRM_STATUS
U,0000001771,SRM: In Transfer to Execution Syst.,EBAN,SRM_STATUS
U,0000001772,SRM: Ordered,EBAN,SRM_STATUS
U,0000001773,SRM: Change was Transmitted,EBAN,SRM_STATUS
I,0000001774,00001,EKPO,EBELP
U,0000001775,SRM: Created,EBAN,SRM_STATUS
U,0000001776,SRM: Complete,EBAN,SRM_STATUS
U,0000001777,SRM: Awaiting Approval,EBAN,SRM_STATUS
U,0000001778,SRM: Document Completed,EBAN,SRM_STATUS
U,0000001779,SRM: Ordered,EBAN,SRM_STATUS
U,0000001780,SRM: Change was Transmitted,EBAN,SRM_STATUS
U,0000001781,SRM: In Transfer to Execution Syst.,EBAN,SRM_STATUS
I,0000001782,00001,EKPO,EBELP
U,0000001783,SRM: Created,EBAN,SRM_STATUS
U,0000001784,SRM: Complete,EBAN,SRM_STATUS
U,0000001785,SRM: Awaiting Approval,EBAN,SRM_STATUS
U,0000001786,SRM: Document Completed,EBAN,SRM_STATUS
U,0000001787,SRM: In Transfer to Execution Syst.,EBAN,SRM_STATUS
U,0000001788,SRM: Ordered,EBAN,SRM_STATUS
U,0000001789,SRM: Change was Transmitted,EBAN,SRM_STATUS
I,0000001790,00001,EKPO,EBELP
U,0000001791,SRM: Created,EBAN,SRM_STATUS
U,0000001792,SRM: Complete,EBAN,SRM_STATUS
U,0000001793,SRM: Awaiting Approval,EBAN,SRM_STATUS
U,0000001794,SRM: Document Completed,EBAN,SRM_STATUS
U,0000001795,SRM: In Transfer to Execution Syst.,EBAN,SRM_STATUS
U,0000001796,SRM: Ordered,EBAN,SRM_STATUS
U,0000001797,SRM: Change was Transmitted,EBAN,SRM_STATUS
I,0000001798,00002,EKPO,EBELP
U,0000001799,SRM: Created,EBAN,SRM_STATUS
U,0000001800,SRM: Complete,EBAN,SRM_STATUS
U,0000001801,SRM: Awaiting Approval,EBAN,SRM_STATUS
U,0000001802,SRM: Document Completed,EBAN,SRM_STATUS
U,0000001803,SRM: In Transfer to Execution Syst.,EBAN,SRM_STATUS
U,0000001804,SRM: Ordered,EBAN,SRM_STATUS
U,0000001805,SRM: Change was Transmitted,EBAN,SRM_STATUS
I,0000001806,00003,EKPO,EBELP
U,0000001807,SRM: Created,EBAN,SRM_STATUS
U,0000001808,SRM: Complete,EBAN,SRM_STATUS
U,0000001809,SRM: Awaiting Approval,EBAN,SRM_STATUS
U,0000001810,SRM: Document Completed,EBAN,SRM_STATUS
U,0000001811,SRM: In Transfer to Execution Syst.,EBAN,SRM_STATUS
U,0000001812,SRM: Ordered,EBAN,SRM_STATUS
U,0000001813,SRM: Change was Transmitted,EBAN,SRM_STATUS
I,0000001814,00004,EKPO,EBELP
U,0000001815,SRM: Created,EBAN,SRM_STATUS
U,0000001816,SRM: Complete,EBAN,SRM_STATUS
U,0000001817,SRM: Awaiting Approval,EBAN,SRM_STATUS
U,0000001818,SRM: Document Completed,EBAN,SRM_STATUS
U,0000001819,SRM: In Transfer to Execution Syst.,EBAN,SRM_STATUS
U,0000001820,SRM: Ordered,EBAN,SRM_STATUS
U,0000001821,SRM: Change was Transmitted,EBAN,SRM_STATUS
I,0000001822,00005,EKPO,EBELP
U,0000001823,SRM: Created,EBAN,SRM_STATUS
U,0000001824,SRM: Complete,EBAN,SRM_STATUS
U,0000001825,SRM: Awaiting Approval,EBAN,SRM_STATUS
U,0000001826,SRM: Document Completed,EBAN,SRM_STATUS
U,0000001827,SRM: In Transfer to Execution Syst.,EBAN,SRM_STATUS
U,0000001828,SRM: Ordered,EBAN,SRM_STATUS
U,0000001829,SRM: Change was Transmitted,EBAN,SRM_STATUS
I,0000001830,00006,EKPO,EBELP
U,0000001831,SRM: Created,EBAN,SRM_STATUS
U,0000001832,SRM: Complete,EBAN,SRM_STATUS
U,0000001833,SRM: Awaiting Approval,EBAN,SRM_STATUS
U,0000001834,SRM: Document Completed,EBAN,SRM_STATUS
U,0000001835,SRM: In Transfer to Execution Syst.,EBAN,SRM_STATUS
U,0000001836,SRM: Ordered,EBAN,SRM_STATUS
U,0000001837,SRM: Change was Transmitted,EBAN,SRM_STATUS
I,0000001838,00007,EKPO,EBELP
U,0000001839,SRM: Created,EBAN,SRM_STATUS
U,0000001840,SRM: Complete,EBAN,SRM_STATUS
U,0000001841,SRM: Awaiting Approval,EBAN,SRM_STATUS
U,0000001842,SRM: Document Completed,EBAN,SRM_STATUS
U,0000001843,SRM: In Transfer to Execution Syst.,EBAN,SRM_STATUS
U,0000001844,SRM: Ordered,EBAN,SRM_STATUS
U,0000001845,SRM: Change was Transmitted,EBAN,SRM_STATUS
I,0000001846,00008,EKPO,EBELP
U,0000001847,SRM: Created,EBAN,SRM_STATUS
U,0000001848,SRM: Complete,EBAN,SRM_STATUS
U,0000001849,SRM: Awaiting Approval,EBAN,SRM_STATUS
U,0000001850,SRM: Document Completed,EBAN,SRM_STATUS
U,0000001851,SRM: In Transfer to Execution Syst.,EBAN,SRM_STATUS
U,0000001852,SRM: Ordered,EBAN,SRM_STATUS
U,0000001853,SRM: Change was Transmitted,EBAN,SRM_STATUS
I,0000001854,00009,EKPO,EBELP
U,0000001855,SRM: Created,EBAN,SRM_STATUS
U,0000001856,SRM: Complete,EBAN,SRM_STATUS
U,0000001857,SRM: Awaiting Approval,EBAN,SRM_STATUS
U,0000001858,SRM: Document Completed,EBAN,SRM_STATUS
U,0000001859,SRM: In Transfer to Execution Syst.,EBAN,SRM_STATUS
U,0000001860,SRM: Ordered,EBAN,SRM_STATUS
U,0000001861,SRM: Change was Transmitted,EBAN,SRM_STATUS
I,0000001862,00010,EKPO,EBELP
U,0000001863,SRM: Created,EBAN,SRM_STATUS
U,0000001864,SRM: Complete,EBAN,SRM_STATUS
U,0000001865,SRM: Awaiting Approval,EBAN,SRM_STATUS
U,0000001866,SRM: Document Completed,EBAN,SRM_STATUS
U,0000001867,SRM: In Transfer to Execution Syst.,EBAN,SRM_STATUS
U,0000001868,SRM: Ordered,EBAN,SRM_STATUS
U,0000001869,SRM: Change was Transmitted,EBAN,SRM_STATUS
I,0000001870,00011,EKPO,EBELP
U,0000001871,SRM: Created,EBAN,SRM_STATUS
U,0000001872,SRM: Complete,EBAN,SRM_STATUS
U,0000001873,SRM: Awaiting Approval,EBAN,SRM_STATUS
U,0000001874,SRM: Document Completed,EBAN,SRM_STATUS
U,0000001875,SRM: In Transfer to Execution Syst.,EBAN,SRM_STATUS
U,0000001876,SRM: Ordered,EBAN,SRM_STATUS
U,0000001877,SRM: Change was Transmitted,EBAN,SRM_STATUS
I,0000001878,00001,EKPO,EBELP
U,0000001879,SRM: Created,EBAN,SRM_STATUS
U,0000001880,SRM: Complete,EBAN,SRM_STATUS
U,0000001881,SRM: Awaiting Approval,EBAN,SRM_STATUS
U,0000001882,SRM: Document Completed,EBAN,SRM_STATUS
U,0000001883,SRM: In Transfer to Execution Syst.,EBAN,SRM_STATUS
U,0000001884,SRM: Ordered,EBAN,SRM_STATUS
U,0000001885,SRM: Deleted,EBAN,SRM_STATUS
U,0000001886,Change Price,EKPO,UNMAPPED_ACTIVITY
U,0000001887,SRM: Created,EBAN,SRM_STATUS
U,0000001888,SRM: Complete,EBAN,SRM_STATUS
U,0000001889,SRM: Awaiting Approval,EBAN,SRM_STATUS
U,0000001890,SRM: Document Completed,EBAN,SRM_STATUS
U,0000001891,SRM: Ordered,EBAN,SRM_STATUS
U,0000001892,SRM: In Transfer to Execution Syst.,EBAN,SRM_STATUS
U,0000001893,SRM: Change was Transmitted,EBAN,SRM_STATUS
I,0000001894,00001,EKPO,EBELP
U,0000001895,SRM: Created,EBAN,SRM_STATUS
U,0000001896,SRM: Complete,EBAN,SRM_STATUS
U,0000001897,SRM: Awaiting Approval,EBAN,SRM_STATUS
U,0000001898,SRM: Document Completed,EBAN,SRM_STATUS
U,0000001899,SRM: Ordered,EBAN,SRM_STATUS
U,0000001900,SRM: In Transfer to Execution Syst.,EBAN,SRM_STATUS
U,0000001901,SRM: Change was Transmitted,EBAN,SRM_STATUS
I,0000001902,00002,EKPO,EBELP
U,0000001903,SRM: Created,EBAN,SRM_STATUS
U,0000001904,SRM: Complete,EBAN,SRM_STATUS
U,0000001905,SRM: Awaiting Approval,EBAN,SRM_STATUS
U,0000001906,SRM: Document Completed,EBAN,SRM_STATUS
U,0000001907,SRM: Ordered,EBAN,SRM_STATUS
U,0000001908,SRM: In Transfer to Execution Syst.,EBAN,SRM_STATUS
U,0000001909,SRM: Change was Transmitted,EBAN,SRM_STATUS
I,0000001910,00003,EKPO,EBELP
U,0000001911,SRM: Created,EBAN,SRM_STATUS
U,0000001912,SRM: Complete,EBAN,SRM_STATUS
U,0000001913,SRM: Awaiting Approval,EBAN,SRM_STATUS
U,0000001914,SRM: Document Completed,EBAN,SRM_STATUS
U,0000001915,SRM: Ordered,EBAN,SRM_STATUS
U,0000001916,SRM: In Transfer to Execution Syst.,EBAN,SRM_STATUS
U,0000001917,SRM: Change was Transmitted,EBAN,SRM_STATUS
I,0000001918,00004,EKPO,EBELP
U,0000001919,SRM: Created,EBAN,SRM_STATUS
U,0000001920,SRM: Complete,EBAN,SRM_STATUS
U,0000001921,SRM: Awaiting Approval,EBAN,SRM_STATUS
U,0000001922,SRM: Document Completed,EBAN,SRM_STATUS
U,0000001923,SRM: Ordered,EBAN,SRM_STATUS
U,0000001924,SRM: In Transfer to Execution Syst.,EBAN,SRM_STATUS
U,0000001925,SRM: Change was Transmitted,EBAN,SRM_STATUS
I,0000001926,00005,EKPO,EBELP
U,0000001927,SRM: Created,EBAN,SRM_STATUS
U,0000001928,SRM: Complete,EBAN,SRM_STATUS
U,0000001929,SRM: Awaiting Approval,EBAN,SRM_STATUS
U,0000001930,SRM: Document Completed,EBAN,SRM_STATUS
U,0000001931,SRM: In Transfer to Execution Syst.,EBAN,SRM_STATUS
U,0000001932,SRM: Ordered,EBAN,SRM_STATUS
I,0000001933,00001,EKPO,EBELP
U,0000001934,SRM: Change was Transmitted,EBAN,SRM_STATUS
U,0000001935,SRM: Created,EBAN,SRM_STATUS
U,0000001936,SRM: Complete,EBAN,SRM_STATUS
U,0000001937,SRM: Awaiting Approval,EBAN,SRM_STATUS
U,0000001938,SRM: Document Completed,EBAN,SRM_STATUS
U,0000001939,SRM: In Transfer to Execution Syst.,EBAN,SRM_STATUS
U,0000001940,SRM: Ordered,EBAN,SRM_STATUS
I,0000001941,00002,EKPO,EBELP
U,0000001942,SRM: Change was Transmitted,EBAN,SRM_STATUS
U,0000001943,SRM: Created,EBAN,SRM_STATUS
U,0000001944,SRM: Complete,EBAN,SRM_STATUS
U,0000001945,SRM: Awaiting Approval,EBAN,SRM_STATUS
U,0000001946,SRM: Document Completed,EBAN,SRM_STATUS
U,0000001947,SRM: In Transfer to Execution Syst.,EBAN,SRM_STATUS
U,0000001948,SRM: Ordered,EBAN,SRM_STATUS
U,0000001949,SRM: Change was Transmitted,EBAN,SRM_STATUS
I,0000001950,00001,EKPO,EBELP
U,0000001951,SRM: Created,EBAN,SRM_STATUS
U,0000001952,SRM: Complete,EBAN,SRM_STATUS
U,0000001953,SRM: Awaiting Approval,EBAN,SRM_STATUS
U,0000001954,SRM: Document Completed,EBAN,SRM_STATUS
U,0000001955,SRM: In Transfer to Execution Syst.,EBAN,SRM_STATUS
U,0000001956,SRM: Ordered,EBAN,SRM_STATUS
U,0000001957,SRM: Change was Transmitted,EBAN,SRM_STATUS
I,0000001958,00002,EKPO,EBELP
U,0000001959,SRM: Created,EBAN,SRM_STATUS
U,0000001960,SRM: Complete,EBAN,SRM_STATUS
U,0000001961,SRM: Awaiting Approval,EBAN,SRM_STATUS
U,0000001962,SRM: Document Completed,EBAN,SRM_STATUS
U,0000001963,SRM: In Transfer to Execution Syst.,EBAN,SRM_STATUS
U,0000001964,SRM: Ordered,EBAN,SRM_STATUS
I,0000001965,00001,EKPO,EBELP
U,0000001966,SRM: Change was Transmitted,EBAN,SRM_STATUS
U,0000001967,SRM: Created,EBAN,SRM_STATUS
U,0000001968,SRM: Complete,EBAN,SRM_STATUS
U,0000001969,SRM: Awaiting Approval,EBAN,SRM_STATUS
U,0000001970,SRM: Document Completed,EBAN,SRM_STATUS
U,0000001971,SRM: In Transfer to Execution Syst.,EBAN,SRM_STATUS
U,0000001972,SRM: Ordered,EBAN,SRM_STATUS
I,0000001973,00002,EKPO,EBELP
U,0000001974,SRM: Change was Transmitted,EBAN,SRM_STATUS
U,0000001975,SRM: Created,EBAN,SRM_STATUS
U,0000001976,SRM: Complete,EBAN,SRM_STATUS
U,0000001977,SRM: Awaiting Approval,EBAN,SRM_STATUS
U,0000001978,SRM: Document Completed,EBAN,SRM_STATUS
U,0000001979,SRM: In Transfer to Execution Syst.,EBAN,SRM_STATUS
U,0000001980,SRM: Ordered,EBAN,SRM_STATUS
I,0000001981,00003,EKPO,EBELP
U,0000001982,SRM: Change was Transmitted,EBAN,SRM_STATUS
U,0000001983,SRM: Created,EBAN,SRM_STATUS
U,0000001984,SRM: Complete,EBAN,SRM_STATUS
U,0000001985,SRM: Awaiting Approval,EBAN,SRM_STATUS
U,0000001986,SRM: Document Completed,EBAN,SRM_STATUS
U,0000001987,SRM: In Transfer to Execution Syst.,EBAN,SRM_STATUS
U,0000001988,SRM: Ordered,EBAN,SRM_STATUS
U,0000001989,SRM: Change was Transmitted,EBAN,SRM_STATUS
I,0000001990,00001,EKPO,EBELP
U,0000001991,SRM: Created,EBAN,SRM_STATUS
U,0000001992,SRM: Complete,EBAN,SRM_STATUS
U,0000001993,SRM: Awaiting Approval,EBAN,SRM_STATUS
U,0000001994,SRM: Document Completed,EBAN,SRM_STATUS
U,0000001995,SRM: Ordered,EBAN,SRM_STATUS
U,0000001996,SRM: In Transfer to Execution Syst.,EBAN,SRM_STATUS
I,0000001997,00001,EKPO,EBELP
U,0000001998,SRM: Change was Transmitted,EBAN,SRM_STATUS
U,0000001999,SRM: Created,EBAN,SRM_STATUS
U,0000002000,SRM: Complete,EBAN,SRM_STATUS
U,0000002001,SRM: Awaiting Approval,EBAN,SRM_STATUS
U,0000002002,SRM: Document Completed,EBAN,SRM_STATUS
U,0000002003,SRM: Ordered,EBAN,SRM_STATUS
U,0000002004,SRM: In Transfer to Execution Syst.,EBAN,SRM_STATUS
U,0000002005,SRM: Deleted,EBAN,SRM_STATUS
U,0000002006,Change Price,EKPO,UNMAPPED_ACTIVITY
U,0000002007,SRM: Created,EBAN,SRM_STATUS
U,0000002008,SRM: Complete,EBAN,SRM_STATUS
U,0000002009,SRM: Awaiting Approval,EBAN,SRM_STATUS
U,0000002010,SRM: Document Completed,EBAN,SRM_STATUS
U,0000002011,SRM: Ordered,EBAN,SRM_STATUS
U,0000002012,SRM: In Transfer to Execution Syst.,EBAN,SRM_STATUS
U,0000002013,SRM: Change was Transmitted,EBAN,SRM_STATUS
I,0000002014,00001,EKPO,EBELP
U,0000002015,SRM: Created,EBAN,SRM_STATUS
U,0000002016,SRM: Complete,EBAN,SRM_STATUS
U,0000002017,SRM: Awaiting Approval,EBAN,SRM_STATUS
U,0000002018,SRM: Document Completed,EBAN,SRM_STATUS
U,0000002019,SRM: In Transfer to Execution Syst.,EBAN,SRM_STATUS
U,0000002020,SRM: Change was Transmitted,EBAN,SRM_STATUS
U,0000002021,SRM: Ordered,EBAN,SRM_STATUS
I,0000002022,00001,EKPO,EBELP
U,0000002023,SRM: Created,EBAN,SRM_STATUS
U,0000002024,SRM: Complete,EBAN,SRM_STATUS
U,0000002025,SRM: Awaiting Approval,EBAN,SRM_STATUS
U,0000002026,SRM: Document Completed,EBAN,SRM_STATUS
U,0000002027,SRM: In Transfer to Execution Syst.,EBAN,SRM_STATUS
U,0000002028,SRM: Ordered,EBAN,SRM_STATUS
U,0000002029,SRM: Change was Transmitted,EBAN,SRM_STATUS
I,0000002030,00002,EKPO,EBELP
U,0000002031,SRM: Created,EBAN,SRM_STATUS
U,0000002032,SRM: Complete,EBAN,SRM_STATUS
U,0000002033,SRM: Awaiting Approval,EBAN,SRM_STATUS
U,0000002034,SRM: Document Completed,EBAN,SRM_STATUS
U,0000002035,SRM: In Transfer to Execution Syst.,EBAN,SRM_STATUS
U,0000002036,SRM: Ordered,EBAN,SRM_STATUS
I,0000002037,00001,EKPO,EBELP
U,0000002038,SRM: Change was Transmitted,EBAN,SRM_STATUS
U,0000002039,Vendor creates debit memo,EKPO,UNMAPPED_ACTIVITY
U,0000002040,Cancel Invoice Receipt,EKPO,UNMAPPED_ACTIVITY
U,0000002041,SRM: Created,EBAN,SRM_STATUS
U,0000002042,SRM: Complete,EBAN,SRM_STATUS
U,0000002043,SRM: Awaiting Approval,EBAN,SRM_STATUS
U,0000002044,SRM: Document Completed,EBAN,SRM_STATUS
U,0000002045,SRM: In Transfer to Execution Syst.,EBAN,SRM_STATUS
U,0000002046,SRM: Ordered,EBAN,SRM_STATUS
I,0000002047,00002,EKPO,EBELP
U,0000002048,SRM: Change was Transmitted,EBAN,SRM_STATUS
U,0000002049,Vendor creates debit memo,EKPO,UNMAPPED_ACTIVITY
U,0000002050,Cancel Invoice Receipt,EKPO,UNMAPPED_ACTIVITY
U,0000002051,SRM: Created,EBAN,SRM_STATUS
U,0000002052,SRM: Complete,EBAN,SRM_STATUS
U,0000002053,SRM: Awaiting Approval,EBAN,SRM_STATUS
U,0000002054,SRM: Document Completed,EBAN,SRM_STATUS
U,0000002055,SRM: In Transfer to Execution Syst.,EBAN,SRM_STATUS
U,0000002056,SRM: Ordered,EBAN,SRM_STATUS
U,0000002057,SRM: Change was Transmitted,EBAN,SRM_STATUS
I,0000002058,00001,EKPO,EBELP
U,0000002059,SRM: Created,EBAN,SRM_STATUS
U,0000002060,SRM: Complete,EBAN,SRM_STATUS
U,0000002061,SRM: Awaiting Approval,EBAN,SRM_STATUS
U,0000002062,SRM: Document Completed,EBAN,SRM_STATUS
U,0000002063,SRM: In Transfer to Execution Syst.,EBAN,SRM_STATUS
U,0000002064,SRM: Ordered,EBAN,SRM_STATUS
U,0000002065,SRM: Change was Transmitted,EBAN,SRM_STATUS
I,0000002066,00001,EKPO,EBELP
U,0000002067,SRM: Created,EBAN,SRM_STATUS
U,0000002068,SRM: Complete,EBAN,SRM_STATUS
U,0000002069,SRM: Awaiting Approval,EBAN,SRM_STATUS
U,0000002070,SRM: Document Completed,EBAN,SRM_STATUS
U,0000002071,SRM: In Transfer to Execution Syst.,EBAN,SRM_STATUS
U,0000002072,SRM: Ordered,EBAN,SRM_STATUS
U,0000002073,SRM: Change was Transmitted,EBAN,SRM_STATUS
I,0000002074,00001,EKPO,EBELP
U,0000002075,SRM: Created,EBAN,SRM_STATUS
U,0000002076,SRM: Complete,EBAN,SRM_STATUS
U,0000002077,SRM: Awaiting Approval,EBAN,SRM_STATUS
U,0000002078,SRM: Document Completed,EBAN,SRM_STATUS
U,0000002079,SRM: Ordered,EBAN,SRM_STATUS
U,0000002080,SRM: In Transfer to Execution Syst.,EBAN,SRM_STATUS
I,0000002081,00001,EKPO,EBELP
U,0000002082,SRM: Change was Transmitted,EBAN,SRM_STATUS
U,0000002083,SRM: Created,EBAN,SRM_STATUS
U,0000002084,SRM: Complete,EBAN,SRM_STATUS
U,0000002085,SRM: Awaiting Approval,EBAN,SRM_STATUS
U,0000002086,SRM: Document Completed,EBAN,SRM_STATUS
U,0000002087,SRM: Ordered,EBAN,SRM_STATUS
U,0000002088,SRM: In Transfer to Execution Syst.,EBAN,SRM_STATUS
I,0000002089,00002,EKPO,EBELP
U,0000002090,SRM: Change was Transmitted,EBAN,SRM_STATUS
U,0000002091,SRM: Created,EBAN,SRM_STATUS
U,0000002092,SRM: Complete,EBAN,SRM_STATUS
U,0000002093,SRM: Awaiting Approval,EBAN,SRM_STATUS
U,0000002094,SRM: Document Completed,EBAN,SRM_STATUS
U,0000002095,SRM: Ordered,EBAN,SRM_STATUS
U,0000002096,SRM: Change was Transmitted,EBAN,SRM_STATUS
U,0000002097,SRM: In Transfer to Execution Syst.,EBAN,SRM_STATUS
I,0000002098,00001,EKPO,EBELP
U,0000002099,SRM: Created,EBAN,SRM_STATUS
U,0000002100,SRM: Complete,EBAN,SRM_STATUS
U,0000002101,SRM: Awaiting Approval,EBAN,SRM_STATUS
U,0000002102,SRM: Document Completed,EBAN,SRM_STATUS
U,0000002103,SRM: In Transfer to Execution Syst.,EBAN,SRM_STATUS
U,0000002104,SRM: Change was Transmitted,EBAN,SRM_STATUS
U,0000002105,SRM: Ordered,EBAN,SRM_STATUS
I,0000002106,00001,EKPO,EBELP
U,0000002107,SRM: Created,EBAN,SRM_STATUS
U,0000002108,SRM: Complete,EBAN,SRM_STATUS
U,0000002109,SRM: Awaiting Approval,EBAN,SRM_STATUS
U,0000002110,SRM: Document Completed,EBAN,SRM_STATUS
U,0000002111,SRM: In Transfer to Execution Syst.,EBAN,SRM_STATUS
U,0000002112,SRM: Ordered,EBAN,SRM_STATUS
I,0000002113,00001,EKPO,EBELP
U,0000002114,SRM: Change was Transmitted,EBAN,SRM_STATUS
U,0000002115,SRM: Created,EBAN,SRM_STATUS
U,0000002116,SRM: Complete,EBAN,SRM_STATUS
U,0000002117,SRM: Awaiting Approval,EBAN,SRM_STATUS
U,0000002118,SRM: Document Completed,EBAN,SRM_STATUS
U,0000002119,SRM: In Transfer to Execution Syst.,EBAN,SRM_STATUS
U,0000002120,SRM: Ordered,EBAN,SRM_STATUS
U,0000002121,SRM: Change was Transmitted,EBAN,SRM_STATUS
I,0000002122,00001,EKPO,EBELP
U,0000002123,SRM: Created,EBAN,SRM_STATUS
U,0000002124,SRM: Complete,EBAN,SRM_STATUS
U,0000002125,SRM: Awaiting Approval,EBAN,SRM_STATUS
U,0000002126,SRM: Document Completed,EBAN,SRM_STATUS
U,0000002127,SRM: In Transfer to Execution Syst.,EBAN,SRM_STATUS
U,0000002128,SRM: Ordered,EBAN,SRM_STATUS
U,0000002129,SRM: Change was Transmitted,EBAN,SRM_STATUS
I,0000002130,00001,EKPO,EBELP
U,0000002131,SRM: Created,EBAN,SRM_STATUS
U,0000002132,SRM: Complete,EBAN,SRM_STATUS
U,0000002133,SRM: Awaiting Approval,EBAN,SRM_STATUS
U,0000002134,SRM: Document Completed,EBAN,SRM_STATUS
U,0000002135,SRM: In Transfer to Execution Syst.,EBAN,SRM_STATUS
U,0000002136,SRM: Ordered,EBAN,SRM_STATUS
U,0000002137,SRM: Change was Transmitted,EBAN,SRM_STATUS
I,0000002138,00001,EKPO,EBELP
U,0000002139,SRM: Created,EBAN,SRM_STATUS
U,0000002140,SRM: Complete,EBAN,SRM_STATUS
U,0000002141,SRM: Awaiting Approval,EBAN,SRM_STATUS
U,0000002142,SRM: Document Completed,EBAN,SRM_STATUS
U,0000002143,SRM: In Transfer to Execution Syst.,EBAN,SRM_STATUS
U,0000002144,SRM: Ordered,EBAN,SRM_STATUS
U,0000002145,SRM: Change was Transmitted,EBAN,SRM_STATUS
I,0000002146,00002,EKPO,EBELP
U,0000002147,SRM: Created,EBAN,SRM_STATUS
U,0000002148,SRM: Complete,EBAN,SRM_STATUS
U,0000002149,SRM: Awaiting Approval,EBAN,SRM_STATUS
U,0000002150,SRM: Document Completed,EBAN,SRM_STATUS
U,0000002151,SRM: In Transfer to Execution Syst.,EBAN,SRM_STATUS
U,0000002152,SRM: Ordered,EBAN,SRM_STATUS
U,0000002153,SRM: Change was Transmitted,EBAN,SRM_STATUS
I,0000002154,00003,EKPO,EBELP
U,0000002155,SRM: Created,EBAN,SRM_STATUS
U,0000002156,SRM: Complete,EBAN,SRM_STATUS
U,0000002157,SRM: Awaiting Approval,EBAN,SRM_STATUS
U,0000002158,SRM: Document Completed,EBAN,SRM_STATUS
U,0000002159,SRM: In Transfer to Execution Syst.,EBAN,SRM_STATUS
U,0000002160,SRM: Ordered,EBAN,SRM_STATUS
U,0000002161,SRM: Change was Transmitted,EBAN,SRM_STATUS
I,0000002162,00001,EKPO,EBELP
U,0000002163,SRM: Created,EBAN,SRM_STATUS
U,0000002164,SRM: Complete,EBAN,SRM_STATUS
U,0000002165,SRM: Awaiting Approval,EBAN,SRM_STATUS
U,0000002166,SRM: Document Completed,EBAN,SRM_STATUS
U,0000002167,SRM: In Transfer to Execution Syst.,EBAN,SRM_STATUS
U,0000002168,SRM: Ordered,EBAN,SRM_STATUS
U,0000002169,SRM: Change was Transmitted,EBAN,SRM_STATUS
I,0000002170,00002,EKPO,EBELP
U,0000002171,SRM: Created,EBAN,SRM_STATUS
U,0000002172,SRM: Complete,EBAN,SRM_STATUS
U,0000002173,SRM: Awaiting Approval,EBAN,SRM_STATUS
U,0000002174,SRM: Document Completed,EBAN,SRM_STATUS
U,0000002175,SRM: In Transfer to Execution Syst.,EBAN,SRM_STATUS
U,0000002176,SRM: Ordered,EBAN,SRM_STATUS
U,0000002177,SRM: Change was Transmitted,EBAN,SRM_STATUS
I,0000002178,00003,EKPO,EBELP
U,0000002179,SRM: Created,EBAN,SRM_STATUS
U,0000002180,SRM: Complete,EBAN,SRM_STATUS
U,0000002181,SRM: Awaiting Approval,EBAN,SRM_STATUS
U,0000002182,SRM: Document Completed,EBAN,SRM_STATUS
U,0000002183,SRM: In Transfer to Execution Syst.,EBAN,SRM_STATUS
U,0000002184,SRM: Ordered,EBAN,SRM_STATUS
U,0000002185,SRM: Change was Transmitted,EBAN,SRM_STATUS
I,0000002186,00001,EKPO,EBELP
U,0000002187,SRM: Created,EBAN,SRM_STATUS
U,0000002188,SRM: Complete,EBAN,SRM_STATUS
U,0000002189,SRM: Awaiting Approval,EBAN,SRM_STATUS
U,0000002190,SRM: Document Completed,EBAN,SRM_STATUS
U,0000002191,SRM: Ordered,EBAN,SRM_STATUS
U,0000002192,SRM: In Transfer to Execution Syst.,EBAN,SRM_STATUS
U,0000002193,SRM: Change was Transmitted,EBAN,SRM_STATUS
I,0000002194,00001,EKPO,EBELP
U,0000002195,Remove Payment Block,EKPO,UNMAPPED_ACTIVITY
U,0000002196,SRM: Created,EBAN,SRM_STATUS
U,0000002197,SRM: Complete,EBAN,SRM_STATUS
U,0000002198,SRM: Awaiting Approval,EBAN,SRM_STATUS
U,0000002199,SRM: Document Completed,EBAN,SRM_STATUS
U,0000002200,SRM: Ordered,EBAN,SRM_STATUS
U,0000002201,SRM: In Transfer to Execution Syst.,EBAN,SRM_STATUS
U,0000002202,SRM: Change was Transmitted,EBAN,SRM_STATUS
I,0000002203,00002,EKPO,EBELP
U,0000002204,SRM: Created,EBAN,SRM_STATUS
U,0000002205,SRM: Complete,EBAN,SRM_STATUS
U,0000002206,SRM: Awaiting Approval,EBAN,SRM_STATUS
U,0000002207,SRM: Document Completed,EBAN,SRM_STATUS
U,0000002208,SRM: In Transfer to Execution Syst.,EBAN,SRM_STATUS
U,0000002209,SRM: Ordered,EBAN,SRM_STATUS
U,0000002210,SRM: Change was Transmitted,EBAN,SRM_STATUS
I,0000002211,00001,EKPO,EBELP
U,0000002212,Remove Payment Block,EKPO,UNMAPPED_ACTIVITY
U,0000002213,SRM: Created,EBAN,SRM_STATUS
U,0000002214,SRM: Complete,EBAN,SRM_STATUS
U,0000002215,SRM: Awaiting Approval,EBAN,SRM_STATUS
U,0000002216,SRM: Document Completed,EBAN,SRM_STATUS
U,0000002217,SRM: Ordered,EBAN,SRM_STATUS
U,0000002218,SRM: In Transfer to Execution Syst.,EBAN,SRM_STATUS
U,0000002219,SRM: Change was Transmitted,EBAN,SRM_STATUS
I,0000002220,00001,EKPO,EBELP
U,0000002221,SRM: Created,EBAN,SRM_STATUS
U,0000002222,SRM: Complete,EBAN,SRM_STATUS
U,0000002223,SRM: Awaiting Approval,EBAN,SRM_STATUS
U,0000002224,SRM: Document Completed,EBAN,SRM_STATUS
U,0000002225,SRM: Created,EBAN,SRM_STATUS
U,0000002226,SRM: Ordered,EBAN,SRM_STATUS
U,0000002227,SRM: In Transfer to Execution Syst.,EBAN,SRM_STATUS
U,0000002228,SRM: Deleted,EBAN,SRM_STATUS
U,0000002229,Change Price,EKPO,UNMAPPED_ACTIVITY
U,0000002230,SRM: Complete,EBAN,SRM_STATUS
U,0000002231,SRM: Awaiting Approval,EBAN,SRM_STATUS
U,0000002232,SRM: Document Completed,EBAN,SRM_STATUS
U,0000002233,SRM: Ordered,EBAN,SRM_STATUS
U,0000002234,SRM: In Transfer to Execution Syst.,EBAN,SRM_STATUS
U,0000002235,SRM: Deleted,EBAN,SRM_STATUS
U,0000002236,Change Price,EKPO,UNMAPPED_ACTIVITY
U,0000002237,Change Quantity,EKPO,UNMAPPED_ACTIVITY
U,0000002238,SRM: Created,EBAN,SRM_STATUS
U,0000002239,SRM: Complete,EBAN,SRM_STATUS
U,0000002240,SRM: Awaiting Approval,EBAN,SRM_STATUS
U,0000002241,SRM: Document Completed,EBAN,SRM_STATUS
U,0000002242,SRM: In Transfer to Execution Syst.,EBAN,SRM_STATUS
U,0000002243,SRM: Ordered,EBAN,SRM_STATUS
U,0000002244,SRM: Change was Transmitted,EBAN,SRM_STATUS
I,0000002245,00001,EKPO,EBELP
U,0000002246,SRM: Created,EBAN,SRM_STATUS
U,0000002247,SRM: Complete,EBAN,SRM_STATUS
U,0000002248,SRM: Awaiting Approval,EBAN,SRM_STATUS
U,0000002249,SRM: Document Completed,EBAN,SRM_STATUS
U,0000002250,SRM: Ordered,EBAN,SRM_STATUS
U,0000002251,SRM: In Transfer to Execution Syst.,EBAN,SRM_STATUS
U,0000002252,SRM: Change was Transmitted,EBAN,SRM_STATUS
I,0000002253,00001,EKPO,EBELP
U,0000002254,SRM: Created,EBAN,SRM_STATUS
U,0000002255,SRM: Complete,EBAN,SRM_STATUS
U,0000002256,SRM: Awaiting Approval,EBAN,SRM_STATUS
U,0000002257,SRM: Document Completed,EBAN,SRM_STATUS
U,0000002258,SRM: In Transfer to Execution Syst.,EBAN,SRM_STATUS
U,0000002259,SRM: Ordered,EBAN,SRM_STATUS
U,0000002260,SRM: Change was Transmitted,EBAN,SRM_STATUS
I,0000002261,00001,EKPO,EBELP
U,0000002262,SRM: Created,EBAN,SRM_STATUS
U,0000002263,SRM: Complete,EBAN,SRM_STATUS
U,0000002264,SRM: Awaiting Approval,EBAN,SRM_STATUS
U,0000002265,SRM: Document Completed,EBAN,SRM_STATUS
U,0000002266,SRM: In Transfer to Execution Syst.,EBAN,SRM_STATUS
U,0000002267,SRM: Change was Transmitted,EBAN,SRM_STATUS
U,0000002268,SRM: Ordered,EBAN,SRM_STATUS
I,0000002269,00001,EKPO,EBELP
U,0000002270,SRM: Created,EBAN,SRM_STATUS
U,0000002271,SRM: Complete,EBAN,SRM_STATUS
U,0000002272,SRM: Awaiting Approval,EBAN,SRM_STATUS
U,0000002273,SRM: Document Completed,EBAN,SRM_STATUS
U,0000002274,SRM: In Transfer to Execution Syst.,EBAN,SRM_STATUS
U,0000002275,SRM: Change was Transmitted,EBAN,SRM_STATUS
U,0000002276,SRM: Ordered,EBAN,SRM_STATUS
I,0000002277,00002,EKPO,EBELP
U,0000002278,SRM: Created,EBAN,SRM_STATUS
U,0000002279,SRM: Complete,EBAN,SRM_STATUS
U,0000002280,SRM: Awaiting Approval,EBAN,SRM_STATUS
U,0000002281,SRM: Document Completed,EBAN,SRM_STATUS
U,0000002282,SRM: In Transfer to Execution Syst.,EBAN,SRM_STATUS
U,0000002283,SRM: Ordered,EBAN,SRM_STATUS
U,0000002284,SRM: Change was Transmitted,EBAN,SRM_STATUS
I,0000002285,00003,EKPO,EBELP
U,0000002286,SRM: Created,EBAN,SRM_STATUS
U,0000002287,SRM: Complete,EBAN,SRM_STATUS
U,0000002288,SRM: Awaiting Approval,EBAN,SRM_STATUS
U,0000002289,SRM: Document Completed,EBAN,SRM_STATUS
U,0000002290,SRM: In Transfer to Execution Syst.,EBAN,SRM_STATUS
U,0000002291,SRM: Ordered,EBAN,SRM_STATUS
U,0000002292,SRM: Change was Transmitted,EBAN,SRM_STATUS
I,0000002293,00004,EKPO,EBELP
U,0000002294,SRM: Created,EBAN,SRM_STATUS
U,0000002295,SRM: Complete,EBAN,SRM_STATUS
U,0000002296,SRM: Awaiting Approval,EBAN,SRM_STATUS
U,0000002297,SRM: Document Completed,EBAN,SRM_STATUS
U,0000002298,SRM: In Transfer to Execution Syst.,EBAN,SRM_STATUS
U,0000002299,SRM: Change was Transmitted,EBAN,SRM_STATUS
U,0000002300,SRM: Ordered,EBAN,SRM_STATUS
I,0000002301,00005,EKPO,EBELP
U,0000002302,SRM: Created,EBAN,SRM_STATUS
U,0000002303,SRM: Complete,EBAN,SRM_STATUS
U,0000002304,SRM: Awaiting Approval,EBAN,SRM_STATUS
U,0000002305,SRM: Document Completed,EBAN,SRM_STATUS
U,0000002306,SRM: In Transfer to Execution Syst.,EBAN,SRM_STATUS
U,0000002307,SRM: Change was Transmitted,EBAN,SRM_STATUS
U,0000002308,SRM: Ordered,EBAN,SRM_STATUS
I,0000002309,00006,EKPO,EBELP
U,0000002310,SRM: Created,EBAN,SRM_STATUS
U,0000002311,SRM: Complete,EBAN,SRM_STATUS
U,0000002312,SRM: Awaiting Approval,EBAN,SRM_STATUS
U,0000002313,SRM: Document Completed,EBAN,SRM_STATUS
U,0000002314,SRM: In Transfer to Execution Syst.,EBAN,SRM_STATUS
U,0000002315,SRM: Change was Transmitted,EBAN,SRM_STATUS
U,0000002316,SRM: Ordered,EBAN,SRM_STATUS
I,0000002317,00007,EKPO,EBELP
U,0000002318,SRM: Created,EBAN,SRM_STATUS
U,0000002319,SRM: Complete,EBAN,SRM_STATUS
U,0000002320,SRM: Awaiting Approval,EBAN,SRM_STATUS
U,0000002321,SRM: Document Completed,EBAN,SRM_STATUS
U,0000002322,SRM: In Transfer to Execution Syst.,EBAN,SRM_STATUS
U,0000002323,SRM: Change was Transmitted,EBAN,SRM_STATUS
U,0000002324,SRM: Ordered,EBAN,SRM_STATUS
I,0000002325,00008,EKPO,EBELP
U,0000002326,SRM: Created,EBAN,SRM_STATUS
U,0000002327,SRM: Complete,EBAN,SRM_STATUS
U,0000002328,SRM: Awaiting Approval,EBAN,SRM_STATUS
U,0000002329,SRM: Document Completed,EBAN,SRM_STATUS
U,0000002330,SRM: In Transfer to Execution Syst.,EBAN,SRM_STATUS
U,0000002331,SRM: Ordered,EBAN,SRM_STATUS
U,0000002332,SRM: Change was Transmitted,EBAN,SRM_STATUS
I,0000002333,00009,EKPO,EBELP
U,0000002334,SRM: Created,EBAN,SRM_STATUS
U,0000002335,SRM: Complete,EBAN,SRM_STATUS
U,0000002336,SRM: Awaiting Approval,EBAN,SRM_STATUS
U,0000002337,SRM: Document Completed,EBAN,SRM_STATUS
U,0000002338,SRM: In Transfer to Execution Syst.,EBAN,SRM_STATUS
U,0000002339,SRM: Ordered,EBAN,SRM_STATUS
U,0000002340,SRM: Change was Transmitted,EBAN,SRM_STATUS
I,0000002341,00001,EKPO,EBELP
U,0000002342,SRM: Created,EBAN,SRM_STATUS
U,0000002343,SRM: Complete,EBAN,SRM_STATUS
U,0000002344,SRM: Awaiting Approval,EBAN,SRM_STATUS
U,0000002345,SRM: Document Completed,EBAN,SRM_STATUS
U,0000002346,SRM: Ordered,EBAN,SRM_STATUS
U,0000002347,SRM: Change was Transmitted,EBAN,SRM_STATUS
U,0000002348,SRM: In Transfer to Execution Syst.,EBAN,SRM_STATUS
I,0000002349,00001,EKPO,EBELP
U,0000002350,SRM: Created,EBAN,SRM_STATUS
U,0000002351,SRM: Complete,EBAN,SRM_STATUS
U,0000002352,SRM: Awaiting Approval,EBAN,SRM_STATUS
U,0000002353,SRM: Document Completed,EBAN,SRM_STATUS
U,0000002354,SRM: Ordered,EBAN,SRM_STATUS
U,0000002355,SRM: Change was Transmitted,EBAN,SRM_STATUS
U,0000002356,SRM: In Transfer to Execution Syst.,EBAN,SRM_STATUS
I,0000002357,00002,EKPO,EBELP
U,0000002358,SRM: Created,EBAN,SRM_STATUS
U,0000002359,SRM: Complete,EBAN,SRM_STATUS
U,0000002360,SRM: Awaiting Approval,EBAN,SRM_STATUS
U,0000002361,SRM: Document Completed,EBAN,SRM_STATUS
U,0000002362,SRM: Ordered,EBAN,SRM_STATUS
U,0000002363,SRM: Change was Transmitted,EBAN,SRM_STATUS
U,0000002364,SRM: In Transfer to Execution Syst.,EBAN,SRM_STATUS
I,0000002365,00003,EKPO,EBELP
U,0000002366,SRM: Created,EBAN,SRM_STATUS
U,0000002367,SRM: Complete,EBAN,SRM_STATUS
U,0000002368,SRM: Awaiting Approval,EBAN,SRM_STATUS
U,0000002369,SRM: Document Completed,EBAN,SRM_STATUS
U,0000002370,SRM: Ordered,EBAN,SRM_STATUS
U,0000002371,SRM: Change was Transmitted,EBAN,SRM_STATUS
U,0000002372,SRM: In Transfer to Execution Syst.,EBAN,SRM_STATUS
I,0000002373,00004,EKPO,EBELP
U,0000002374,SRM: Created,EBAN,SRM_STATUS
U,0000002375,SRM: Complete,EBAN,SRM_STATUS
U,0000002376,SRM: Awaiting Approval,EBAN,SRM_STATUS
U,0000002377,SRM: Document Completed,EBAN,SRM_STATUS
U,0000002378,SRM: In Transfer to Execution Syst.,EBAN,SRM_STATUS
U,0000002379,SRM: Ordered,EBAN,SRM_STATUS
U,0000002380,SRM: Change was Transmitted,EBAN,SRM_STATUS
I,0000002381,00001,EKPO,EBELP
U,0000002382,SRM: Created,EBAN,SRM_STATUS
U,0000002383,SRM: Complete,EBAN,SRM_STATUS
U,0000002384,SRM: Awaiting Approval,EBAN,SRM_STATUS
U,0000002385,SRM: Document Completed,EBAN,SRM_STATUS
U,0000002386,SRM: In Transfer to Execution Syst.,EBAN,SRM_STATUS
U,0000002387,SRM: Ordered,EBAN,SRM_STATUS
U,0000002388,SRM: Change was Transmitted,EBAN,SRM_STATUS
I,0000002389,00002,EKPO,EBELP
U,0000002390,SRM: Created,EBAN,SRM_STATUS
U,0000002391,SRM: Complete,EBAN,SRM_STATUS
U,0000002392,SRM: Awaiting Approval,EBAN,SRM_STATUS
U,0000002393,SRM: Document Completed,EBAN,SRM_STATUS
U,0000002394,SRM: In Transfer to Execution Syst.,EBAN,SRM_STATUS
U,0000002395,SRM: Ordered,EBAN,SRM_STATUS
U,0000002396,SRM: Change was Transmitted,EBAN,SRM_STATUS
I,0000002397,00003,EKPO,EBELP
U,0000002398,SRM: Created,EBAN,SRM_STATUS
U,0000002399,SRM: Complete,EBAN,SRM_STATUS
U,0000002400,SRM: Awaiting Approval,EBAN,SRM_STATUS
U,0000002401,SRM: Document Completed,EBAN,SRM_STATUS
U,0000002402,SRM: In Transfer to Execution Syst.,EBAN,SRM_STATUS
U,0000002403,SRM: Ordered,EBAN,SRM_STATUS
U,0000002404,SRM: Change was Transmitted,EBAN,SRM_STATUS
I,0000002405,00004,EKPO,EBELP
U,0000002406,SRM: Created,EBAN,SRM_STATUS
U,0000002407,SRM: Complete,EBAN,SRM_STATUS
U,0000002408,SRM: Awaiting Approval,EBAN,SRM_STATUS
U,0000002409,SRM: Document Completed,EBAN,SRM_STATUS
U,0000002410,SRM: In Transfer to Execution Syst.,EBAN,SRM_STATUS
U,0000002411,SRM: Ordered,EBAN,SRM_STATUS
U,0000002412,SRM: Change was Transmitted,EBAN,SRM_STATUS
I,0000002413,00005,EKPO,EBELP
U,0000002414,SRM: Created,EBAN,SRM_STATUS
U,0000002415,SRM: Complete,EBAN,SRM_STATUS
U,0000002416,SRM: Awaiting Approval,EBAN,SRM_STATUS
U,0000002417,SRM: Document Completed,EBAN,SRM_STATUS
U,0000002418,SRM: In Transfer to Execution Syst.,EBAN,SRM_STATUS
U,0000002419,SRM: Ordered,EBAN,SRM_STATUS
U,0000002420,SRM: Change was Transmitted,EBAN,SRM_STATUS
I,0000002421,00006,EKPO,EBELP
U,0000002422,SRM: Created,EBAN,SRM_STATUS
U,0000002423,SRM: Complete,EBAN,SRM_STATUS
U,0000002424,SRM: Awaiting Approval,EBAN,SRM_STATUS
U,0000002425,SRM: Document Completed,EBAN,SRM_STATUS
U,0000002426,SRM: In Transfer to Execution Syst.,EBAN,SRM_STATUS
U,0000002427,SRM: Ordered,EBAN,SRM_STATUS
U,0000002428,SRM: Change was Transmitted,EBAN,SRM_STATUS
I,0000002429,00007,EKPO,EBELP
U,0000002430,SRM: Created,EBAN,SRM_STATUS
U,0000002431,SRM: Complete,EBAN,SRM_STATUS
U,0000002432,SRM: Awaiting Approval,EBAN,SRM_STATUS
U,0000002433,SRM: Document Completed,EBAN,SRM_STATUS
U,0000002434,SRM: In Transfer to Execution Syst.,EBAN,SRM_STATUS
U,0000002435,SRM: Ordered,EBAN,SRM_STATUS
U,0000002436,SRM: Change was Transmitted,EBAN,SRM_STATUS
I,0000002437,00008,EKPO,EBELP
U,0000002438,SRM: Created,EBAN,SRM_STATUS
U,0000002439,SRM: Complete,EBAN,SRM_STATUS
U,0000002440,SRM: Awaiting Approval,EBAN,SRM_STATUS
U,0000002441,SRM: Document Completed,EBAN,SRM_STATUS
U,0000002442,SRM: In Transfer to Execution Syst.,EBAN,SRM_STATUS
U,0000002443,SRM: Ordered,EBAN,SRM_STATUS
U,0000002444,SRM: Change was Transmitted,EBAN,SRM_STATUS
I,0000002445,00009,EKPO,EBELP
U,0000002446,SRM: Created,EBAN,SRM_STATUS
U,0000002447,SRM: Complete,EBAN,SRM_STATUS
U,0000002448,SRM: Awaiting Approval,EBAN,SRM_STATUS
U,0000002449,SRM: Document Completed,EBAN,SRM_STATUS
U,0000002450,SRM: In Transfer to Execution Syst.,EBAN,SRM_STATUS
U,0000002451,SRM: Ordered,EBAN,SRM_STATUS
U,0000002452,SRM: Change was Transmitted,EBAN,SRM_STATUS
I,0000002453,00010,EKPO,EBELP
U,0000002454,SRM: Created,EBAN,SRM_STATUS
U,0000002455,SRM: Complete,EBAN,SRM_STATUS
U,0000002456,SRM: Awaiting Approval,EBAN,SRM_STATUS
U,0000002457,SRM: Document Completed,EBAN,SRM_STATUS
U,0000002458,SRM: In Transfer to Execution Syst.,EBAN,SRM_STATUS
U,0000002459,SRM: Ordered,EBAN,SRM_STATUS
I,0000002460,00001,EKPO,EBELP
U,0000002461,SRM: Change was Transmitted,EBAN,SRM_STATUS
U,0000002462,SRM: Created,EBAN,SRM_STATUS
U,0000002463,SRM: Complete,EBAN,SRM_STATUS
U,0000002464,SRM: Awaiting Approval,EBAN,SRM_STATUS
U,0000002465,SRM: Document Completed,EBAN,SRM_STATUS
U,0000002466,SRM: In Transfer to Execution Syst.,EBAN,SRM_STATUS
U,0000002467,SRM: Ordered,EBAN,SRM_STATUS
U,0000002468,SRM: Change was Transmitted,EBAN,SRM_STATUS
I,0000002469,00001,EKPO,EBELP
U,0000002470,SRM: Created,EBAN,SRM_STATUS
U,0000002471,SRM: Complete,EBAN,SRM_STATUS
U,0000002472,SRM: Awaiting Approval,EBAN,SRM_STATUS
U,0000002473,SRM: Document Completed,EBAN,SRM_STATUS
U,0000002474,SRM: In Transfer to Execution Syst.,EBAN,SRM_STATUS
U,0000002475,SRM: Ordered,EBAN,SRM_STATUS
I,0000002476,00001,EKPO,EBELP
U,0000002477,SRM: Change was Transmitted,EBAN,SRM_STATUS
U,0000002478,Vendor creates debit memo,EKPO,UNMAPPED_ACTIVITY
U,0000002479,SRM: Created,EBAN,SRM_STATUS
U,0000002480,SRM: Complete,EBAN,SRM_STATUS
U,0000002481,SRM: Awaiting Approval,EBAN,SRM_STATUS
U,0000002482,SRM: Document Completed,EBAN,SRM_STATUS
U,0000002483,SRM: In Transfer to Execution Syst.,EBAN,SRM_STATUS
U,0000002484,SRM: Ordered,EBAN,SRM_STATUS
U,0000002485,SRM: Change was Transmitted,EBAN,SRM_STATUS
I,0000002486,00001,EKPO,EBELP
U,0000002487,Cancel Goods Receipt,EKPO,UNMAPPED_ACTIVITY
U,0000002488,SRM: Created,EBAN,SRM_STATUS
U,0000002489,SRM: Complete,EBAN,SRM_STATUS
U,0000002490,SRM: Awaiting Approval,EBAN,SRM_STATUS
U,0000002491,SRM: Document Completed,EBAN,SRM_STATUS
U,0000002492,SRM: In Transfer to Execution Syst.,EBAN,SRM_STATUS
U,0000002493,SRM: Ordered,EBAN,SRM_STATUS
U,0000002494,SRM: Deleted,EBAN,SRM_STATUS
U,0000002495,Change Price,EKPO,UNMAPPED_ACTIVITY
U,0000002496,Cancel Invoice Receipt,EKPO,UNMAPPED_ACTIVITY
U,0000002497,Vendor creates debit memo,EKPO,UNMAPPED_ACTIVITY
U,0000002498,SRM: Created,EBAN,SRM_STATUS
U,0000002499,SRM: Complete,EBAN,SRM_STATUS
U,0000002500,SRM: Awaiting Approval,EBAN,SRM_STATUS
U,0000002501,SRM: Document Completed,EBAN,SRM_STATUS
U,0000002502,SRM: In Transfer to Execution Syst.,EBAN,SRM_STATUS
U,0000002503,SRM: Ordered,EBAN,SRM_STATUS
U,0000002504,SRM: Change was Transmitted,EBAN,SRM_STATUS
I,0000002505,00002,EKPO,EBELP
U,0000002506,Cancel Goods Receipt,EKPO,UNMAPPED_ACTIVITY
U,0000002507,SRM: Created,EBAN,SRM_STATUS
U,0000002508,SRM: Complete,EBAN,SRM_STATUS
U,0000002509,SRM: Awaiting Approval,EBAN,SRM_STATUS
U,0000002510,SRM: Document Completed,EBAN,SRM_STATUS
U,0000002511,SRM: In Transfer to Execution Syst.,EBAN,SRM_STATUS
U,0000002512,SRM: Ordered,EBAN,SRM_STATUS
U,0000002513,SRM: Deleted,EBAN,SRM_STATUS
U,0000002514,Change Price,EKPO,UNMAPPED_ACTIVITY
U,0000002515,Cancel Invoice Receipt,EKPO,UNMAPPED_ACTIVITY
U,0000002516,Vendor creates debit memo,EKPO,UNMAPPED_ACTIVITY
U,0000002517,SRM: Created,EBAN,SRM_STATUS
U,0000002518,SRM: Complete,EBAN,SRM_STATUS
U,0000002519,SRM: Awaiting Approval,EBAN,SRM_STATUS
U,0000002520,SRM: Document Completed,EBAN,SRM_STATUS
U,0000002521,SRM: In Transfer to Execution Syst.,EBAN,SRM_STATUS
U,0000002522,SRM: Ordered,EBAN,SRM_STATUS
U,0000002523,SRM: Change was Transmitted,EBAN,SRM_STATUS
I,0000002524,00003,EKPO,EBELP
U,0000002525,Cancel Goods Receipt,EKPO,UNMAPPED_ACTIVITY
U,0000002526,SRM: Created,EBAN,SRM_STATUS
U,0000002527,SRM: Complete,EBAN,SRM_STATUS
U,0000002528,SRM: Awaiting Approval,EBAN,SRM_STATUS
U,0000002529,SRM: Document Completed,EBAN,SRM_STATUS
U,0000002530,SRM: In Transfer to Execution Syst.,EBAN,SRM_STATUS
U,0000002531,SRM: Ordered,EBAN,SRM_STATUS
U,0000002532,SRM: Deleted,EBAN,SRM_STATUS
U,0000002533,Change Price,EKPO,UNMAPPED_ACTIVITY
U,0000002534,Cancel Invoice Receipt,EKPO,UNMAPPED_ACTIVITY
U,0000002535,SRM: Created,EBAN,SRM_STATUS
U,0000002536,SRM: Complete,EBAN,SRM_STATUS
U,0000002537,SRM: Awaiting Approval,EBAN,SRM_STATUS
U,0000002538,SRM: Document Completed,EBAN,SRM_STATUS
U,0000002539,SRM: In Transfer to Execution Syst.,EBAN,SRM_STATUS
U,0000002540,SRM: Ordered,EBAN,SRM_STATUS
U,0000002541,SRM: Change was Transmitted,EBAN,SRM_STATUS
I,0000002542,00004,EKPO,EBELP
U,0000002543,Cancel Goods Receipt,EKPO,UNMAPPED_ACTIVITY
U,0000002544,SRM: Created,EBAN,SRM_STATUS
U,0000002545,SRM: Complete,EBAN,SRM_STATUS
U,0000002546,SRM: Awaiting Approval,EBAN,SRM_STATUS
U,0000002547,SRM: Document Completed,EBAN,SRM_STATUS
U,0000002548,SRM: In Transfer to Execution Syst.,EBAN,SRM_STATUS
U,0000002549,SRM: Ordered,EBAN,SRM_STATUS
U,0000002550,SRM: Deleted,EBAN,SRM_STATUS
U,0000002551,Change Price,EKPO,UNMAPPED_ACTIVITY
U,0000002552,SRM: Created,EBAN,SRM_STATUS
U,0000002553,SRM: Complete,EBAN,SRM_STATUS
U,0000002554,SRM: Awaiting Approval,EBAN,SRM_STATUS
U,0000002555,SRM: Document Completed,EBAN,SRM_STATUS
U,0000002556,SRM: In Transfer to Execution Syst.,EBAN,SRM_STATUS
U,0000002557,SRM: Ordered,EBAN,SRM_STATUS
I,0000002558,00001,EKPO,EBELP
U,0000002559,SRM: Change was Transmitted,EBAN,SRM_STATUS
U,0000002560,SRM: In Transfer to Execution Syst.,EBAN,SRM_STATUS
U,0000002561,Change Delivery Indicator,EKPO,UNMAPPED_ACTIVITY
U,0000002562,SRM: Created,EBAN,SRM_STATUS
U,0000002563,SRM: Complete,EBAN,SRM_STATUS
U,0000002564,SRM: Awaiting Approval,EBAN,SRM_STATUS
U,0000002565,SRM: Document Completed,EBAN,SRM_STATUS
U,0000002566,SRM: In Transfer to Execution Syst.,EBAN,SRM_STATUS
U,0000002567,SRM: Ordered,EBAN,SRM_STATUS
U,0000002568,SRM: Change was Transmitted,EBAN,SRM_STATUS
I,0000002569,00001,EKPO,EBELP
U,0000002570,SRM: Created,EBAN,SRM_STATUS
U,0000002571,SRM: Complete,EBAN,SRM_STATUS
U,0000002572,SRM: Awaiting Approval,EBAN,SRM_STATUS
U,0000002573,SRM: Document Completed,EBAN,SRM_STATUS
U,0000002574,SRM: Ordered,EBAN,SRM_STATUS
U,0000002575,SRM: Change was Transmitted,EBAN,SRM_STATUS
U,0000002576,SRM: In Transfer to Execution Syst.,EBAN,SRM_STATUS
I,0000002577,00001,EKPO,EBELP
U,0000002578,SRM: Created,EBAN,SRM_STATUS
U,0000002579,SRM: Complete,EBAN,SRM_STATUS
U,0000002580,SRM: Awaiting Approval,EBAN,SRM_STATUS
U,0000002581,SRM: Document Completed,EBAN,SRM_STATUS
U,0000002582,SRM: Change was Transmitted,EBAN,SRM_STATUS
U,0000002583,SRM: Ordered,EBAN,SRM_STATUS
U,0000002584,SRM: In Transfer to Execution Syst.,EBAN,SRM_STATUS
I,0000002585,00002,EKPO,EBELP
U,0000002586,SRM: Created,EBAN,SRM_STATUS
U,0000002587,SRM: Complete,EBAN,SRM_STATUS
U,0000002588,SRM: Awaiting Approval,EBAN,SRM_STATUS
U,0000002589,SRM: Document Completed,EBAN,SRM_STATUS
U,0000002590,SRM: Ordered,EBAN,SRM_STATUS
U,0000002591,SRM: In Transfer to Execution Syst.,EBAN,SRM_STATUS
I,0000002592,00001,EKPO,EBELP
U,0000002593,SRM: Change was Transmitted,EBAN,SRM_STATUS
U,0000002594,SRM: Created,EBAN,SRM_STATUS
U,0000002595,SRM: Complete,EBAN,SRM_STATUS
U,0000002596,SRM: Awaiting Approval,EBAN,SRM_STATUS
U,0000002597,SRM: Document Completed,EBAN,SRM_STATUS
U,0000002598,SRM: Ordered,EBAN,SRM_STATUS
U,0000002599,SRM: In Transfer to Execution Syst.,EBAN,SRM_STATUS
U,0000002600,SRM: Deleted,EBAN,SRM_STATUS
U,0000002601,Change Delivery Indicator,EKPO,UNMAPPED_ACTIVITY
U,0000002602,SRM: Created,EBAN,SRM_STATUS
U,0000002603,SRM: Complete,EBAN,SRM_STATUS
U,0000002604,SRM: Awaiting Approval,EBAN,SRM_STATUS
U,0000002605,SRM: Document Completed,EBAN,SRM_STATUS
U,0000002606,SRM: Ordered,EBAN,SRM_STATUS
U,0000002607,SRM: In Transfer to Execution Syst.,EBAN,SRM_STATUS
U,0000002608,SRM: Deleted,EBAN,SRM_STATUS
U,0000002609,Change Price,EKPO,UNMAPPED_ACTIVITY
U,0000002610,SRM: Created,EBAN,SRM_STATUS
U,0000002611,SRM: Complete,EBAN,SRM_STATUS
U,0000002612,SRM: Awaiting Approval,EBAN,SRM_STATUS
U,0000002613,SRM: Document Completed,EBAN,SRM_STATUS
U,0000002614,SRM: Ordered,EBAN,SRM_STATUS
U,0000002615,SRM: In Transfer to Execution Syst.,EBAN,SRM_STATUS
U,0000002616,SRM: Deleted,EBAN,SRM_STATUS
U,0000002617,Change Delivery Indicator,EKPO,UNMAPPED_ACTIVITY
U,0000002618,Change Price,EKPO,UNMAPPED_ACTIVITY
U,0000002619,Change Final Invoice Indicator,EKPO,UNMAPPED_ACTIVITY
U,0000002620,SRM: Created,EBAN,SRM_STATUS
U,0000002621,SRM: Complete,EBAN,SRM_STATUS
U,0000002622,SRM: Awaiting Approval,EBAN,SRM_STATUS
U,0000002623,SRM: Document Completed,EBAN,SRM_STATUS
U,0000002624,SRM: Ordered,EBAN,SRM_STATUS
U,0000002625,SRM: In Transfer to Execution Syst.,EBAN,SRM_STATUS
U,0000002626,SRM: Change was Transmitted,EBAN,SRM_STATUS
I,0000002627,00001,EKPO,EBELP
U,0000002628,SRM: Created,EBAN,SRM_STATUS
U,0000002629,SRM: Complete,EBAN,SRM_STATUS
U,0000002630,SRM: Awaiting Approval,EBAN,SRM_STATUS
U,0000002631,SRM: Document Completed,EBAN,SRM_STATUS
U,0000002632,SRM: Ordered,EBAN,SRM_STATUS
U,0000002633,SRM: In Transfer to Execution Syst.,EBAN,SRM_STATUS
U,0000002634,SRM: Change was Transmitted,EBAN,SRM_STATUS
I,0000002635,00002,EKPO,EBELP
U,0000002636,SRM: Created,EBAN,SRM_STATUS
U,0000002637,SRM: Complete,EBAN,SRM_STATUS
U,0000002638,SRM: Awaiting Approval,EBAN,SRM_STATUS
U,0000002639,SRM: Document Completed,EBAN,SRM_STATUS
U,0000002640,SRM: Ordered,EBAN,SRM_STATUS
U,0000002641,SRM: Change was Transmitted,EBAN,SRM_STATUS
U,0000002642,SRM: In Transfer to Execution Syst.,EBAN,SRM_STATUS
I,0000002643,00001,EKPO,EBELP
U,0000002644,SRM: Created,EBAN,SRM_STATUS
U,0000002645,SRM: Complete,EBAN,SRM_STATUS
U,0000002646,SRM: Awaiting Approval,EBAN,SRM_STATUS
U,0000002647,SRM: Document Completed,EBAN,SRM_STATUS
U,0000002648,SRM: In Transfer to Execution Syst.,EBAN,SRM_STATUS
U,0000002649,SRM: Ordered,EBAN,SRM_STATUS
I,0000002650,00001,EKPO,EBELP
U,0000002651,SRM: Change was Transmitted,EBAN,SRM_STATUS
U,0000002652,SRM: Created,EBAN,SRM_STATUS
U,0000002653,SRM: Complete,EBAN,SRM_STATUS
U,0000002654,SRM: Awaiting Approval,EBAN,SRM_STATUS
U,0000002655,SRM: Document Completed,EBAN,SRM_STATUS
U,0000002656,SRM: In Transfer to Execution Syst.,EBAN,SRM_STATUS
U,0000002657,SRM: Ordered,EBAN,SRM_STATUS
U,0000002658,SRM: Change was Transmitted,EBAN,SRM_STATUS
I,0000002659,00001,EKPO,EBELP
U,0000002660,SRM: Created,EBAN,SRM_STATUS
U,0000002661,SRM: Complete,EBAN,SRM_STATUS
U,0000002662,SRM: Awaiting Approval,EBAN,SRM_STATUS
U,0000002663,SRM: Document Completed,EBAN,SRM_STATUS
U,0000002664,SRM: In Transfer to Execution Syst.,EBAN,SRM_STATUS
U,0000002665,SRM: Ordered,EBAN,SRM_STATUS
I,0000002666,00001,EKPO,EBELP
U,0000002667,SRM: Change was Transmitted,EBAN,SRM_STATUS
U,0000002668,SRM: Created,EBAN,SRM_STATUS
U,0000002669,SRM: Complete,EBAN,SRM_STATUS
U,0000002670,SRM: Awaiting Approval,EBAN,SRM_STATUS
U,0000002671,SRM: Document Completed,EBAN,SRM_STATUS
U,0000002672,SRM: Ordered,EBAN,SRM_STATUS
U,0000002673,SRM: In Transfer to Execution Syst.,EBAN,SRM_STATUS
U,0000002674,SRM: Change was Transmitted,EBAN,SRM_STATUS
I,0000002675,00001,EKPO,EBELP
U,0000002676,SRM: Created,EBAN,SRM_STATUS
U,0000002677,SRM: Complete,EBAN,SRM_STATUS
U,0000002678,SRM: Awaiting Approval,EBAN,SRM_STATUS
U,0000002679,SRM: Document Completed,EBAN,SRM_STATUS
U,0000002680,SRM: Ordered,EBAN,SRM_STATUS
U,0000002681,SRM: In Transfer to Execution Syst.,EBAN,SRM_STATUS
U,0000002682,SRM: Change was Transmitted,EBAN,SRM_STATUS
I,0000002683,00002,EKPO,EBELP
U,0000002684,SRM: Created,EBAN,SRM_STATUS
U,0000002685,SRM: Complete,EBAN,SRM_STATUS
U,0000002686,SRM: Awaiting Approval,EBAN,SRM_STATUS
U,0000002687,SRM: Document Completed,EBAN,SRM_STATUS
U,0000002688,SRM: Ordered,EBAN,SRM_STATUS
U,0000002689,SRM: In Transfer to Execution Syst.,EBAN,SRM_STATUS
U,0000002690,SRM: Change was Transmitted,EBAN,SRM_STATUS
I,0000002691,00003,EKPO,EBELP
U,0000002692,SRM: Created,EBAN,SRM_STATUS
U,0000002693,SRM: Complete,EBAN,SRM_STATUS
U,0000002694,SRM: Awaiting Approval,EBAN,SRM_STATUS
U,0000002695,SRM: Document Completed,EBAN,SRM_STATUS
U,0000002696,SRM: In Transfer to Execution Syst.,EBAN,SRM_STATUS
U,0000002697,SRM: Ordered,EBAN,SRM_STATUS
U,0000002698,SRM: Change was Transmitted,EBAN,SRM_STATUS
I,0000002699,00001,EKPO,EBELP
U,0000002700,SRM: Created,EBAN,SRM_STATUS
U,0000002701,SRM: Complete,EBAN,SRM_STATUS
U,0000002702,SRM: Awaiting Approval,EBAN,SRM_STATUS
U,0000002703,SRM: Document Completed,EBAN,SRM_STATUS
U,0000002704,SRM: In Transfer to Execution Syst.,EBAN,SRM_STATUS
U,0000002705,SRM: Ordered,EBAN,SRM_STATUS
U,0000002706,SRM: Change was Transmitted,EBAN,SRM_STATUS
I,0000002707,00002,EKPO,EBELP
U,0000002708,SRM: Created,EBAN,SRM_STATUS
U,0000002709,SRM: Complete,EBAN,SRM_STATUS
U,0000002710,SRM: Awaiting Approval,EBAN,SRM_STATUS
U,0000002711,SRM: Document Completed,EBAN,SRM_STATUS
U,0000002712,SRM: In Transfer to Execution Syst.,EBAN,SRM_STATUS
U,0000002713,SRM: Ordered,EBAN,SRM_STATUS
U,0000002714,SRM: Change was Transmitted,EBAN,SRM_STATUS
I,0000002715,00001,EKPO,EBELP
U,0000002716,SRM: Created,EBAN,SRM_STATUS
U,0000002717,SRM: Complete,EBAN,SRM_STATUS
U,0000002718,SRM: Awaiting Approval,EBAN,SRM_STATUS
U,0000002719,SRM: Document Completed,EBAN,SRM_STATUS
U,0000002720,SRM: In Transfer to Execution Syst.,EBAN,SRM_STATUS
U,0000002721,SRM: Ordered,EBAN,SRM_STATUS
U,0000002722,SRM: Change was Transmitted,EBAN,SRM_STATUS
I,0000002723,00002,EKPO,EBELP
U,0000002724,SRM: Created,EBAN,SRM_STATUS
U,0000002725,SRM: Complete,EBAN,SRM_STATUS
U,0000002726,SRM: Awaiting Approval,EBAN,SRM_STATUS
U,0000002727,SRM: Document Completed,EBAN,SRM_STATUS
U,0000002728,SRM: In Transfer to Execution Syst.,EBAN,SRM_STATUS
U,0000002729,SRM: Ordered,EBAN,SRM_STATUS
U,0000002730,SRM: Change was Transmitted,EBAN,SRM_STATUS
I,0000002731,00003,EKPO,EBELP
U,0000002732,SRM: Created,EBAN,SRM_STATUS
U,0000002733,SRM: Complete,EBAN,SRM_STATUS
U,0000002734,SRM: Awaiting Approval,EBAN,SRM_STATUS
U,0000002735,SRM: Document Completed,EBAN,SRM_STATUS
U,0000002736,SRM: In Transfer to Execution Syst.,EBAN,SRM_STATUS
U,0000002737,SRM: Ordered,EBAN,SRM_STATUS
U,0000002738,SRM: Change was Transmitted,EBAN,SRM_STATUS
I,0000002739,00001,EKPO,EBELP
U,0000002740,SRM: Created,EBAN,SRM_STATUS
U,0000002741,SRM: Complete,EBAN,SRM_STATUS
U,0000002742,SRM: Awaiting Approval,EBAN,SRM_STATUS
U,0000002743,SRM: Document Completed,EBAN,SRM_STATUS
U,0000002744,SRM: In Transfer to Execution Syst.,EBAN,SRM_STATUS
U,0000002745,SRM: Ordered,EBAN,SRM_STATUS
I,0000002746,00001,EKPO,EBELP
U,0000002747,SRM: Change was Transmitted,EBAN,SRM_STATUS
U,0000002748,SRM: In Transfer to Execution Syst.,EBAN,SRM_STATUS
U,0000002749,SRM: Created,EBAN,SRM_STATUS
U,0000002750,SRM: Complete,EBAN,SRM_STATUS
U,0000002751,SRM: Awaiting Approval,EBAN,SRM_STATUS
U,0000002752,SRM: Document Completed,EBAN,SRM_STATUS
U,0000002753,SRM: In Transfer to Execution Syst.,EBAN,SRM_STATUS
U,0000002754,SRM: Ordered,EBAN,SRM_STATUS
U,0000002755,SRM: Change was Transmitted,EBAN,SRM_STATUS
I,0000002756,00001,EKPO,EBELP
U,0000002757,Vendor creates debit memo,EKPO,UNMAPPED_ACTIVITY
U,0000002758,Cancel Invoice Receipt,EKPO,UNMAPPED_ACTIVITY
U,0000002759,SRM: Created,EBAN,SRM_STATUS
U,0000002760,SRM: Complete,EBAN,SRM_STATUS
U,0000002761,SRM: Awaiting Approval,EBAN,SRM_STATUS
U,0000002762,SRM: Document Completed,EBAN,SRM_STATUS
U,0000002763,SRM: In Transfer to Execution Syst.,EBAN,SRM_STATUS
U,0000002764,SRM: Ordered,EBAN,SRM_STATUS
U,0000002765,SRM: Change was Transmitted,EBAN,SRM_STATUS
I,0000002766,00002,EKPO,EBELP
U,0000002767,Vendor creates debit memo,EKPO,UNMAPPED_ACTIVITY
U,0000002768,Cancel Invoice Receipt,EKPO,UNMAPPED_ACTIVITY
U,0000002769,SRM: Created,EBAN,SRM_STATUS
U,0000002770,SRM: Complete,EBAN,SRM_STATUS
U,0000002771,SRM: Awaiting Approval,EBAN,SRM_STATUS
U,0000002772,SRM: Document Completed,EBAN,SRM_STATUS
U,0000002773,SRM: In Transfer to Execution Syst.,EBAN,SRM_STATUS
U,0000002774,SRM: Ordered,EBAN,SRM_STATUS
U,0000002775,SRM: Change was Transmitted,EBAN,SRM_STATUS
I,0000002776,00001,EKPO,EBELP
U,0000002777,SRM: Created,EBAN,SRM_STATUS
U,0000002778,SRM: Complete,EBAN,SRM_STATUS
U,0000002779,SRM: Awaiting Approval,EBAN,SRM_STATUS
U,0000002780,SRM: Document Completed,EBAN,SRM_STATUS
U,0000002781,SRM: In Transfer to Execution Syst.,EBAN,SRM_STATUS
U,0000002782,SRM: Ordered,EBAN,SRM_STATUS
U,0000002783,SRM: Change was Transmitted,EBAN,SRM_STATUS
I,0000002784,00002,EKPO,EBELP
U,0000002785,SRM: Created,EBAN,SRM_STATUS
U,0000002786,SRM: Complete,EBAN,SRM_STATUS
U,0000002787,SRM: Awaiting Approval,EBAN,SRM_STATUS
U,0000002788,SRM: Document Completed,EBAN,SRM_STATUS
U,0000002789,SRM: In Transfer to Execution Syst.,EBAN,SRM_STATUS
U,0000002790,SRM: Ordered,EBAN,SRM_STATUS
U,0000002791,SRM: Change was Transmitted,EBAN,SRM_STATUS
I,0000002792,00003,EKPO,EBELP
U,0000002793,SRM: Created,EBAN,SRM_STATUS
U,0000002794,SRM: Complete,EBAN,SRM_STATUS
U,0000002795,SRM: Awaiting Approval,EBAN,SRM_STATUS
U,0000002796,SRM: Document Completed,EBAN,SRM_STATUS
U,0000002797,SRM: In Transfer to Execution Syst.,EBAN,SRM_STATUS
U,0000002798,SRM: Ordered,EBAN,SRM_STATUS
U,0000002799,SRM: Change was Transmitted,EBAN,SRM_STATUS
I,0000002800,00004,EKPO,EBELP
U,0000002801,SRM: Created,EBAN,SRM_STATUS
U,0000002802,SRM: Complete,EBAN,SRM_STATUS
U,0000002803,SRM: Awaiting Approval,EBAN,SRM_STATUS
U,0000002804,SRM: Document Completed,EBAN,SRM_STATUS
U,0000002805,SRM: In Transfer to Execution Syst.,EBAN,SRM_STATUS
U,0000002806,SRM: Ordered,EBAN,SRM_STATUS
U,0000002807,SRM: Change was Transmitted,EBAN,SRM_STATUS
I,0000002808,00001,EKPO,EBELP
U,0000002809,SRM: Created,EBAN,SRM_STATUS
U,0000002810,SRM: Complete,EBAN,SRM_STATUS
U,0000002811,SRM: Awaiting Approval,EBAN,SRM_STATUS
U,0000002812,SRM: Document Completed,EBAN,SRM_STATUS
U,0000002813,SRM: In Transfer to Execution Syst.,EBAN,SRM_STATUS
U,0000002814,SRM: Ordered,EBAN,SRM_STATUS
U,0000002815,SRM: Deleted,EBAN,SRM_STATUS
U,0000002816,Delete Purchase Order Item,EKPO,UNMAPPED_ACTIVITY
U,0000002817,SRM: Created,EBAN,SRM_STATUS
U,0000002818,SRM: Complete,EBAN,SRM_STATUS
U,0000002819,SRM: Awaiting Approval,EBAN,SRM_STATUS
U,0000002820,SRM: Document Completed,EBAN,SRM_STATUS
U,0000002821,SRM: In Transfer to Execution Syst.,EBAN,SRM_STATUS
U,0000002822,SRM: Ordered,EBAN,SRM_STATUS
U,0000002823,SRM: Change was Transmitted,EBAN,SRM_STATUS
I,0000002824,00002,EKPO,EBELP
U,0000002825,SRM: Created,EBAN,SRM_STATUS
U,0000002826,SRM: Complete,EBAN,SRM_STATUS
U,0000002827,SRM: Awaiting Approval,EBAN,SRM_STATUS
U,0000002828,SRM: Document Completed,EBAN,SRM_STATUS
U,0000002829,SRM: In Transfer to Execution Syst.,EBAN,SRM_STATUS
U,0000002830,SRM: Ordered,EBAN,SRM_STATUS
U,0000002831,SRM: Deleted,EBAN,SRM_STATUS
U,0000002832,Delete Purchase Order Item,EKPO,UNMAPPED_ACTIVITY
U,0000002833,SRM: Created,EBAN,SRM_STATUS
U,0000002834,SRM: Complete,EBAN,SRM_STATUS
U,0000002835,SRM: Awaiting Approval,EBAN,SRM_STATUS
U,0000002836,SRM: Document Completed,EBAN,SRM_STATUS
U,0000002837,SRM: In Transfer to Execution Syst.,EBAN,SRM_STATUS
U,0000002838,SRM: Ordered,EBAN,SRM_STATUS
U,0000002839,SRM: Change was Transmitted,EBAN,SRM_STATUS
I,0000002840,00003,EKPO,EBELP
U,0000002841,SRM: Created,EBAN,SRM_STATUS
U,0000002842,SRM: Complete,EBAN,SRM_STATUS
U,0000002843,SRM: Awaiting Approval,EBAN,SRM_STATUS
U,0000002844,SRM: Document Completed,EBAN,SRM_STATUS
U,0000002845,SRM: In Transfer to Execution Syst.,EBAN,SRM_STATUS
U,0000002846,SRM: Ordered,EBAN,SRM_STATUS
U,0000002847,SRM: Deleted,EBAN,SRM_STATUS
U,0000002848,Change Final Invoice Indicator,EKPO,UNMAPPED_ACTIVITY
U,0000002849,SRM: Created,EBAN,SRM_STATUS
U,0000002850,SRM: Complete,EBAN,SRM_STATUS
U,0000002851,SRM: Awaiting Approval,EBAN,SRM_STATUS
U,0000002852,SRM: Document Completed,EBAN,SRM_STATUS
U,0000002853,SRM: In Transfer to Execution Syst.,EBAN,SRM_STATUS
U,0000002854,SRM: Ordered,EBAN,SRM_STATUS
U,0000002855,SRM: Change was Transmitted,EBAN,SRM_STATUS
I,0000002856,00004,EKPO,EBELP
U,0000002857,SRM: Created,EBAN,SRM_STATUS
U,0000002858,SRM: Complete,EBAN,SRM_STATUS
U,0000002859,SRM: Awaiting Approval,EBAN,SRM_STATUS
U,0000002860,SRM: Document Completed,EBAN,SRM_STATUS
U,0000002861,SRM: In Transfer to Execution Syst.,EBAN,SRM_STATUS
U,0000002862,SRM: Ordered,EBAN,SRM_STATUS
U,0000002863,SRM: Deleted,EBAN,SRM_STATUS
U,0000002864,Change Final Invoice Indicator,EKPO,UNMAPPED_ACTIVITY
U,0000002865,SRM: Created,EBAN,SRM_STATUS
U,0000002866,SRM: Complete,EBAN,SRM_STATUS
U,0000002867,SRM: Awaiting Approval,EBAN,SRM_STATUS
U,0000002868,SRM: Document Completed,EBAN,SRM_STATUS
U,0000002869,SRM: In Transfer to Execution Syst.,EBAN,SRM_STATUS
U,0000002870,SRM: Ordered,EBAN,SRM_STATUS
U,0000002871,SRM: Change was Transmitted,EBAN,SRM_STATUS
I,0000002872,00005,EKPO,EBELP
U,0000002873,SRM: Created,EBAN,SRM_STATUS
U,0000002874,SRM: Complete,EBAN,SRM_STATUS
U,0000002875,SRM: Awaiting Approval,EBAN,SRM_STATUS
U,0000002876,SRM: Document Completed,EBAN,SRM_STATUS
U,0000002877,SRM: In Transfer to Execution Syst.,EBAN,SRM_STATUS
U,0000002878,SRM: Ordered,EBAN,SRM_STATUS
U,0000002879,SRM: Deleted,EBAN,SRM_STATUS
U,0000002880,Change Final Invoice Indicator,EKPO,UNMAPPED_ACTIVITY
U,0000002881,SRM: Created,EBAN,SRM_STATUS
U,0000002882,SRM: Complete,EBAN,SRM_STATUS
U,0000002883,SRM: Awaiting Approval,EBAN,SRM_STATUS
U,0000002884,SRM: Document Completed,EBAN,SRM_STATUS
U,0000002885,SRM: In Transfer to Execution Syst.,EBAN,SRM_STATUS
U,0000002886,SRM: Ordered,EBAN,SRM_STATUS
U,0000002887,SRM: Change was Transmitted,EBAN,SRM_STATUS
I,0000002888,00006,EKPO,EBELP
U,0000002889,SRM: Created,EBAN,SRM_STATUS
U,0000002890,SRM: Complete,EBAN,SRM_STATUS
U,0000002891,SRM: Awaiting Approval,EBAN,SRM_STATUS
U,0000002892,SRM: Document Completed,EBAN,SRM_STATUS
U,0000002893,SRM: In Transfer to Execution Syst.,EBAN,SRM_STATUS
U,0000002894,SRM: Ordered,EBAN,SRM_STATUS
U,0000002895,SRM: Deleted,EBAN,SRM_STATUS
U,0000002896,Change Final Invoice Indicator,EKPO,UNMAPPED_ACTIVITY
U,0000002897,SRM: Created,EBAN,SRM_STATUS
U,0000002898,SRM: Complete,EBAN,SRM_STATUS
U,0000002899,SRM: Awaiting Approval,EBAN,SRM_STATUS
U,0000002900,SRM: Document Completed,EBAN,SRM_STATUS
U,0000002901,SRM: In Transfer to Execution Syst.,EBAN,SRM_STATUS
U,0000002902,SRM: Ordered,EBAN,SRM_STATUS
U,0000002903,SRM: Change was Transmitted,EBAN,SRM_STATUS
I,0000002904,00001,EKPO,EBELP
U,0000002905,SRM: Created,EBAN,SRM_STATUS
U,0000002906,SRM: Complete,EBAN,SRM_STATUS
U,0000002907,SRM: Awaiting Approval,EBAN,SRM_STATUS
U,0000002908,SRM: Document Completed,EBAN,SRM_STATUS
U,0000002909,SRM: In Transfer to Execution Syst.,EBAN,SRM_STATUS
U,0000002910,SRM: Ordered,EBAN,SRM_STATUS
U,0000002911,SRM: Change was Transmitted,EBAN,SRM_STATUS
I,0000002912,00002,EKPO,EBELP
U,0000002913,SRM: Created,EBAN,SRM_STATUS
U,0000002914,SRM: Complete,EBAN,SRM_STATUS
U,0000002915,SRM: Awaiting Approval,EBAN,SRM_STATUS
U,0000002916,SRM: Document Completed,EBAN,SRM_STATUS
U,0000002917,SRM: In Transfer to Execution Syst.,EBAN,SRM_STATUS
U,0000002918,SRM: Ordered,EBAN,SRM_STATUS
U,0000002919,SRM: Change was Transmitted,EBAN,SRM_STATUS
I,0000002920,00001,EKPO,EBELP
U,0000002921,SRM: Created,EBAN,SRM_STATUS
U,0000002922,SRM: Incomplete,EBAN,SRM_STATUS
U,0000002923,SRM: Held,EBAN,SRM_STATUS
U,0000002924,SRM: Complete,EBAN,SRM_STATUS
U,0000002925,SRM: Awaiting Approval,EBAN,SRM_STATUS
U,0000002926,SRM: Document Completed,EBAN,SRM_STATUS
U,0000002927,SRM: Ordered,EBAN,SRM_STATUS
U,0000002928,SRM: In Transfer to Execution Syst.,EBAN,SRM_STATUS
I,0000002929,00001,EKPO,EBELP
U,0000002930,SRM: Change was Transmitted,EBAN,SRM_STATUS
U,0000002931,SRM: Created,EBAN,SRM_STATUS
U,0000002932,SRM: Incomplete,EBAN,SRM_STATUS
U,0000002933,SRM: Held,EBAN,SRM_STATUS
U,0000002934,SRM: Complete,EBAN,SRM_STATUS
U,0000002935,SRM: Awaiting Approval,EBAN,SRM_STATUS
U,0000002936,SRM: Document Completed,EBAN,SRM_STATUS
U,0000002937,SRM: Ordered,EBAN,SRM_STATUS
U,0000002938,SRM: In Transfer to Execution Syst.,EBAN,SRM_STATUS
I,0000002939,00002,EKPO,EBELP
U,0000002940,SRM: Change was Transmitted,EBAN,SRM_STATUS
U,0000002941,SRM: Created,EBAN,SRM_STATUS
U,0000002942,SRM: Complete,EBAN,SRM_STATUS
U,0000002943,SRM: Awaiting Approval,EBAN,SRM_STATUS
U,0000002944,SRM: Document Completed,EBAN,SRM_STATUS
U,0000002945,SRM: Ordered,EBAN,SRM_STATUS
U,0000002946,SRM: In Transfer to Execution Syst.,EBAN,SRM_STATUS
U,0000002947,SRM: Change was Transmitted,EBAN,SRM_STATUS
I,0000002948,00001,EKPO,EBELP
U,0000002949,SRM: In Transfer to Execution Syst.,EBAN,SRM_STATUS
U,0000002950,SRM: In Transfer to Execution Syst.,EBAN,SRM_STATUS
U,0000002951,SRM: In Transfer to Execution Syst.,EBAN,SRM_STATUS
U,0000002952,SRM: Created,EBAN,SRM_STATUS
U,0000002953,SRM: Complete,EBAN,SRM_STATUS
U,0000002954,SRM: Awaiting Approval,EBAN,SRM_STATUS
U,0000002955,SRM: Document Completed,EBAN,SRM_STATUS
U,0000002956,SRM: Ordered,EBAN,SRM_STATUS
U,0000002957,SRM: In Transfer to Execution Syst.,EBAN,SRM_STATUS
U,0000002958,SRM: Change was Transmitted,EBAN,SRM_STATUS
I,0000002959,00002,EKPO,EBELP
U,0000002960,SRM: In Transfer to Execution Syst.,EBAN,SRM_STATUS
U,0000002961,SRM: In Transfer to Execution Syst.,EBAN,SRM_STATUS
U,0000002962,SRM: In Transfer to Execution Syst.,EBAN,SRM_STATUS
U,0000002963,SRM: Created,EBAN,SRM_STATUS
U,0000002964,SRM: Complete,EBAN,SRM_STATUS
U,0000002965,SRM: Awaiting Approval,EBAN,SRM_STATUS
U,0000002966,SRM: Document Completed,EBAN,SRM_STATUS
U,0000002967,SRM: Ordered,EBAN,SRM_STATUS
U,0000002968,SRM: In Transfer to Execution Syst.,EBAN,SRM_STATUS
U,0000002969,SRM: Change was Transmitted,EBAN,SRM_STATUS
U,0000002970,SRM: In Transfer to Execution Syst.,EBAN,SRM_STATUS
U,0000002971,SRM: In Transfer to Execution Syst.,EBAN,SRM_STATUS
I,0000002972,00003,EKPO,EBELP
U,0000002973,SRM: Created,EBAN,SRM_STATUS
U,0000002974,SRM: Complete,EBAN,SRM_STATUS
U,0000002975,SRM: Awaiting Approval,EBAN,SRM_STATUS
U,0000002976,SRM: Document Completed,EBAN,SRM_STATUS
U,0000002977,SRM: Ordered,EBAN,SRM_STATUS
U,0000002978,SRM: In Transfer to Execution Syst.,EBAN,SRM_STATUS
U,0000002979,SRM: Deleted,EBAN,SRM_STATUS
U,0000002980,Change Quantity,EKPO,UNMAPPED_ACTIVITY
U,0000002981,SRM: Created,EBAN,SRM_STATUS
U,0000002982,SRM: Complete,EBAN,SRM_STATUS
U,0000002983,SRM: Awaiting Approval,EBAN,SRM_STATUS
U,0000002984,SRM: Document Completed,EBAN,SRM_STATUS
U,0000002985,SRM: Ordered,EBAN,SRM_STATUS
U,0000002986,SRM: In Transfer to Execution Syst.,EBAN,SRM_STATUS
I,0000002987,00001,EKPO,EBELP
U,0000002988,SRM: Change was Transmitted,EBAN,SRM_STATUS
U,0000002989,SRM: Created,EBAN,SRM_STATUS
U,0000002990,SRM: Complete,EBAN,SRM_STATUS
U,0000002991,SRM: Awaiting Approval,EBAN,SRM_STATUS
U,0000002992,SRM: Document Completed,EBAN,SRM_STATUS
U,0000002993,SRM: Ordered,EBAN,SRM_STATUS
U,0000002994,SRM: In Transfer to Execution Syst.,EBAN,SRM_STATUS
I,0000002995,00001,EKPO,EBELP
U,0000002996,SRM: Change was Transmitted,EBAN,SRM_STATUS
U,0000002997,SRM: Created,EBAN,SRM_STATUS
U,0000002998,SRM: Complete,EBAN,SRM_STATUS
U,0000002999,SRM: Awaiting Approval,EBAN,SRM_STATUS
U,0000003000,SRM: Document Completed,EBAN,SRM_STATUS
U,0000003001,SRM: Ordered,EBAN,SRM_STATUS
U,0000003002,SRM: In Transfer to Execution Syst.,EBAN,SRM_STATUS
I,0000003003,00002,EKPO,EBELP
U,0000003004,SRM: Change was Transmitted,EBAN,SRM_STATUS
U,0000003005,SRM: Created,EBAN,SRM_STATUS
U,0000003006,SRM: Complete,EBAN,SRM_STATUS
U,0000003007,SRM: Awaiting Approval,EBAN,SRM_STATUS
U,0000003008,SRM: Document Completed,EBAN,SRM_STATUS
U,0000003009,SRM: Ordered,EBAN,SRM_STATUS
U,0000003010,SRM: In Transfer to Execution Syst.,EBAN,SRM_STATUS
I,0000003011,00003,EKPO,EBELP
U,0000003012,SRM: Change was Transmitted,EBAN,SRM_STATUS
U,0000003013,SRM: Created,EBAN,SRM_STATUS
U,0000003014,SRM: Complete,EBAN,SRM_STATUS
U,0000003015,SRM: Awaiting Approval,EBAN,SRM_STATUS
U,0000003016,SRM: Document Completed,EBAN,SRM_STATUS
U,0000003017,SRM: Ordered,EBAN,SRM_STATUS
U,0000003018,SRM: In Transfer to Execution Syst.,EBAN,SRM_STATUS
I,0000003019,00001,EKPO,EBELP
U,0000003020,SRM: Change was Transmitted,EBAN,SRM_STATUS
U,0000003021,SRM: Created,EBAN,SRM_STATUS
U,0000003022,SRM: Complete,EBAN,SRM_STATUS
U,0000003023,SRM: Awaiting Approval,EBAN,SRM_STATUS
U,0000003024,SRM: Document Completed,EBAN,SRM_STATUS
U,0000003025,SRM: In Transfer to Execution Syst.,EBAN,SRM_STATUS
U,0000003026,SRM: Ordered,EBAN,SRM_STATUS
I,0000003027,00001,EKPO,EBELP
U,0000003028,SRM: Change was Transmitted,EBAN,SRM_STATUS
U,0000003029,SRM: Created,EBAN,SRM_STATUS
U,0000003030,SRM: Complete,EBAN,SRM_STATUS
U,0000003031,SRM: Awaiting Approval,EBAN,SRM_STATUS
U,0000003032,SRM: Document Completed,EBAN,SRM_STATUS
U,0000003033,SRM: In Transfer to Execution Syst.,EBAN,SRM_STATUS
U,0000003034,SRM: Ordered,EBAN,SRM_STATUS
U,0000003035,SRM: Change was Transmitted,EBAN,SRM_STATUS
I,0000003036,00001,EKPO,EBELP
U,0000003037,SRM: Transaction Completed,EBAN,SRM_STATUS
U,0000003038,SRM: Created,EBAN,SRM_STATUS
U,0000003039,SRM: Complete,EBAN,SRM_STATUS
U,0000003040,SRM: Awaiting Approval,EBAN,SRM_STATUS
U,0000003041,SRM: Document Completed,EBAN,SRM_STATUS
U,0000003042,SRM: In Transfer to Execution Syst.,EBAN,SRM_STATUS
U,0000003043,SRM: Ordered,EBAN,SRM_STATUS
U,0000003044,SRM: Change was Transmitted,EBAN,SRM_STATUS
I,0000003045,00001,EKPO,EBELP
U,0000003046,Vendor creates debit memo,EKPO,UNMAPPED_ACTIVITY
U,0000003047,Cancel Invoice Receipt,EKPO,UNMAPPED_ACTIVITY
U,0000003048,SRM: Created,EBAN,SRM_STATUS
U,0000003049,SRM: Complete,EBAN,SRM_STATUS
U,0000003050,SRM: Awaiting Approval,EBAN,SRM_STATUS
U,0000003051,SRM: Document Completed,EBAN,SRM_STATUS
U,0000003052,SRM: In Transfer to Execution Syst.,EBAN,SRM_STATUS
U,0000003053,SRM: Ordered,EBAN,SRM_STATUS
U,0000003054,SRM: Change was Transmitted,EBAN,SRM_STATUS
I,0000003055,00001,EKPO,EBELP
U,0000003056,Vendor creates debit memo,EKPO,UNMAPPED_ACTIVITY
U,0000003057,Cancel Invoice Receipt,EKPO,UNMAPPED_ACTIVITY
U,0000003058,SRM: Created,EBAN,SRM_STATUS
U,0000003059,SRM: Complete,EBAN,SRM_STATUS
U,0000003060,SRM: Awaiting Approval,EBAN,SRM_STATUS
U,0000003061,SRM: Document Completed,EBAN,SRM_STATUS
U,0000003062,SRM: Ordered,EBAN,SRM_STATUS
U,0000003063,SRM: Change was Transmitted,EBAN,SRM_STATUS
U,0000003064,SRM: In Transfer to Execution Syst.,EBAN,SRM_STATUS
I,0000003065,00001,EKPO,EBELP
U,0000003066,SRM: Created,EBAN,SRM_STATUS
U,0000003067,SRM: Complete,EBAN,SRM_STATUS
U,0000003068,SRM: Awaiting Approval,EBAN,SRM_STATUS
U,0000003069,SRM: Document Completed,EBAN,SRM_STATUS
U,0000003070,SRM: Ordered,EBAN,SRM_STATUS
U,0000003071,SRM: In Transfer to Execution Syst.,EBAN,SRM_STATUS
U,0000003072,SRM: Deleted,EBAN,SRM_STATUS
U,0000003073,SRM: Created,EBAN,SRM_STATUS
U,0000003074,SRM: Complete,EBAN,SRM_STATUS
U,0000003075,SRM: Awaiting Approval,EBAN,SRM_STATUS
U,0000003076,SRM: Document Completed,EBAN,SRM_STATUS
U,0000003077,SRM: Ordered,EBAN,SRM_STATUS
U,0000003078,SRM: In Transfer to Execution Syst.,EBAN,SRM_STATUS
U,0000003079,SRM: Deleted,EBAN,SRM_STATUS
U,0000003080,SRM: Created,EBAN,SRM_STATUS
U,0000003081,SRM: Incomplete,EBAN,SRM_STATUS
U,0000003082,SRM: Held,EBAN,SRM_STATUS
U,0000003083,SRM: Complete,EBAN,SRM_STATUS
U,0000003084,SRM: Awaiting Approval,EBAN,SRM_STATUS
U,0000003085,SRM: Document Completed,EBAN,SRM_STATUS
U,0000003086,SRM: Ordered,EBAN,SRM_STATUS
U,0000003087,SRM: In Transfer to Execution Syst.,EBAN,SRM_STATUS
U,0000003088,SRM: Change was Transmitted,EBAN,SRM_STATUS
I,0000003089,00001,EKPO,EBELP
U,0000003090,SRM: Created,EBAN,SRM_STATUS
U,0000003091,SRM: Complete,EBAN,SRM_STATUS
U,0000003092,SRM: Awaiting Approval,EBAN,SRM_STATUS
U,0000003093,SRM: Document Completed,EBAN,SRM_STATUS
U,0000003094,SRM: Ordered,EBAN,SRM_STATUS
U,0000003095,SRM: In Transfer to Execution Syst.,EBAN,SRM_STATUS
I,0000003096,00001,EKPO,EBELP
U,0000003097,SRM: Change was Transmitted,EBAN,SRM_STATUS
U,0000003098,SRM: In Transfer to Execution Syst.,EBAN,SRM_STATUS
U,0000003099,SRM: Transfer Failed (E.Sys.),EBAN,SRM_STATUS
U,0000003100,SRM: Created,EBAN,SRM_STATUS
U,0000003101,SRM: Complete,EBAN,SRM_STATUS
U,0000003102,SRM: Awaiting Approval,EBAN,SRM_STATUS
U,0000003103,SRM: Document Completed,EBAN,SRM_STATUS
U,0000003104,SRM: Ordered,EBAN,SRM_STATUS
U,0000003105,SRM: Change was Transmitted,EBAN,SRM_STATUS
U,0000003106,SRM: In Transfer to Execution Syst.,EBAN,SRM_STATUS
I,0000003107,00001,EKPO,EBELP
U,0000003108,SRM: Created,EBAN,SRM_STATUS
U,0000003109,SRM: Complete,EBAN,SRM_STATUS
U,0000003110,SRM: Awaiting Approval,EBAN,SRM_STATUS
U,0000003111,SRM: Document Completed,EBAN,SRM_STATUS
U,0000003112,SRM: Ordered,EBAN,SRM_STATUS
U,0000003113,SRM: Change was Transmitted,EBAN,SRM_STATUS
U,0000003114,SRM: In Transfer to Execution Syst.,EBAN,SRM_STATUS
I,0000003115,00001,EKPO,EBELP
U,0000003116,SRM: Created,EBAN,SRM_STATUS
U,0000003117,SRM: Complete,EBAN,SRM_STATUS
U,0000003118,SRM: Awaiting Approval,EBAN,SRM_STATUS
U,0000003119,SRM: Document Completed,EBAN,SRM_STATUS
U,0000003120,SRM: In Transfer to Execution Syst.,EBAN,SRM_STATUS
U,0000003121,SRM: Ordered,EBAN,SRM_STATUS
U,0000003122,SRM: Change was Transmitted,EBAN,SRM_STATUS
I,0000003123,00001,EKPO,EBELP
U,0000003124,SRM: In Transfer to Execution Syst.,EBAN,SRM_STATUS
U,0000003125,SRM: Transfer Failed (E.Sys.),EBAN,SRM_STATUS
U,0000003126,SRM: Created,EBAN,SRM_STATUS
U,0000003127,SRM: Complete,EBAN,SRM_STATUS
U,0000003128,SRM: Awaiting Approval,EBAN,SRM_STATUS
U,0000003129,SRM: Document Completed,EBAN,SRM_STATUS
U,0000003130,SRM: Ordered,EBAN,SRM_STATUS
U,0000003131,SRM: Change was Transmitted,EBAN,SRM_STATUS
U,0000003132,SRM: In Transfer to Execution Syst.,EBAN,SRM_STATUS
I,0000003133,00001,EKPO,EBELP
U,0000003134,SRM: Created,EBAN,SRM_STATUS
U,0000003135,SRM: Complete,EBAN,SRM_STATUS
U,0000003136,SRM: Awaiting Approval,EBAN,SRM_STATUS
U,0000003137,SRM: Document Completed,EBAN,SRM_STATUS
U,0000003138,SRM: Ordered,EBAN,SRM_STATUS
U,0000003139,SRM: In Transfer to Execution Syst.,EBAN,SRM_STATUS
U,0000003140,SRM: Change was Transmitted,EBAN,SRM_STATUS
I,0000003141,00001,EKPO,EBELP
U,0000003142,Vendor creates debit memo,EKPO,UNMAPPED_ACTIVITY
U,0000003143,Cancel Invoice Receipt,EKPO,UNMAPPED_ACTIVITY
U,0000003144,Vendor creates debit memo,EKPO,UNMAPPED_ACTIVITY
U,0000003145,Cancel Invoice Receipt,EKPO,UNMAPPED_ACTIVITY
U,0000003146,SRM: In Transfer to Execution Syst.,EBAN,SRM_STATUS
U,0000003147,SRM: Created,EBAN,SRM_STATUS
U,0000003148,SRM: Complete,EBAN,SRM_STATUS
U,0000003149,SRM: Awaiting Approval,EBAN,SRM_STATUS
U,0000003150,SRM: Document Completed,EBAN,SRM_STATUS
U,0000003151,SRM: In Transfer to Execution Syst.,EBAN,SRM_STATUS
U,0000003152,SRM: Ordered,EBAN,SRM_STATUS
U,0000003153,SRM: Change was Transmitted,EBAN,SRM_STATUS
I,0000003154,00001,EKPO,EBELP
U,0000003155,SRM: Created,EBAN,SRM_STATUS
U,0000003156,SRM: Complete,EBAN,SRM_STATUS
U,0000003157,SRM: Awaiting Approval,EBAN,SRM_STATUS
U,0000003158,SRM: Document Completed,EBAN,SRM_STATUS
U,0000003159,SRM: In Transfer to Execution Syst.,EBAN,SRM_STATUS
I,0000003160,00001,EKPO,EBELP
U,0000003161,SRM: Ordered,EBAN,SRM_STATUS
U,0000003162,SRM: Change was Transmitted,EBAN,SRM_STATUS
U,0000003163,SRM: Created,EBAN,SRM_STATUS
U,0000003164,SRM: Complete,EBAN,SRM_STATUS
U,0000003165,SRM: Awaiting Approval,EBAN,SRM_STATUS
U,0000003166,SRM: Document Completed,EBAN,SRM_STATUS
U,0000003167,SRM: In Transfer to Execution Syst.,EBAN,SRM_STATUS
U,0000003168,SRM: Ordered,EBAN,SRM_STATUS
U,0000003169,SRM: Change was Transmitted,EBAN,SRM_STATUS
I,0000003170,00001,EKPO,EBELP
U,0000003171,SRM: Created,EBAN,SRM_STATUS
U,0000003172,SRM: Complete,EBAN,SRM_STATUS
U,0000003173,SRM: Awaiting Approval,EBAN,SRM_STATUS
U,0000003174,SRM: Document Completed,EBAN,SRM_STATUS
U,0000003175,SRM: In Transfer to Execution Syst.,EBAN,SRM_STATUS
U,0000003176,SRM: Ordered,EBAN,SRM_STATUS
I,0000003177,00001,EKPO,EBELP
U,0000003178,SRM: Change was Transmitted,EBAN,SRM_STATUS
U,0000003179,SRM: Created,EBAN,SRM_STATUS
U,0000003180,SRM: Complete,EBAN,SRM_STATUS
U,0000003181,SRM: Awaiting Approval,EBAN,SRM_STATUS
U,0000003182,SRM: Document Completed,EBAN,SRM_STATUS
U,0000003183,SRM: In Transfer to Execution Syst.,EBAN,SRM_STATUS
U,0000003184,SRM: Ordered,EBAN,SRM_STATUS
I,0000003185,00002,EKPO,EBELP
U,0000003186,SRM: Change was Transmitted,EBAN,SRM_STATUS
