BELNR,CPUTM,EBELP,GJAHR,VGABE,BUDAT,CPUDT,EBELN
4900000001,064400,00001,2018,1,20180306,20180306,2000000000
5100000001,075300,00001,2018,2,20180306,20180306,2000000000
4900000002,120900,00001,2018,1,20180116,20180116,2000000001
,120900,00001,2018,1,20180116,20180116,2000000001
5100000002,144400,00001,2018,2,20180116,20180116,2000000001
4900000003,145300,00001,2018,1,20180206,20180206,2000000002
,145300,00001,2018,1,20180206,20180206,2000000002
4900000004,102000,00001,2018,1,20180816,20180816,2000000002
,102000,00001,2018,1,20180816,20180816,2000000002
5100000003,104100,00001,2018,2,20180816,20180816,2000000002
4900000005,131400,00001,2018,1,20180112,20180112,2000000003
5100000004,155800,00001,2018,2,20180212,20180212,2000000003
4900000006,131400,00002,2018,1,20180112,20180112,2000000003
5100000005,155800,00002,2018,2,20180212,20180212,2000000003
4900000007,131400,00003,2018,1,20180112,20180112,2000000003
5100000006,155800,00003,2018,2,20180212,20180212,2000000003
4900000008,131300,00001,2018,1,20180112,20180112,2000000004
5100000007,153000,00001,2018,2,20180305,20180305,2000000004
4900000009,080900,00001,2018,1,20180119,20180119,2000000005
5100000008,042600,00001,2018,2,20180403,20180403,2000000005
5100000008,071700,00001,2018,2,20180802,20180802,2000000005
4900000010,090400,00001,2018,1,20180109,20180109,2000000006
,090400,00001,2018,1,20180109,20180109,2000000006
5100000009,115900,00001,2018,2,20180109,20180109,2000000006
5100000010,081100,00001,2018,2,20180117,20180117,2000000007
4900000011,125300,00001,2018,1,20180221,20180221,2000000007
4900000012,115300,00001,2018,1,20180115,20180115,2000000008
,115300,00001,2018,1,20180115,20180115,2000000008
5100000011,144900,00001,2018,2,20180117,20180117,2000000008
,072700,00001,2018,1,20180308,20180308,2000000009
4900000013,072700,00001,2018,1,20180308,20180308,2000000009
5100000012,154700,00001,2018,2,20180309,20180309,2000000009
4900000014,151100,00001,2018,1,20180110,20180110,2000000010
,151100,00001,2018,1,20180110,20180110,2000000010
5100000013,094900,00001,2018,2,20180116,20180116,2000000010
4900000015,082800,00001,2018,1,20180928,20180928,2000000010
,082800,00001,2018,1,20180928,20180928,2000000010
5100000014,110600,00001,2018,2,20180928,20180928,2000000010
4900000016,163800,00001,2018,1,20181218,20181218,2000000010
,163800,00001,2018,1,20181218,20181218,2000000010
4900000017,101000,00001,2018,1,20180111,20180111,2000000011
,101000,00001,2018,1,20180111,20180111,2000000011
5100000015,144500,00001,2018,2,20180411,20180411,2000000011
4900000018,084100,00001,2018,1,20180226,20180226,2000000012
5100000016,151200,00001,2018,2,20180305,20180305,2000000012
4900000019,132700,00001,2018,1,20180116,20180116,2000000013
,132700,00001,2018,1,20180116,20180116,2000000013
5100000017,161500,00001,2018,2,20180124,20180124,2000000013
4900000020,154700,00001,2018,1,20180216,20180216,2000000014
,154700,00001,2018,1,20180216,20180216,2000000014
5100000018,132000,00001,2018,2,20180219,20180219,2000000014
4900000021,140800,00001,2018,1,20180410,20180410,2000000014
,140800,00001,2018,1,20180410,20180410,2000000014
5100000019,142200,00001,2018,2,20180410,20180410,2000000014
4900000022,102900,00001,2018,1,20180724,20180724,2000000014
,102900,00001,2018,1,20180724,20180724,2000000014
5100000020,130000,00001,2018,2,20180725,20180725,2000000014
4900000023,124400,00001,2018,1,20180914,20180914,2000000014
,124400,00001,2018,1,20180914,20180914,2000000014
5100000021,092500,00001,2018,2,20180917,20180917,2000000014
4900000024,122300,00001,2018,1,20181128,20181128,2000000014
,122300,00001,2018,1,20181128,20181128,2000000014
5100000022,124100,00001,2018,2,20181129,20181129,2000000014
4900000025,001600,00001,2018,1,20180125,20180125,2000000015
,001600,00001,2018,1,20180125,20180125,2000000015
4900000026,104600,00001,2018,1,20180205,20180205,2000000015
,104600,00001,2018,1,20180205,20180205,2000000015
5100000024,154600,00001,2018,2,20180206,20180206,2000000015
5100000025,160300,00001,2018,2,20180313,20180313,2000000015
5100000025,062600,00001,2018,2,20180323,20180323,2000000015
4900000027,073200,00001,2018,1,20180326,20180326,2000000015
,073200,00001,2018,1,20180326,20180326,2000000015
4900000028,073400,00001,2018,1,20180326,20180326,2000000015
,073400,00001,2018,1,20180326,20180326,2000000015
4900000029,073600,00001,2018,1,20180326,20180326,2000000015
,073600,00001,2018,1,20180326,20180326,2000000015
4900000030,073900,00001,2018,1,20180326,20180326,2000000015
,073900,00001,2018,1,20180326,20180326,2000000015
5100000025,080100,00001,2018,2,20180326,20180326,2000000015
5100000025,140500,00001,2018,2,20180326,20180326,2000000015
5100000025,140600,00001,2018,2,20180326,20180326,2000000015
5100000025,152800,00001,2018,2,20180326,20180326,2000000015
4900000031,162600,00001,2018,1,20180429,20180429,2000000015
,162600,00001,2018,1,20180429,20180429,2000000015
4900000032,162800,00001,2018,1,20180429,20180429,2000000015
,162800,00001,2018,1,20180429,20180429,2000000015
4900000033,163000,00001,2018,1,20180429,20180429,2000000015
,163000,00001,2018,1,20180429,20180429,2000000015
5100000027,131900,00001,2018,2,20180430,20180430,2000000015
5100000028,105200,00001,2018,2,20180510,20180510,2000000015
5100000028,105300,00001,2018,2,20180510,20180510,2000000015
4900000034,074000,00001,2018,1,20180529,20180529,2000000015
,074000,00001,2018,1,20180529,20180529,2000000015
5100000028,083800,00001,2018,2,20180530,20180530,2000000015
4900000035,105100,00001,2018,1,20180725,20180725,2000000015
,105100,00001,2018,1,20180725,20180725,2000000015
4900000036,121600,00001,2018,1,20180725,20180725,2000000015
,121600,00001,2018,1,20180725,20180725,2000000015
4900000037,122300,00001,2018,1,20180725,20180725,2000000015
,122300,00001,2018,1,20180725,20180725,2000000015
5100000030,155600,00001,2018,2,20180725,20180725,2000000015
5100000030,060200,00001,2018,2,20180726,20180726,2000000015
5100000030,062300,00001,2018,2,20180726,20180726,2000000015
4900000038,123500,00001,2018,1,20180830,20180830,2000000015
,123500,00001,2018,1,20180830,20180830,2000000015
5100000033,093000,00001,2018,2,20180831,20180831,2000000015
4900000039,084300,00001,2018,1,20180928,20180928,2000000015
,084300,00001,2018,1,20180928,20180928,2000000015
4900000040,084700,00001,2018,1,20180928,20180928,2000000015
,084700,00001,2018,1,20180928,20180928,2000000015
4900000041,085100,00001,2018,1,20180928,20180928,2000000015
,085100,00001,2018,1,20180928,20180928,2000000015
4900000042,085300,00001,2018,1,20180928,20180928,2000000015
,085300,00001,2018,1,20180928,20180928,2000000015
5100000034,104800,00001,2018,2,20180928,20180928,2000000015
5100000034,105900,00001,2018,2,20180928,20180928,2000000015
5100000035,131300,00001,2018,2,20181001,20181001,2000000015
5100000035,104500,00001,2018,2,20181002,20181002,2000000015
4900000043,153700,00001,2018,1,20181114,20181114,2000000015
,153700,00001,2018,1,20181114,20181114,2000000015
5100000035,170300,00001,2018,2,20181114,20181114,2000000015
4900000044,134800,00001,2018,1,20180115,20180115,2000000016
,134800,00001,2018,1,20180115,20180115,2000000016
5100000037,094400,00001,2018,2,20180116,20180116,2000000016
4900000045,002000,00001,2018,1,20180125,20180125,2000000016
,002000,00001,2018,1,20180125,20180125,2000000016
4900000046,083900,00001,2018,1,20180129,20180129,2000000016
,083900,00001,2018,1,20180129,20180129,2000000016
4900000047,160600,00001,2018,1,20180202,20180202,2000000016
,160600,00001,2018,1,20180202,20180202,2000000016
5100000040,091600,00001,2018,2,20180205,20180205,2000000016
5100000040,163200,00001,2018,2,20180209,20180209,2000000016
5100000040,163300,00001,2018,2,20180209,20180209,2000000016
4900000048,155800,00001,2018,1,20180216,20180216,2000000016
,155800,00001,2018,1,20180216,20180216,2000000016
5100000042,131700,00001,2018,2,20180219,20180219,2000000016
4900000049,115000,00001,2018,1,20180222,20180222,2000000016
,115000,00001,2018,1,20180222,20180222,2000000016
4900000050,133900,00001,2018,1,20180228,20180228,2000000016
,133900,00001,2018,1,20180228,20180228,2000000016
5100000045,145900,00001,2018,2,20180315,20180315,2000000016
5100000045,151800,00001,2018,2,20180315,20180315,2000000016
4900000051,091300,00001,2018,1,20180327,20180327,2000000016
,091300,00001,2018,1,20180327,20180327,2000000016
4900000052,091600,00001,2018,1,20180327,20180327,2000000016
,091600,00001,2018,1,20180327,20180327,2000000016
5100000047,125300,00001,2018,2,20180327,20180327,2000000016
5100000047,125500,00001,2018,2,20180327,20180327,2000000016
4900000053,123500,00001,2018,1,20180425,20180425,2000000016
,123500,00001,2018,1,20180425,20180425,2000000016
4900000054,123900,00001,2018,1,20180425,20180425,2000000016
,123900,00001,2018,1,20180425,20180425,2000000016
4900000055,125000,00001,2018,1,20180425,20180425,2000000016
,125000,00001,2018,1,20180425,20180425,2000000016
4900000056,125900,00001,2018,1,20180425,20180425,2000000016
,125900,00001,2018,1,20180425,20180425,2000000016
4900000057,130300,00001,2018,1,20180425,20180425,2000000016
,130300,00001,2018,1,20180425,20180425,2000000016
4900000058,130500,00001,2018,1,20180425,20180425,2000000016
,130500,00001,2018,1,20180425,20180425,2000000016
5100000051,132300,00001,2018,2,20180425,20180425,2000000016
5100000051,132400,00001,2018,2,20180425,20180425,2000000016
5100000051,133900,00001,2018,2,20180425,20180425,2000000016
4900000059,143700,00001,2018,1,20180425,20180425,2000000016
,143700,00001,2018,1,20180425,20180425,2000000016
5100000055,084400,00001,2018,2,20180521,20180521,2000000016
5100000055,132400,00001,2018,2,20180521,20180521,2000000016
5100000055,141000,00001,2018,2,20180521,20180521,2000000016
5100000055,144900,00001,2018,2,20180521,20180521,2000000016
4900000060,185600,00001,2018,1,20180527,20180527,2000000016
,185600,00001,2018,1,20180527,20180527,2000000016
4900000061,190200,00001,2018,1,20180527,20180527,2000000016
,190200,00001,2018,1,20180527,20180527,2000000016
4900000062,190900,00001,2018,1,20180527,20180527,2000000016
,190900,00001,2018,1,20180527,20180527,2000000016
4900000063,191200,00001,2018,1,20180527,20180527,2000000016
,191200,00001,2018,1,20180527,20180527,2000000016
5100000056,122900,00001,2018,2,20180528,20180528,2000000016
5100000059,155700,00001,2018,2,20180620,20180620,2000000016
5100000060,143600,00001,2018,2,20180625,20180625,2000000016
5100000060,145500,00001,2018,2,20180625,20180625,2000000016
4900000064,205900,00001,2018,1,20180626,20180626,2000000016
,205900,00001,2018,1,20180626,20180626,2000000016
4900000065,210400,00001,2018,1,20180626,20180626,2000000016
,210400,00001,2018,1,20180626,20180626,2000000016
4900000066,210600,00001,2018,1,20180626,20180626,2000000016
,210600,00001,2018,1,20180626,20180626,2000000016
4900000067,210900,00001,2018,1,20180626,20180626,2000000016
,210900,00001,2018,1,20180626,20180626,2000000016
5100000060,151500,00001,2018,2,20180627,20180627,2000000016
4900000068,112100,00001,2018,1,20180628,20180628,2000000016
,112100,00001,2018,1,20180628,20180628,2000000016
5100000063,111300,00001,2018,2,20180718,20180718,2000000016
5100000063,142400,00001,2018,2,20180718,20180718,2000000016
5100000064,132000,00001,2018,2,20180723,20180723,2000000016
5100000064,140200,00001,2018,2,20180723,20180723,2000000016
4900000069,135500,00001,2018,1,20180724,20180724,2000000016
,135500,00001,2018,1,20180724,20180724,2000000016
4900000070,135600,00001,2018,1,20180724,20180724,2000000016
,135600,00001,2018,1,20180724,20180724,2000000016
4900000071,135900,00001,2018,1,20180724,20180724,2000000016
,135900,00001,2018,1,20180724,20180724,2000000016
4900000072,114600,00001,2018,1,20180727,20180727,2000000016
,114600,00001,2018,1,20180727,20180727,2000000016
5100000067,142000,00001,2018,2,20180814,20180814,2000000016
5100000067,121100,00001,2018,2,20180815,20180815,2000000016
5100000067,123300,00001,2018,2,20180815,20180815,2000000016
5100000068,125800,00001,2018,2,20180820,20180820,2000000016
4900000073,144700,00001,2018,1,20180830,20180830,2000000016
,144700,00001,2018,1,20180830,20180830,2000000016
4900000074,144900,00001,2018,1,20180830,20180830,2000000016
,144900,00001,2018,1,20180830,20180830,2000000016
4900000075,145200,00001,2018,1,20180830,20180830,2000000016
,145200,00001,2018,1,20180830,20180830,2000000016
4900000076,145700,00001,2018,1,20180830,20180830,2000000016
,145700,00001,2018,1,20180830,20180830,2000000016
4900000077,150000,00001,2018,1,20180830,20180830,2000000016
,150000,00001,2018,1,20180830,20180830,2000000016
5100000069,171200,00001,2018,2,20180830,20180830,2000000016
5100000069,104600,00001,2018,2,20180831,20180831,2000000016
5100000070,060000,00001,2018,2,20180907,20180907,2000000016
5100000070,154900,00001,2018,2,20180907,20180907,2000000016
5100000071,101500,00001,2018,2,20180910,20180910,2000000016
4900000078,055700,00001,2018,1,20180928,20180928,2000000016
,055700,00001,2018,1,20180928,20180928,2000000016
4900000079,060000,00001,2018,1,20180928,20180928,2000000016
,060000,00001,2018,1,20180928,20180928,2000000016
4900000080,060300,00001,2018,1,20180928,20180928,2000000016
,060300,00001,2018,1,20180928,20180928,2000000016
4900000081,060700,00001,2018,1,20180928,20180928,2000000016
,060700,00001,2018,1,20180928,20180928,2000000016
5100000073,110600,00001,2018,2,20180928,20180928,2000000016
5100000073,110800,00001,2018,2,20180928,20180928,2000000016
5100000073,111300,00001,2018,2,20180928,20180928,2000000016
5100000074,091300,00001,2018,2,20181003,20181003,2000000016
4900000082,153100,00001,2018,1,20181030,20181030,2000000016
,153100,00001,2018,1,20181030,20181030,2000000016
4900000083,153500,00001,2018,1,20181030,20181030,2000000016
,153500,00001,2018,1,20181030,20181030,2000000016
4900000084,153900,00001,2018,1,20181030,20181030,2000000016
,153900,00001,2018,1,20181030,20181030,2000000016
5100000078,123600,00001,2018,2,20181031,20181031,2000000016
5100000078,162500,00001,2018,2,20181031,20181031,2000000016
5100000079,115100,00001,2018,2,20181105,20181105,2000000016
5100000080,162100,00001,2018,2,20181114,20181114,2000000016
5100000084,132100,00001,2018,2,20181211,20181211,2000000016
4900000085,110400,00001,2018,1,20181217,20181217,2000000016
,110400,00001,2018,1,20181217,20181217,2000000016
4900000086,110700,00001,2018,1,20181217,20181217,2000000016
,110700,00001,2018,1,20181217,20181217,2000000016
4900000087,111000,00001,2018,1,20181217,20181217,2000000016
,111000,00001,2018,1,20181217,20181217,2000000016
4900000088,111300,00001,2018,1,20181217,20181217,2000000016
,111300,00001,2018,1,20181217,20181217,2000000016
4900000089,111900,00001,2018,1,20181217,20181217,2000000016
,111900,00001,2018,1,20181217,20181217,2000000016
4900000090,112200,00001,2018,1,20181217,20181217,2000000016
,112200,00001,2018,1,20181217,20181217,2000000016
4900000091,112400,00001,2018,1,20181217,20181217,2000000016
,112400,00001,2018,1,20181217,20181217,2000000016
4900000092,112700,00001,2018,1,20181217,20181217,2000000016
,112700,00001,2018,1,20181217,20181217,2000000016
5100000085,115400,00001,2018,2,20181217,20181217,2000000016
5100000085,115700,00001,2018,2,20181217,20181217,2000000016
5100000085,120800,00001,2018,2,20181217,20181217,2000000016
5100000085,071600,00001,2018,2,20181218,20181218,2000000016
5100000085,071700,00001,2018,2,20181218,20181218,2000000016
4900000093,100300,00001,2018,1,20181219,20181219,2000000016
,100300,00001,2018,1,20181219,20181219,2000000016
5100000085,075000,00001,2018,2,20181228,20181228,2000000016
5100000085,122300,00001,2018,2,20181228,20181228,2000000016
5100000085,143500,00001,2018,2,20181228,20181228,2000000016
4900000094,210200,00001,2018,1,20180227,20180227,2000000017
,210200,00001,2018,1,20180227,20180227,2000000017
4900000095,210600,00001,2018,1,20180227,20180227,2000000017
,210600,00001,2018,1,20180227,20180227,2000000017
4900000096,210800,00001,2018,1,20180227,20180227,2000000017
,210800,00001,2018,1,20180227,20180227,2000000017
4900000097,211200,00001,2018,1,20180227,20180227,2000000017
,211200,00001,2018,1,20180227,20180227,2000000017
5100000087,160400,00001,2018,2,20180326,20180326,2000000017
5100000087,143000,00001,2018,2,20180403,20180403,2000000017
5100000087,143100,00001,2018,2,20180403,20180403,2000000017
5100000087,090600,00001,2018,2,20180404,20180404,2000000017
4900000098,153000,00001,2018,1,20180430,20180430,2000000017
,153000,00001,2018,1,20180430,20180430,2000000017
4900000099,153200,00001,2018,1,20180430,20180430,2000000017
,153200,00001,2018,1,20180430,20180430,2000000017
4900000100,153400,00001,2018,1,20180430,20180430,2000000017
,153400,00001,2018,1,20180430,20180430,2000000017
5100000089,122500,00001,2018,2,20180514,20180514,2000000017
4900000101,080700,00001,2018,1,20180529,20180529,2000000017
,080700,00001,2018,1,20180529,20180529,2000000017
5100000090,152300,00001,2018,2,20180606,20180606,2000000017
5100000090,152500,00001,2018,2,20180606,20180606,2000000017
5100000090,125300,00001,2018,2,20180607,20180607,2000000017
4900000102,120900,00001,2018,1,20180628,20180628,2000000017
,120900,00001,2018,1,20180628,20180628,2000000017
4900000103,121200,00001,2018,1,20180628,20180628,2000000017
,121200,00001,2018,1,20180628,20180628,2000000017
4900000104,121400,00001,2018,1,20180628,20180628,2000000017
,121400,00001,2018,1,20180628,20180628,2000000017
4900000105,121700,00001,2018,1,20180628,20180628,2000000017
,121700,00001,2018,1,20180628,20180628,2000000017
5100000091,050200,00001,2018,2,20180727,20180727,2000000017
5100000091,050300,00001,2018,2,20180727,20180727,2000000017
5100000091,050400,00001,2018,2,20180727,20180727,2000000017
4900000106,123000,00001,2018,1,20180727,20180727,2000000017
,123000,00001,2018,1,20180727,20180727,2000000017
4900000107,123400,00001,2018,1,20180727,20180727,2000000017
,123400,00001,2018,1,20180727,20180727,2000000017
5100000091,133900,00001,2018,2,20180727,20180727,2000000017
5100000091,073000,00001,2018,2,20180731,20180731,2000000017
5100000091,073100,00001,2018,2,20180731,20180731,2000000017
4900000108,090300,00001,2018,1,20180928,20180928,2000000017
,090300,00001,2018,1,20180928,20180928,2000000017
5100000095,112100,00001,2018,2,20181002,20181002,2000000017
4900000109,010800,00001,2018,1,20181126,20181126,2000000017
,010800,00001,2018,1,20181126,20181126,2000000017
4900000110,011200,00001,2018,1,20181126,20181126,2000000017
,011200,00001,2018,1,20181126,20181126,2000000017
4900000111,013000,00001,2018,1,20181126,20181126,2000000017
,013000,00001,2018,1,20181126,20181126,2000000017
4900000112,013200,00001,2018,1,20181126,20181126,2000000017
,013200,00001,2018,1,20181126,20181126,2000000017
4900000113,013500,00001,2018,1,20181126,20181126,2000000017
,013500,00001,2018,1,20181126,20181126,2000000017
4900000114,013800,00001,2018,1,20181126,20181126,2000000017
,013800,00001,2018,1,20181126,20181126,2000000017
4900000115,015200,00001,2018,1,20181126,20181126,2000000017
,015200,00001,2018,1,20181126,20181126,2000000017
4900000116,015500,00001,2018,1,20181126,20181126,2000000017
,015500,00001,2018,1,20181126,20181126,2000000017
4900000117,015800,00001,2018,1,20181126,20181126,2000000017
,015800,00001,2018,1,20181126,20181126,2000000017
5100000097,125400,00001,2018,2,20181206,20181206,2000000017
5100000097,104200,00001,2018,2,20181221,20181221,2000000017
5100000097,105200,00001,2018,2,20181221,20181221,2000000017
5100000097,130700,00001,2018,2,20181221,20181221,2000000017
5100000097,105400,00001,2018,2,20181224,20181224,2000000017
5100000097,105600,00001,2018,2,20181224,20181224,2000000017
5100000097,135100,00001,2018,2,20181227,20181227,2000000017
5100000097,041200,00001,2019,2,20190103,20190103,2000000017
5100000097,052100,00001,2019,2,20190103,20190103,2000000017
4900000118,100700,00001,2018,1,20180131,20180131,2000000018
,100700,00001,2018,1,20180131,20180131,2000000018
5100000098,161000,00001,2018,2,20180201,20180201,2000000018
4900000119,104000,00001,2018,1,20180205,20180205,2000000018
,104000,00001,2018,1,20180205,20180205,2000000018
5100000098,154900,00001,2018,2,20180206,20180206,2000000018
4900000120,114700,00001,2018,1,20180320,20180320,2000000018
,114700,00001,2018,1,20180320,20180320,2000000018
4900000121,115100,00001,2018,1,20180320,20180320,2000000018
,115100,00001,2018,1,20180320,20180320,2000000018
4900000122,115600,00001,2018,1,20180320,20180320,2000000018
,115600,00001,2018,1,20180320,20180320,2000000018
5100000099,150800,00001,2018,2,20180320,20180320,2000000018
5100000099,150900,00001,2018,2,20180320,20180320,2000000018
5100000099,151100,00001,2018,2,20180320,20180320,2000000018
4900000123,100600,00001,2018,1,20180327,20180327,2000000018
,100600,00001,2018,1,20180327,20180327,2000000018
5100000100,125200,00001,2018,2,20180327,20180327,2000000018
4900000124,130900,00001,2018,1,20180410,20180410,2000000018
,130900,00001,2018,1,20180410,20180410,2000000018
4900000125,132100,00001,2018,1,20180410,20180410,2000000018
,132100,00001,2018,1,20180410,20180410,2000000018
4900000126,133500,00001,2018,1,20180410,20180410,2000000018
,133500,00001,2018,1,20180410,20180410,2000000018
5100000100,141100,00001,2018,2,20180410,20180410,2000000018
5100000100,141200,00001,2018,2,20180410,20180410,2000000018
5100000100,141600,00001,2018,2,20180410,20180410,2000000018
5100000100,095600,00001,2018,2,20180416,20180416,2000000018
4900000127,191700,00001,2018,1,20180527,20180527,2000000018
,191700,00001,2018,1,20180527,20180527,2000000018
4900000128,193700,00001,2018,1,20180527,20180527,2000000018
,193700,00001,2018,1,20180527,20180527,2000000018
5100000102,084900,00001,2018,2,20180528,20180528,2000000018
4900000129,093400,00001,2018,1,20180529,20180529,2000000018
,093400,00001,2018,1,20180529,20180529,2000000018
4900000130,093800,00001,2018,1,20180529,20180529,2000000018
,093800,00001,2018,1,20180529,20180529,2000000018
5100000102,085100,00001,2018,2,20180530,20180530,2000000018
5100000102,085800,00001,2018,2,20180530,20180530,2000000018
5100000102,073000,00001,2018,2,20180531,20180531,2000000018
4900000131,211300,00001,2018,1,20180626,20180626,2000000018
,211300,00001,2018,1,20180626,20180626,2000000018
5100000103,095800,00001,2018,2,20180628,20180628,2000000018
4900000132,105900,00001,2018,1,20180628,20180628,2000000018
,105900,00001,2018,1,20180628,20180628,2000000018
4900000133,110600,00001,2018,1,20180628,20180628,2000000018
,110600,00001,2018,1,20180628,20180628,2000000018
5100000103,150300,00001,2018,2,20180629,20180629,2000000018
4900000134,141300,00001,2018,1,20180724,20180724,2000000018
,141300,00001,2018,1,20180724,20180724,2000000018
4900000135,141800,00001,2018,1,20180724,20180724,2000000018
,141800,00001,2018,1,20180724,20180724,2000000018
4900000136,142100,00001,2018,1,20180724,20180724,2000000018
,142100,00001,2018,1,20180724,20180724,2000000018
5100000103,155000,00001,2018,2,20180724,20180724,2000000018
5100000103,071100,00001,2018,2,20180725,20180725,2000000018
5100000104,063000,00001,2018,2,20180726,20180726,2000000018
5100000104,063200,00001,2018,2,20180726,20180726,2000000018
4900000137,112300,00001,2018,1,20180727,20180727,2000000018
,112300,00001,2018,1,20180727,20180727,2000000018
4900000138,113700,00001,2018,1,20180727,20180727,2000000018
,113700,00001,2018,1,20180727,20180727,2000000018
4900000139,114100,00001,2018,1,20180727,20180727,2000000018
,114100,00001,2018,1,20180727,20180727,2000000018
5100000104,072200,00001,2018,2,20180731,20180731,2000000018
5100000104,072700,00001,2018,2,20180731,20180731,2000000018
5100000104,072800,00001,2018,2,20180731,20180731,2000000018
4900000140,101500,00001,2018,1,20180731,20180731,2000000018
,101500,00001,2018,1,20180731,20180731,2000000018
5100000104,111000,00001,2018,2,20180731,20180731,2000000018
4900000141,061300,00001,2018,1,20180928,20180928,2000000018
,061300,00001,2018,1,20180928,20180928,2000000018
4900000142,061700,00001,2018,1,20180928,20180928,2000000018
,061700,00001,2018,1,20180928,20180928,2000000018
4900000143,062100,00001,2018,1,20180928,20180928,2000000018
,062100,00001,2018,1,20180928,20180928,2000000018
4900000144,062500,00001,2018,1,20180928,20180928,2000000018
,062500,00001,2018,1,20180928,20180928,2000000018
4900000145,062900,00001,2018,1,20180928,20180928,2000000018
,062900,00001,2018,1,20180928,20180928,2000000018
4900000146,063400,00001,2018,1,20180928,20180928,2000000018
,063400,00001,2018,1,20180928,20180928,2000000018
5100000106,110200,00001,2018,2,20180928,20180928,2000000018
5100000106,085000,00001,2018,2,20181002,20181002,2000000018
5100000106,154900,00001,2018,2,20181002,20181002,2000000018
5100000106,091500,00001,2018,2,20181003,20181003,2000000018
5100000106,091600,00001,2018,2,20181003,20181003,2000000018
5100000106,091700,00001,2018,2,20181003,20181003,2000000018
4900000147,104400,00001,2018,1,20181011,20181011,2000000018
,104400,00001,2018,1,20181011,20181011,2000000018
5100000106,104600,00001,2018,2,20181011,20181011,2000000018
4900000148,144800,00001,2018,1,20181030,20181030,2000000018
,144800,00001,2018,1,20181030,20181030,2000000018
4900000149,145200,00001,2018,1,20181030,20181030,2000000018
,145200,00001,2018,1,20181030,20181030,2000000018
4900000150,150600,00001,2018,1,20181030,20181030,2000000018
,150600,00001,2018,1,20181030,20181030,2000000018
4900000151,151700,00001,2018,1,20181030,20181030,2000000018
,151700,00001,2018,1,20181030,20181030,2000000018
5100000107,102100,00001,2018,2,20181031,20181031,2000000018
5100000107,155200,00001,2018,2,20181031,20181031,2000000018
4900000152,150700,00001,2018,1,20181114,20181114,2000000018
,150700,00001,2018,1,20181114,20181114,2000000018
4900000153,152000,00001,2018,1,20181114,20181114,2000000018
,152000,00001,2018,1,20181114,20181114,2000000018
4900000154,160100,00001,2018,1,20181114,20181114,2000000018
,160100,00001,2018,1,20181114,20181114,2000000018
5100000107,170700,00001,2018,2,20181114,20181114,2000000018
5100000107,084700,00001,2018,2,20181115,20181115,2000000018
5100000107,095100,00001,2018,2,20181115,20181115,2000000018
5100000107,145100,00001,2018,2,20181122,20181122,2000000018
5100000107,162500,00001,2018,2,20181122,20181122,2000000018
4900000155,211200,00001,2018,1,20181128,20181128,2000000018
,211200,00001,2018,1,20181128,20181128,2000000018
4900000156,100900,00001,2018,1,20181129,20181129,2000000018
,100900,00001,2018,1,20181129,20181129,2000000018
4900000157,121000,00001,2018,1,20181130,20181130,2000000018
,121000,00001,2018,1,20181130,20181130,2000000018
5100000108,135000,00001,2018,2,20181203,20181203,2000000018
4900000158,152200,00001,2018,1,20181203,20181203,2000000018
,152200,00001,2018,1,20181203,20181203,2000000018
4900000159,152500,00001,2018,1,20181203,20181203,2000000018
,152500,00001,2018,1,20181203,20181203,2000000018
5100000108,093300,00001,2018,2,20181204,20181204,2000000018
5100000108,165900,00001,2018,2,20181204,20181204,2000000018
5100000108,132400,00001,2018,2,20181205,20181205,2000000018
5100000108,065400,00001,2019,2,20190104,20190104,2000000018
4900000160,153900,00001,2018,1,20180430,20180430,2000000019
,153900,00001,2018,1,20180430,20180430,2000000019
4900000161,154200,00001,2018,1,20180430,20180430,2000000019
,154200,00001,2018,1,20180430,20180430,2000000019
4900000162,154400,00001,2018,1,20180430,20180430,2000000019
,154400,00001,2018,1,20180430,20180430,2000000019
4900000163,154600,00001,2018,1,20180430,20180430,2000000019
,154600,00001,2018,1,20180430,20180430,2000000019
4900000164,115400,00001,2018,1,20180628,20180628,2000000019
,115400,00001,2018,1,20180628,20180628,2000000019
4900000165,120300,00001,2018,1,20180628,20180628,2000000019
,120300,00001,2018,1,20180628,20180628,2000000019
5100000113,145600,00001,2018,2,20180629,20180629,2000000019
5100000115,133800,00001,2018,2,20180727,20180727,2000000019
5100000115,142500,00001,2018,2,20180727,20180727,2000000019
4900000166,225300,00001,2018,1,20180730,20180730,2000000019
,225300,00001,2018,1,20180730,20180730,2000000019
4900000167,225700,00001,2018,1,20180730,20180730,2000000019
,225700,00001,2018,1,20180730,20180730,2000000019
4900000168,230800,00001,2018,1,20180730,20180730,2000000019
,230800,00001,2018,1,20180730,20180730,2000000019
4900000169,231100,00001,2018,1,20180730,20180730,2000000019
,231100,00001,2018,1,20180730,20180730,2000000019
5100000115,073200,00001,2018,2,20180731,20180731,2000000019
5100000115,075200,00001,2018,2,20180731,20180731,2000000019
5100000115,075400,00001,2018,2,20180731,20180731,2000000019
5100000115,075700,00001,2018,2,20180731,20180731,2000000019
5100000115,075900,00001,2018,2,20180731,20180731,2000000019
5100000115,080000,00001,2018,2,20180731,20180731,2000000019
5100000115,110000,00001,2018,2,20180801,20180801,2000000019
4900000170,093000,00001,2018,1,20180928,20180928,2000000019
,093000,00001,2018,1,20180928,20180928,2000000019
5100000117,083200,00001,2018,2,20181003,20181003,2000000019
4900000171,011500,00001,2018,1,20181126,20181126,2000000019
,011500,00001,2018,1,20181126,20181126,2000000019
4900000172,011700,00001,2018,1,20181126,20181126,2000000019
,011700,00001,2018,1,20181126,20181126,2000000019
4900000173,011900,00001,2018,1,20181126,20181126,2000000019
,011900,00001,2018,1,20181126,20181126,2000000019
4900000174,012100,00001,2018,1,20181126,20181126,2000000019
,012100,00001,2018,1,20181126,20181126,2000000019
4900000175,012500,00001,2018,1,20181126,20181126,2000000019
,012500,00001,2018,1,20181126,20181126,2000000019
4900000176,014100,00001,2018,1,20181126,20181126,2000000019
,014100,00001,2018,1,20181126,20181126,2000000019
4900000177,014300,00001,2018,1,20181126,20181126,2000000019
,014300,00001,2018,1,20181126,20181126,2000000019
4900000178,014600,00001,2018,1,20181126,20181126,2000000019
,014600,00001,2018,1,20181126,20181126,2000000019
4900000179,014800,00001,2018,1,20181126,20181126,2000000019
,014800,00001,2018,1,20181126,20181126,2000000019
4900000180,020200,00001,2018,1,20181126,20181126,2000000019
,020200,00001,2018,1,20181126,20181126,2000000019
5100000119,091600,00001,2018,2,20181206,20181206,2000000019
5100000119,090200,00001,2018,2,20181221,20181221,2000000019
5100000119,103900,00001,2018,2,20181221,20181221,2000000019
5100000119,104500,00001,2018,2,20181221,20181221,2000000019
5100000119,105000,00001,2018,2,20181221,20181221,2000000019
5100000119,125500,00001,2018,2,20181221,20181221,2000000019
5100000119,040300,00001,2018,2,20181224,20181224,2000000019
5100000119,110000,00001,2018,2,20181224,20181224,2000000019
5100000119,110400,00001,2018,2,20181224,20181224,2000000019
4900000181,001200,00001,2018,1,20180125,20180125,2000000020
,001200,00001,2018,1,20180125,20180125,2000000020
5100000120,130400,00001,2018,2,20180201,20180201,2000000020
4900000182,075000,00001,2018,1,20180326,20180326,2000000020
,075000,00001,2018,1,20180326,20180326,2000000020
5100000122,140100,00001,2018,2,20180326,20180326,2000000020
4900000183,092300,00001,2018,1,20180327,20180327,2000000020
,092300,00001,2018,1,20180327,20180327,2000000020
5100000122,110300,00001,2018,2,20180327,20180327,2000000020
4900000184,103100,00001,2018,1,20180426,20180426,2000000020
,103100,00001,2018,1,20180426,20180426,2000000020
5100000123,132700,00001,2018,2,20180514,20180514,2000000020
4900000185,205000,00001,2018,1,20180626,20180626,2000000020
,205000,00001,2018,1,20180626,20180626,2000000020
4900000186,213700,00001,2018,1,20180626,20180626,2000000020
,213700,00001,2018,1,20180626,20180626,2000000020
5100000125,145900,00001,2018,2,20180629,20180629,2000000020
5100000125,145800,00001,2018,2,20180702,20180702,2000000020
4900000187,121300,00001,2018,1,20180724,20180724,2000000020
,121300,00001,2018,1,20180724,20180724,2000000020
5100000126,080300,00001,2018,2,20180730,20180730,2000000020
4900000188,115100,00001,2018,1,20180830,20180830,2000000020
,115100,00001,2018,1,20180830,20180830,2000000020
5100000127,070200,00001,2018,2,20180905,20180905,2000000020
4900000189,162900,00001,2018,1,20181030,20181030,2000000020
,162900,00001,2018,1,20181030,20181030,2000000020
4900000190,163200,00001,2018,1,20181030,20181030,2000000020
,163200,00001,2018,1,20181030,20181030,2000000020
5100000129,124100,00001,2018,2,20181031,20181031,2000000020
5100000129,064400,00001,2018,2,20181105,20181105,2000000020
4900000191,094900,00001,2018,1,20181130,20181130,2000000020
,094900,00001,2018,1,20181130,20181130,2000000020
5100000130,124500,00001,2018,2,20181130,20181130,2000000020
,101100,00001,2018,1,20180131,20180131,2000000021
4900000192,101100,00001,2018,1,20180131,20180131,2000000021
5100000131,161100,00001,2018,2,20180201,20180201,2000000021
,114100,00001,2018,1,20180320,20180320,2000000021
4900000193,114100,00001,2018,1,20180320,20180320,2000000021
5100000132,125200,00001,2018,2,20180320,20180320,2000000021
,133900,00001,2018,1,20180410,20180410,2000000021
4900000194,133900,00001,2018,1,20180410,20180410,2000000021
5100000133,140900,00001,2018,2,20180410,20180410,2000000021
,192600,00001,2018,1,20180527,20180527,2000000021
4900000195,192600,00001,2018,1,20180527,20180527,2000000021
5100000135,081500,00001,2018,2,20180528,20180528,2000000021
,211900,00001,2018,1,20180626,20180626,2000000021
4900000196,211900,00001,2018,1,20180626,20180626,2000000021
5100000136,112200,00001,2018,2,20180627,20180627,2000000021
,140200,00001,2018,1,20180724,20180724,2000000021
4900000197,140200,00001,2018,1,20180724,20180724,2000000021
5100000136,154500,00001,2018,2,20180724,20180724,2000000021
,113400,00001,2018,1,20180727,20180727,2000000021
4900000198,113400,00001,2018,1,20180727,20180727,2000000021
5100000137,062300,00001,2018,2,20180731,20180731,2000000021
,064200,00001,2018,1,20180928,20180928,2000000021
4900000199,064200,00001,2018,1,20180928,20180928,2000000021
5100000139,112800,00001,2018,2,20181001,20181001,2000000021
,152000,00001,2018,1,20181030,20181030,2000000021
4900000200,152000,00001,2018,1,20181030,20181030,2000000021
5100000139,123800,00001,2018,2,20181031,20181031,2000000021
4900000201,082900,00001,2018,1,20180219,20180219,2000000022
,082900,00001,2018,1,20180219,20180219,2000000022
5100000141,093700,00001,2018,2,20180306,20180306,2000000022
4900000202,075400,00001,2018,1,20180326,20180326,2000000022
,075400,00001,2018,1,20180326,20180326,2000000022
5100000141,140000,00001,2018,2,20180326,20180326,2000000022
4900000203,220700,00001,2018,1,20180429,20180429,2000000022
,220700,00001,2018,1,20180429,20180429,2000000022
5100000144,143600,00001,2018,2,20180514,20180514,2000000022
4900000204,214200,00001,2018,1,20180527,20180527,2000000022
,214200,00001,2018,1,20180527,20180527,2000000022
5100000144,071300,00001,2018,2,20180531,20180531,2000000022
4900000205,125600,00001,2018,1,20180628,20180628,2000000022
,125600,00001,2018,1,20180628,20180628,2000000022
4900000206,125800,00001,2018,1,20180628,20180628,2000000022
,125800,00001,2018,1,20180628,20180628,2000000022
4900000207,130000,00001,2018,1,20180628,20180628,2000000022
,130000,00001,2018,1,20180628,20180628,2000000022
5100000146,051800,00001,2018,2,20180629,20180629,2000000022
5100000146,051900,00001,2018,2,20180629,20180629,2000000022
5100000146,051900,00001,2018,2,20180629,20180629,2000000022
4900000208,231600,00001,2018,1,20180730,20180730,2000000022
,231600,00001,2018,1,20180730,20180730,2000000022
4900000209,231900,00001,2018,1,20180730,20180730,2000000022
,231900,00001,2018,1,20180730,20180730,2000000022
4900000210,232100,00001,2018,1,20180730,20180730,2000000022
,232100,00001,2018,1,20180730,20180730,2000000022
4900000211,232300,00001,2018,1,20180730,20180730,2000000022
,232300,00001,2018,1,20180730,20180730,2000000022
5100000147,095600,00001,2018,2,20180731,20180731,2000000022
5100000147,123200,00001,2018,2,20180731,20180731,2000000022
5100000147,123500,00001,2018,2,20180731,20180731,2000000022
5100000147,152600,00001,2018,2,20180731,20180731,2000000022
4900000212,160800,00001,2018,1,20180830,20180830,2000000022
,160800,00001,2018,1,20180830,20180830,2000000022
4900000213,161300,00001,2018,1,20180830,20180830,2000000022
,161300,00001,2018,1,20180830,20180830,2000000022
5100000147,124700,00001,2018,2,20180831,20180831,2000000022
5100000147,142200,00001,2018,2,20180831,20180831,2000000022
4900000214,084600,00001,2018,1,20180913,20180913,2000000022
,084600,00001,2018,1,20180913,20180913,2000000022
5100000148,152800,00001,2018,2,20180925,20180925,2000000022
4900000215,090800,00001,2018,1,20180928,20180928,2000000022
,090800,00001,2018,1,20180928,20180928,2000000022
4900000216,091200,00001,2018,1,20180928,20180928,2000000022
,091200,00001,2018,1,20180928,20180928,2000000022
4900000217,091700,00001,2018,1,20180928,20180928,2000000022
,091700,00001,2018,1,20180928,20180928,2000000022
5100000148,110600,00001,2018,2,20180928,20180928,2000000022
5100000148,110600,00001,2018,2,20180928,20180928,2000000022
5100000149,083100,00001,2018,2,20181001,20181001,2000000022
4900000218,142500,00001,2018,1,20181022,20181022,2000000022
,142500,00001,2018,1,20181022,20181022,2000000022
4900000219,143800,00001,2018,1,20181030,20181030,2000000022
,143800,00001,2018,1,20181030,20181030,2000000022
4900000220,144100,00001,2018,1,20181030,20181030,2000000022
,144100,00001,2018,1,20181030,20181030,2000000022
5100000149,110500,00001,2018,2,20181031,20181031,2000000022
5100000149,114700,00001,2018,2,20181031,20181031,2000000022
5100000150,090800,00001,2018,2,20181113,20181113,2000000022
4900000221,113400,00001,2018,1,20181121,20181121,2000000022
,113400,00001,2018,1,20181121,20181121,2000000022
4900000222,113800,00001,2018,1,20181121,20181121,2000000022
,113800,00001,2018,1,20181121,20181121,2000000022
5100000150,152200,00001,2018,2,20181121,20181121,2000000022
5100000150,163600,00001,2018,2,20181121,20181121,2000000022
4900000223,110100,00001,2018,1,20181212,20181212,2000000022
,110100,00001,2018,1,20181212,20181212,2000000022
4900000224,110400,00001,2018,1,20181212,20181212,2000000022
,110400,00001,2018,1,20181212,20181212,2000000022
5100000151,155100,00001,2018,2,20181212,20181212,2000000022
5100000151,161500,00001,2018,2,20181212,20181212,2000000022
4900000225,070600,00001,2018,1,20180208,20180208,2000000023
,070600,00001,2018,1,20180208,20180208,2000000023
5100000152,160100,00001,2018,2,20180212,20180212,2000000023
4900000226,134200,00001,2018,1,20180416,20180416,2000000024
,134200,00001,2018,1,20180416,20180416,2000000024
4900000227,134500,00001,2018,1,20180416,20180416,2000000024
,134500,00001,2018,1,20180416,20180416,2000000024
5100000156,072000,00001,2018,2,20180418,20180418,2000000024
5100000156,151800,00001,2018,2,20180504,20180504,2000000024
4900000228,144300,00001,2018,1,20180702,20180702,2000000024
,144300,00001,2018,1,20180702,20180702,2000000024
5100000158,131000,00001,2018,2,20180703,20180703,2000000024
4900000229,073600,00001,2018,1,20180724,20180724,2000000024
,073600,00001,2018,1,20180724,20180724,2000000024
4900000230,073900,00001,2018,1,20180724,20180724,2000000024
,073900,00001,2018,1,20180724,20180724,2000000024
4900000231,102900,00001,2018,1,20180724,20180724,2000000024
,102900,00001,2018,1,20180724,20180724,2000000024
5100000158,104500,00001,2018,2,20180724,20180724,2000000024
5100000158,131000,00001,2018,2,20180725,20180725,2000000024
5100000158,094000,00001,2018,2,20180731,20180731,2000000024
4900000232,173200,00001,2018,1,20181208,20181208,2000000024
,173200,00001,2018,1,20181208,20181208,2000000024
5100000159,091300,00001,2018,2,20181210,20181210,2000000024
4900000233,115700,00001,2018,1,20180328,20180328,2000000025
,115700,00001,2018,1,20180328,20180328,2000000025
5100000160,065700,00001,2018,2,20180403,20180403,2000000025
4900000234,082000,00001,2018,1,20180130,20180130,2000000026
5100000161,103400,00001,2018,2,20180306,20180306,2000000026
4900000235,082000,00002,2018,1,20180130,20180130,2000000026
5100000162,103400,00002,2018,2,20180306,20180306,2000000026
4900000236,112900,00001,2018,1,20180827,20180827,2000000027
,112900,00001,2018,1,20180827,20180827,2000000027
4900000237,130200,00001,2018,1,20180905,20180905,2000000027
,130200,00001,2018,1,20180905,20180905,2000000027
5100000164,070600,00001,2018,2,20180907,20180907,2000000027
5100000164,110900,00001,2018,2,20180911,20180911,2000000027
4900000238,134000,00001,2018,1,20181001,20181001,2000000027
,134000,00001,2018,1,20181001,20181001,2000000027
5100000165,111300,00001,2018,2,20181015,20181015,2000000027
4900000239,123300,00001,2018,1,20181116,20181116,2000000027
,123300,00001,2018,1,20181116,20181116,2000000027
5100000166,085700,00001,2018,2,20181129,20181129,2000000027
4900000240,075300,00001,2018,1,20181204,20181204,2000000027
,075300,00001,2018,1,20181204,20181204,2000000027
5100000168,035700,00001,2018,2,20181211,20181211,2000000027
4900000241,121100,00001,2018,1,20181212,20181212,2000000027
,121100,00001,2018,1,20181212,20181212,2000000027
5100000168,132000,00001,2018,2,20181228,20181228,2000000027
4900000242,090300,00001,2018,1,20180207,20180207,2000000028
,090300,00001,2018,1,20180207,20180207,2000000028
4900000243,121500,00001,2018,1,20180302,20180302,2000000028
,121500,00001,2018,1,20180302,20180302,2000000028
5100000170,151800,00001,2018,2,20180313,20180313,2000000028
5100000170,083700,00001,2018,2,20180319,20180319,2000000028
4900000244,115700,00001,2018,1,20180424,20180424,2000000028
,115700,00001,2018,1,20180424,20180424,2000000028
4900000245,052000,00001,2018,1,20180515,20180515,2000000028
,052000,00001,2018,1,20180515,20180515,2000000028
5100000172,125900,00001,2018,2,20180521,20180521,2000000028
5100000172,155300,00001,2018,2,20180523,20180523,2000000028
4900000246,061300,00001,2018,1,20180608,20180608,2000000028
,061300,00001,2018,1,20180608,20180608,2000000028
5100000173,093300,00001,2018,2,20180621,20180621,2000000028
4900000247,113400,00001,2018,1,20180710,20180710,2000000028
,113400,00001,2018,1,20180710,20180710,2000000028
5100000174,134700,00001,2018,2,20180723,20180723,2000000028
5100000174,100000,00001,2018,2,20181025,20181025,2000000028
5100000174,105800,00001,2018,2,20181030,20181030,2000000028
4900000248,093900,00001,2018,1,20180117,20180117,2000000029
5100000175,143800,00001,2018,2,20180212,20180212,2000000029
4900000249,093900,00002,2018,1,20180117,20180117,2000000029
5100000176,143800,00002,2018,2,20180212,20180212,2000000029
4900000250,093900,00003,2018,1,20180117,20180117,2000000029
5100000177,143800,00003,2018,2,20180212,20180212,2000000029
,134100,00001,2018,1,20180117,20180117,2000000030
4900000251,134100,00001,2018,1,20180117,20180117,2000000030
5100000178,001700,00001,2018,2,20180719,20180719,2000000030
,133700,00001,2018,1,20180726,20180726,2000000030
4900000252,133700,00001,2018,1,20180726,20180726,2000000030
5100000178,135700,00001,2018,2,20180726,20180726,2000000030
4900000253,122000,00001,2018,1,20180122,20180122,2000000031
5100000179,123600,00001,2018,2,20180123,20180123,2000000031
4900000254,090400,00001,2018,1,20180119,20180119,2000000032
5100000180,143700,00001,2018,2,20180212,20180212,2000000032
4900000255,132100,00001,2018,1,20180430,20180430,2000000033
,132100,00001,2018,1,20180430,20180430,2000000033
5100000181,150500,00001,2018,2,20180521,20180521,2000000033
4900000256,132600,00001,2018,1,20180201,20180201,2000000034
,132600,00001,2018,1,20180201,20180201,2000000034
5100000182,151500,00001,2018,2,20180205,20180205,2000000034
4900000257,082000,00001,2018,1,20180314,20180314,2000000034
,082000,00001,2018,1,20180314,20180314,2000000034
5100000183,120200,00001,2018,2,20180314,20180314,2000000034
4900000258,083500,00001,2018,1,20180413,20180413,2000000034
,083500,00001,2018,1,20180413,20180413,2000000034
5100000184,091900,00001,2018,2,20180413,20180413,2000000034
4900000259,062500,00001,2018,1,20180502,20180502,2000000034
,062500,00001,2018,1,20180502,20180502,2000000034
5100000185,132300,00001,2018,2,20180514,20180514,2000000034
4900000260,140200,00001,2018,1,20180607,20180607,2000000034
,140200,00001,2018,1,20180607,20180607,2000000034
5100000186,045000,00001,2018,2,20180608,20180608,2000000034
4900000261,101900,00001,2018,1,20180724,20180724,2000000034
,101900,00001,2018,1,20180724,20180724,2000000034
5100000187,090500,00001,2018,2,20180725,20180725,2000000034
4900000262,135600,00001,2018,1,20180906,20180906,2000000034
,135600,00001,2018,1,20180906,20180906,2000000034
5100000189,072100,00001,2018,2,20180910,20180910,2000000034
4900000263,163600,00001,2018,1,20181101,20181101,2000000034
,163600,00001,2018,1,20181101,20181101,2000000034
5100000190,103300,00001,2018,2,20181105,20181105,2000000034
4900000264,092500,00001,2018,1,20181118,20181118,2000000034
,092500,00001,2018,1,20181118,20181118,2000000034
4900000265,094200,00001,2018,1,20181118,20181118,2000000034
,094200,00001,2018,1,20181118,20181118,2000000034
5100000190,151700,00001,2018,2,20181121,20181121,2000000034
,072600,00001,2018,1,20180122,20180122,2000000035
4900000266,072600,00001,2018,1,20180122,20180122,2000000035
5100000191,114900,00001,2018,2,20180122,20180122,2000000035
4900000267,075300,00001,2018,1,20180206,20180206,2000000036
,075300,00001,2018,1,20180206,20180206,2000000036
5100000192,154100,00001,2018,2,20180910,20180910,2000000036
4900000268,114400,00001,2018,1,20180122,20180122,2000000037
5100000193,103800,00001,2018,2,20180208,20180208,2000000037
4900000269,114400,00002,2018,1,20180122,20180122,2000000037
5100000194,085300,00002,2018,2,20180208,20180208,2000000037
4900000270,114400,00003,2018,1,20180122,20180122,2000000037
5100000195,085300,00003,2018,2,20180208,20180208,2000000037
4900000271,114500,00001,2018,1,20180122,20180122,2000000038
5100000196,160700,00001,2018,2,20180309,20180309,2000000038
4900000272,114600,00001,2018,1,20180122,20180122,2000000039
5100000197,153700,00001,2018,2,20180123,20180123,2000000039
4900000273,114600,00002,2018,1,20180122,20180122,2000000039
5100000198,153700,00002,2018,2,20180123,20180123,2000000039
4900000274,130800,00001,2018,1,20180327,20180327,2000000040
,130800,00001,2018,1,20180327,20180327,2000000040
5100000199,040600,00001,2018,2,20180403,20180403,2000000040
4900000275,111700,00001,2018,1,20180710,20180710,2000000040
,111700,00001,2018,1,20180710,20180710,2000000040
4900000276,112500,00001,2018,1,20180710,20180710,2000000040
,112500,00001,2018,1,20180710,20180710,2000000040
5100000201,071800,00001,2018,2,20180725,20180725,2000000040
5100000201,105600,00001,2018,2,20180821,20180821,2000000040
4900000277,140800,00001,2019,1,20190109,20190109,2000000040
,140800,00001,2019,1,20190109,20190109,2000000040
4900000278,115300,00001,2018,1,20180123,20180123,2000000041
,115300,00001,2018,1,20180123,20180123,2000000041
5100000202,150900,00001,2018,2,20180201,20180201,2000000041
4900000279,115400,00001,2018,1,20180123,20180123,2000000042
,115400,00001,2018,1,20180123,20180123,2000000042
5100000203,163800,00001,2018,2,20180125,20180125,2000000042
4900000280,075600,00001,2018,1,20180119,20180119,2000000044
5100000204,094900,00001,2018,2,20180208,20180208,2000000044
4900000281,111800,00001,2018,1,20180119,20180119,2000000045
5100000205,130900,00001,2018,2,20180215,20180215,2000000045
4900000282,111800,00002,2018,1,20180119,20180119,2000000045
5100000206,130900,00002,2018,2,20180215,20180215,2000000045
4900000283,103900,00001,2018,1,20180124,20180124,2000000046
,103900,00001,2018,1,20180124,20180124,2000000046
5100000207,134600,00001,2018,2,20180207,20180207,2000000046
4900000284,095800,00001,2018,1,20180209,20180209,2000000047
,095800,00001,2018,1,20180209,20180209,2000000047
4900000285,134800,00001,2018,1,20180214,20180214,2000000047
,134800,00001,2018,1,20180214,20180214,2000000047
4900000286,135600,00001,2018,1,20180214,20180214,2000000047
,135600,00001,2018,1,20180214,20180214,2000000047
5100000209,094400,00001,2018,2,20180219,20180219,2000000047
5100000209,151200,00001,2018,2,20180219,20180219,2000000047
5100000209,161900,00001,2018,2,20180221,20180221,2000000047
5100000209,134000,00001,2018,2,20180227,20180227,2000000047
4900000287,142900,00001,2018,1,20180305,20180305,2000000047
,142900,00001,2018,1,20180305,20180305,2000000047
4900000288,085000,00001,2018,1,20180306,20180306,2000000047
,085000,00001,2018,1,20180306,20180306,2000000047
5100000211,114000,00001,2018,2,20180307,20180307,2000000047
4900000289,123300,00001,2018,1,20180307,20180307,2000000047
,123300,00001,2018,1,20180307,20180307,2000000047
5100000211,153100,00001,2018,2,20180309,20180309,2000000047
5100000211,152600,00001,2018,2,20180313,20180313,2000000047
4900000290,082200,00001,2018,1,20180314,20180314,2000000047
,082200,00001,2018,1,20180314,20180314,2000000047
5100000211,094200,00001,2018,2,20180315,20180315,2000000047
4900000291,135800,00001,2018,1,20180404,20180404,2000000047
,135800,00001,2018,1,20180404,20180404,2000000047
4900000292,113700,00001,2018,1,20180409,20180409,2000000047
,113700,00001,2018,1,20180409,20180409,2000000047
4900000293,114000,00001,2018,1,20180409,20180409,2000000047
,114000,00001,2018,1,20180409,20180409,2000000047
5100000213,085500,00001,2018,2,20180412,20180412,2000000047
5100000213,092800,00001,2018,2,20180416,20180416,2000000047
5100000213,095800,00001,2018,2,20180416,20180416,2000000047
4900000294,083200,00001,2018,1,20180501,20180501,2000000047
,083200,00001,2018,1,20180501,20180501,2000000047
4900000295,081600,00001,2018,1,20180503,20180503,2000000047
,081600,00001,2018,1,20180503,20180503,2000000047
4900000296,081800,00001,2018,1,20180503,20180503,2000000047
,081800,00001,2018,1,20180503,20180503,2000000047
4900000297,071100,00001,2018,1,20180508,20180508,2000000047
,071100,00001,2018,1,20180508,20180508,2000000047
4900000298,071200,00001,2018,1,20180508,20180508,2000000047
,071200,00001,2018,1,20180508,20180508,2000000047
4900000299,072000,00001,2018,1,20180508,20180508,2000000047
,072000,00001,2018,1,20180508,20180508,2000000047
5100000217,105200,00001,2018,2,20180508,20180508,2000000047
4900000300,065400,00001,2018,1,20180509,20180509,2000000047
,065400,00001,2018,1,20180509,20180509,2000000047
5100000217,100000,00001,2018,2,20180509,20180509,2000000047
5100000217,100200,00001,2018,2,20180509,20180509,2000000047
5100000217,100900,00001,2018,2,20180509,20180509,2000000047
5100000217,100200,00001,2018,2,20180516,20180516,2000000047
4900000301,115600,00001,2018,1,20180524,20180524,2000000047
,115600,00001,2018,1,20180524,20180524,2000000047
4900000302,094600,00001,2018,1,20180528,20180528,2000000047
,094600,00001,2018,1,20180528,20180528,2000000047
4900000303,094800,00001,2018,1,20180528,20180528,2000000047
,094800,00001,2018,1,20180528,20180528,2000000047
4900000304,095000,00001,2018,1,20180528,20180528,2000000047
,095000,00001,2018,1,20180528,20180528,2000000047
5100000218,113300,00001,2018,2,20180528,20180528,2000000047
5100000218,113500,00001,2018,2,20180528,20180528,2000000047
5100000218,145600,00001,2018,2,20180528,20180528,2000000047
5100000218,150200,00001,2018,2,20180528,20180528,2000000047
5100000218,150800,00001,2018,2,20180528,20180528,2000000047
5100000218,151400,00001,2018,2,20180528,20180528,2000000047
5100000218,160900,00001,2018,2,20180528,20180528,2000000047
5100000218,081000,00001,2018,2,20180529,20180529,2000000047
5100000218,084300,00001,2018,2,20180529,20180529,2000000047
5100000218,123200,00001,2018,2,20180529,20180529,2000000047
4900000305,113400,00001,2018,1,20180607,20180607,2000000047
,113400,00001,2018,1,20180607,20180607,2000000047
4900000306,114100,00001,2018,1,20180607,20180607,2000000047
,114100,00001,2018,1,20180607,20180607,2000000047
4900000307,142900,00001,2018,1,20180612,20180612,2000000047
,142900,00001,2018,1,20180612,20180612,2000000047
5100000221,125800,00001,2018,2,20180613,20180613,2000000047
4900000308,150300,00001,2018,1,20180614,20180614,2000000047
,150300,00001,2018,1,20180614,20180614,2000000047
5100000221,124600,00001,2018,2,20180615,20180615,2000000047
5100000221,043900,00001,2018,2,20180618,20180618,2000000047
5100000221,143000,00001,2018,2,20180618,20180618,2000000047
4900000309,142800,00001,2018,1,20180619,20180619,2000000047
,142800,00001,2018,1,20180619,20180619,2000000047
5100000221,090900,00001,2018,2,20180622,20180622,2000000047
4900000310,080700,00001,2018,1,20180705,20180705,2000000047
,080700,00001,2018,1,20180705,20180705,2000000047
4900000311,081600,00001,2018,1,20180705,20180705,2000000047
,081600,00001,2018,1,20180705,20180705,2000000047
4900000312,081900,00001,2018,1,20180705,20180705,2000000047
,081900,00001,2018,1,20180705,20180705,2000000047
5100000223,143900,00001,2018,2,20180706,20180706,2000000047
4900000313,103800,00001,2018,1,20180711,20180711,2000000047
,103800,00001,2018,1,20180711,20180711,2000000047
5100000224,125900,00001,2018,2,20180712,20180712,2000000047
5100000224,112000,00001,2018,2,20180713,20180713,2000000047
5100000224,123700,00001,2018,2,20180716,20180716,2000000047
4900000314,113000,00001,2018,1,20180717,20180717,2000000047
,113000,00001,2018,1,20180717,20180717,2000000047
4900000315,150300,00001,2018,1,20180806,20180806,2000000047
,150300,00001,2018,1,20180806,20180806,2000000047
5100000226,091600,00001,2018,2,20180810,20180810,2000000047
5100000226,154100,00001,2018,2,20180817,20180817,2000000047
4900000316,112700,00001,2018,1,20180820,20180820,2000000047
,112700,00001,2018,1,20180820,20180820,2000000047
4900000317,113300,00001,2018,1,20180820,20180820,2000000047
,113300,00001,2018,1,20180820,20180820,2000000047
5100000226,094400,00001,2018,2,20180821,20180821,2000000047
5100000226,112900,00001,2018,2,20180821,20180821,2000000047
5100000226,113200,00001,2018,2,20180821,20180821,2000000047
4900000318,074800,00001,2018,1,20180906,20180906,2000000047
,074800,00001,2018,1,20180906,20180906,2000000047
4900000319,075200,00001,2018,1,20180906,20180906,2000000047
,075200,00001,2018,1,20180906,20180906,2000000047
5100000228,145900,00001,2018,2,20180906,20180906,2000000047
4900000320,080500,00001,2018,1,20180907,20180907,2000000047
,080500,00001,2018,1,20180907,20180907,2000000047
5100000229,143400,00001,2018,2,20180907,20180907,2000000047
5100000229,050700,00001,2018,2,20180912,20180912,2000000047
4900000321,135000,00001,2018,1,20180913,20180913,2000000047
,135000,00001,2018,1,20180913,20180913,2000000047
5100000229,093900,00001,2018,2,20180917,20180917,2000000047
4900000322,072600,00001,2018,1,20181004,20181004,2000000047
,072600,00001,2018,1,20181004,20181004,2000000047
4900000323,113500,00001,2018,1,20181004,20181004,2000000047
,113500,00001,2018,1,20181004,20181004,2000000047
5100000230,083300,00001,2018,2,20181005,20181005,2000000047
4900000324,075000,00001,2018,1,20181008,20181008,2000000047
,075000,00001,2018,1,20181008,20181008,2000000047
5100000230,102000,00001,2018,2,20181008,20181008,2000000047
5100000230,114900,00001,2018,2,20181008,20181008,2000000047
4900000325,070200,00001,2018,1,20181011,20181011,2000000047
,070200,00001,2018,1,20181011,20181011,2000000047
5100000231,132500,00001,2018,2,20181012,20181012,2000000047
4900000326,081500,00001,2018,1,20181105,20181105,2000000047
,081500,00001,2018,1,20181105,20181105,2000000047
4900000327,102600,00001,2018,1,20181112,20181112,2000000047
,102600,00001,2018,1,20181112,20181112,2000000047
5100000234,145000,00001,2018,2,20181112,20181112,2000000047
4900000328,075400,00001,2018,1,20181113,20181113,2000000047
,075400,00001,2018,1,20181113,20181113,2000000047
4900000329,083000,00001,2018,1,20181113,20181113,2000000047
,083000,00001,2018,1,20181113,20181113,2000000047
5100000234,133500,00001,2018,2,20181114,20181114,2000000047
5100000234,082000,00001,2018,2,20181115,20181115,2000000047
5100000234,122300,00001,2018,2,20181123,20181123,2000000047
4900000330,105800,00001,2018,1,20181129,20181129,2000000047
,105800,00001,2018,1,20181129,20181129,2000000047
5100000235,094100,00001,2018,2,20181203,20181203,2000000047
4900000331,091500,00001,2018,1,20181206,20181206,2000000047
,091500,00001,2018,1,20181206,20181206,2000000047
4900000332,071500,00001,2018,1,20181207,20181207,2000000047
,071500,00001,2018,1,20181207,20181207,2000000047
4900000333,071900,00001,2018,1,20181207,20181207,2000000047
,071900,00001,2018,1,20181207,20181207,2000000047
5100000236,105000,00001,2018,2,20181207,20181207,2000000047
5100000236,071200,00001,2018,2,20181210,20181210,2000000047
5100000236,071700,00001,2018,2,20181210,20181210,2000000047
4900000334,075600,00001,2018,1,20181213,20181213,2000000047
,075600,00001,2018,1,20181213,20181213,2000000047
5100000237,074700,00001,2018,2,20181218,20181218,2000000047
4900000335,095800,00001,2019,1,20190104,20190104,2000000047
,095800,00001,2019,1,20190104,20190104,2000000047
4900000336,100300,00001,2019,1,20190104,20190104,2000000047
,100300,00001,2019,1,20190104,20190104,2000000047
4900000337,100700,00001,2019,1,20190104,20190104,2000000047
,100700,00001,2019,1,20190104,20190104,2000000047
4900000338,112400,00001,2019,1,20190104,20190104,2000000047
,112400,00001,2019,1,20190104,20190104,2000000047
5100000239,143400,00001,2019,2,20190104,20190104,2000000047
5100000239,084600,00001,2019,2,20190108,20190108,2000000047
5100000239,082800,00001,2019,2,20190109,20190109,2000000047
5100000239,083800,00001,2019,2,20190109,20190109,2000000047
4900000339,134700,00001,2018,1,20180123,20180123,2000000048
,134700,00001,2018,1,20180123,20180123,2000000048
5100000240,084800,00001,2018,2,20180205,20180205,2000000048
4900000340,095200,00001,2018,1,20180305,20180305,2000000049
5100000241,161700,00001,2018,2,20180309,20180309,2000000049
4900000341,153600,00001,2018,1,20180206,20180206,2000000050
5100000242,080300,00001,2018,2,20180322,20180322,2000000050
4900000342,141600,00001,2018,1,20180123,20180123,2000000051
5100000243,142000,00001,2018,2,20180207,20180207,2000000051
4900000343,125800,00001,2018,1,20180319,20180319,2000000052
,125800,00001,2018,1,20180319,20180319,2000000052
,012800,00001,2018,2,20181203,20181203,2000000052
,135100,00001,2018,2,20180123,20180123,2000000054
4900000344,150400,00001,2018,1,20180124,20180124,2000000054
4900000345,115800,00002,2018,1,20180123,20180123,2000000054
5100000245,084000,00002,2018,2,20180205,20180205,2000000054
,093900,00003,2018,2,20180124,20180124,2000000054
4900000346,150400,00003,2018,1,20180124,20180124,2000000054
4900000347,115800,00004,2018,1,20180123,20180123,2000000054
,135100,00004,2018,2,20180123,20180123,2000000054
4900000348,105800,00001,2018,1,20180213,20180213,2000000055
,105800,00001,2018,1,20180213,20180213,2000000055
5100000248,115800,00001,2018,2,20180213,20180213,2000000055
4900000349,133100,00001,2018,1,20180313,20180313,2000000055
,133100,00001,2018,1,20180313,20180313,2000000055
5100000249,180400,00001,2018,2,20180313,20180313,2000000055
4900000350,103500,00001,2018,1,20180404,20180404,2000000055
,103500,00001,2018,1,20180404,20180404,2000000055
5100000250,145400,00001,2018,2,20180409,20180409,2000000055
4900000351,090900,00001,2018,1,20180514,20180514,2000000055
,090900,00001,2018,1,20180514,20180514,2000000055
5100000251,105200,00001,2018,2,20180514,20180514,2000000055
4900000352,142700,00001,2018,1,20180608,20180608,2000000055
,142700,00001,2018,1,20180608,20180608,2000000055
5100000252,130600,00001,2018,2,20180612,20180612,2000000055
4900000353,160100,00001,2018,1,20180709,20180709,2000000055
,160100,00001,2018,1,20180709,20180709,2000000055
5100000253,111300,00001,2018,2,20180710,20180710,2000000055
4900000354,102600,00001,2018,1,20180731,20180731,2000000055
,102600,00001,2018,1,20180731,20180731,2000000055
5100000254,080000,00001,2018,2,20180810,20180810,2000000055
4900000355,210300,00001,2018,1,20180912,20180912,2000000055
,210300,00001,2018,1,20180912,20180912,2000000055
5100000255,093300,00001,2018,2,20180913,20180913,2000000055
4900000356,210100,00001,2018,1,20181010,20181010,2000000055
,210100,00001,2018,1,20181010,20181010,2000000055
5100000256,105500,00001,2018,2,20181012,20181012,2000000055
4900000357,220300,00001,2018,1,20181114,20181114,2000000055
,220300,00001,2018,1,20181114,20181114,2000000055
5100000257,104800,00001,2018,2,20181115,20181115,2000000055
4900000358,225800,00001,2018,1,20181210,20181210,2000000055
,225800,00001,2018,1,20181210,20181210,2000000055
5100000258,094700,00001,2018,2,20181211,20181211,2000000055
4900000359,161300,00001,2018,1,20181219,20181219,2000000055
,161300,00001,2018,1,20181219,20181219,2000000055
5100000259,165500,00001,2018,2,20181219,20181219,2000000055
4900000360,130700,00001,2018,1,20180212,20180212,2000000056
,130700,00001,2018,1,20180212,20180212,2000000056
5100000260,180500,00001,2018,2,20180212,20180212,2000000056
4900000361,125900,00001,2018,1,20180313,20180313,2000000056
,125900,00001,2018,1,20180313,20180313,2000000056
5100000261,180500,00001,2018,2,20180313,20180313,2000000056
4900000362,101800,00001,2018,1,20180404,20180404,2000000056
,101800,00001,2018,1,20180404,20180404,2000000056
5100000262,110400,00001,2018,2,20180404,20180404,2000000056
4900000363,085100,00001,2018,1,20180514,20180514,2000000056
,085100,00001,2018,1,20180514,20180514,2000000056
5100000263,110800,00001,2018,2,20180514,20180514,2000000056
4900000364,225500,00001,2018,1,20180604,20180604,2000000056
,225500,00001,2018,1,20180604,20180604,2000000056
5100000264,155600,00001,2018,2,20180606,20180606,2000000056
4900000365,144900,00001,2018,1,20180709,20180709,2000000056
,144900,00001,2018,1,20180709,20180709,2000000056
5100000265,131700,00001,2018,2,20180710,20180710,2000000056
4900000366,110800,00001,2018,1,20180731,20180731,2000000056
,110800,00001,2018,1,20180731,20180731,2000000056
5100000266,111700,00001,2018,2,20180731,20180731,2000000056
4900000367,152900,00001,2018,1,20180912,20180912,2000000056
,152900,00001,2018,1,20180912,20180912,2000000056
5100000267,101600,00001,2018,2,20180913,20180913,2000000056
4900000368,213000,00001,2018,1,20181010,20181010,2000000056
,213000,00001,2018,1,20181010,20181010,2000000056
5100000268,094300,00001,2018,2,20181011,20181011,2000000056
4900000369,220900,00001,2018,1,20181114,20181114,2000000056
,220900,00001,2018,1,20181114,20181114,2000000056
4900000370,221800,00001,2018,1,20181210,20181210,2000000056
,221800,00001,2018,1,20181210,20181210,2000000056
4900000371,154100,00001,2018,1,20181219,20181219,2000000056
,154100,00001,2018,1,20181219,20181219,2000000056
5100000269,053800,00001,2019,2,20190103,20190103,2000000056
4900000372,095900,00001,2018,1,20180213,20180213,2000000057
,095900,00001,2018,1,20180213,20180213,2000000057
5100000270,115200,00001,2018,2,20180213,20180213,2000000057
4900000373,101700,00001,2018,1,20180314,20180314,2000000057
,101700,00001,2018,1,20180314,20180314,2000000057
5100000271,112800,00001,2018,2,20180314,20180314,2000000057
4900000374,114300,00001,2018,1,20180404,20180404,2000000057
,114300,00001,2018,1,20180404,20180404,2000000057
5100000272,124200,00001,2018,2,20180406,20180406,2000000057
4900000375,073000,00001,2018,1,20180517,20180517,2000000057
,073000,00001,2018,1,20180517,20180517,2000000057
5100000273,155900,00001,2018,2,20180518,20180518,2000000057
4900000376,002500,00001,2018,1,20180609,20180609,2000000057
,002500,00001,2018,1,20180609,20180609,2000000057
5100000274,072400,00001,2018,2,20180619,20180619,2000000057
4900000377,161000,00001,2018,1,20180709,20180709,2000000057
,161000,00001,2018,1,20180709,20180709,2000000057
5100000275,123600,00001,2018,2,20180710,20180710,2000000057
4900000378,123700,00001,2018,1,20180927,20180927,2000000057
,123700,00001,2018,1,20180927,20180927,2000000057
4900000379,123900,00001,2018,1,20180927,20180927,2000000057
,123900,00001,2018,1,20180927,20180927,2000000057
5100000277,152500,00001,2018,2,20180928,20180928,2000000057
5100000277,111600,00001,2018,2,20181001,20181001,2000000057
4900000380,211800,00001,2018,1,20181010,20181010,2000000057
,211800,00001,2018,1,20181010,20181010,2000000057
5100000278,105600,00001,2018,2,20181012,20181012,2000000057
4900000381,224900,00001,2018,1,20181107,20181107,2000000057
,224900,00001,2018,1,20181107,20181107,2000000057
5100000279,142800,00001,2018,2,20181114,20181114,2000000057
4900000382,100900,00001,2018,1,20181212,20181212,2000000057
,100900,00001,2018,1,20181212,20181212,2000000057
5100000280,051700,00001,2018,2,20181213,20181213,2000000057
4900000383,162100,00001,2018,1,20181219,20181219,2000000057
,162100,00001,2018,1,20181219,20181219,2000000057
5100000281,165200,00001,2018,2,20181219,20181219,2000000057
,100300,00001,2018,1,20180213,20180213,2000000058
4900000384,100300,00001,2018,1,20180213,20180213,2000000058
5100000282,115300,00001,2018,2,20180213,20180213,2000000058
,103000,00001,2018,1,20180314,20180314,2000000058
4900000385,103000,00001,2018,1,20180314,20180314,2000000058
5100000283,112700,00001,2018,2,20180314,20180314,2000000058
,115100,00001,2018,1,20180404,20180404,2000000058
4900000386,115100,00001,2018,1,20180404,20180404,2000000058
5100000284,124000,00001,2018,2,20180406,20180406,2000000058
,073400,00001,2018,1,20180517,20180517,2000000058
4900000387,073400,00001,2018,1,20180517,20180517,2000000058
5100000285,132300,00001,2018,2,20180518,20180518,2000000058
,233000,00001,2018,1,20180606,20180606,2000000058
4900000388,233000,00001,2018,1,20180606,20180606,2000000058
5100000286,100300,00001,2018,2,20180607,20180607,2000000058
,093800,00001,2018,1,20180719,20180719,2000000058
4900000389,093800,00001,2018,1,20180719,20180719,2000000058
5100000287,105300,00001,2018,2,20180719,20180719,2000000058
,103500,00001,2018,1,20180824,20180824,2000000058
4900000390,103500,00001,2018,1,20180824,20180824,2000000058
5100000288,111400,00001,2018,2,20180824,20180824,2000000058
,212200,00001,2018,1,20180912,20180912,2000000058
4900000391,212200,00001,2018,1,20180912,20180912,2000000058
5100000289,093500,00001,2018,2,20180913,20180913,2000000058
,212300,00001,2018,1,20181010,20181010,2000000058
4900000392,212300,00001,2018,1,20181010,20181010,2000000058
5100000290,085300,00001,2018,2,20181011,20181011,2000000058
,224100,00001,2018,1,20181107,20181107,2000000058
4900000393,224100,00001,2018,1,20181107,20181107,2000000058
5100000291,141300,00001,2018,2,20181114,20181114,2000000058
,101200,00001,2018,1,20181212,20181212,2000000058
4900000394,101200,00001,2018,1,20181212,20181212,2000000058
5100000292,142500,00001,2018,2,20181212,20181212,2000000058
,162400,00001,2018,1,20181219,20181219,2000000058
4900000395,162400,00001,2018,1,20181219,20181219,2000000058
5100000293,085100,00001,2018,2,20181221,20181221,2000000058
4900000396,111800,00001,2018,1,20180213,20180213,2000000059
,111800,00001,2018,1,20180213,20180213,2000000059
5100000294,120200,00001,2018,2,20180213,20180213,2000000059
4900000397,083900,00001,2018,1,20180314,20180314,2000000059
,083900,00001,2018,1,20180314,20180314,2000000059
5100000295,113100,00001,2018,2,20180314,20180314,2000000059
4900000398,065100,00001,2018,1,20180406,20180406,2000000059
,065100,00001,2018,1,20180406,20180406,2000000059
5100000296,121000,00001,2018,2,20180406,20180406,2000000059
4900000399,110300,00001,2018,1,20180514,20180514,2000000059
,110300,00001,2018,1,20180514,20180514,2000000059
5100000297,110400,00001,2018,2,20180514,20180514,2000000059
4900000400,000000,00001,2018,1,20180607,20180607,2000000059
,000000,00001,2018,1,20180607,20180607,2000000059
5100000298,051400,00001,2018,2,20180607,20180607,2000000059
4900000401,153200,00001,2018,1,20180709,20180709,2000000059
,153200,00001,2018,1,20180709,20180709,2000000059
5100000299,125400,00001,2018,2,20180712,20180712,2000000059
4900000402,104200,00001,2018,1,20180731,20180731,2000000059
,104200,00001,2018,1,20180731,20180731,2000000059
5100000300,112000,00001,2018,2,20180731,20180731,2000000059
4900000403,211100,00001,2018,1,20180912,20180912,2000000059
,211100,00001,2018,1,20180912,20180912,2000000059
5100000301,100700,00001,2018,2,20180913,20180913,2000000059
4900000404,211600,00001,2018,1,20181010,20181010,2000000059
,211600,00001,2018,1,20181010,20181010,2000000059
5100000302,085200,00001,2018,2,20181011,20181011,2000000059
4900000405,223400,00001,2018,1,20181107,20181107,2000000059
,223400,00001,2018,1,20181107,20181107,2000000059
5100000303,113900,00001,2018,2,20181114,20181114,2000000059
4900000406,222100,00001,2018,1,20181210,20181210,2000000059
,222100,00001,2018,1,20181210,20181210,2000000059
5100000304,094200,00001,2018,2,20181211,20181211,2000000059
4900000407,154600,00001,2018,1,20181219,20181219,2000000059
,154600,00001,2018,1,20181219,20181219,2000000059
5100000305,094800,00001,2019,2,20190108,20190108,2000000059
4900000408,104700,00001,2018,1,20180213,20180213,2000000060
,104700,00001,2018,1,20180213,20180213,2000000060
5100000306,120200,00001,2018,2,20180213,20180213,2000000060
4900000409,103700,00001,2018,1,20180314,20180314,2000000060
,103700,00001,2018,1,20180314,20180314,2000000060
5100000307,112900,00001,2018,2,20180314,20180314,2000000060
4900000410,120400,00001,2018,1,20180404,20180404,2000000060
,120400,00001,2018,1,20180404,20180404,2000000060
5100000308,082900,00001,2018,2,20180406,20180406,2000000060
4900000411,095300,00001,2018,1,20180514,20180514,2000000060
,095300,00001,2018,1,20180514,20180514,2000000060
5100000309,110200,00001,2018,2,20180514,20180514,2000000060
4900000412,001200,00001,2018,1,20180605,20180605,2000000060
,001200,00001,2018,1,20180605,20180605,2000000060
5100000310,100700,00001,2018,2,20180608,20180608,2000000060
4900000413,094000,00001,2018,1,20180719,20180719,2000000060
,094000,00001,2018,1,20180719,20180719,2000000060
5100000311,111200,00001,2018,2,20180719,20180719,2000000060
4900000414,110000,00001,2018,1,20180731,20180731,2000000060
,110000,00001,2018,1,20180731,20180731,2000000060
5100000312,093500,00001,2018,2,20180809,20180809,2000000060
4900000415,152500,00001,2018,1,20180912,20180912,2000000060
,152500,00001,2018,1,20180912,20180912,2000000060
5100000313,093000,00001,2018,2,20180913,20180913,2000000060
4900000416,210500,00001,2018,1,20181010,20181010,2000000060
,210500,00001,2018,1,20181010,20181010,2000000060
5100000314,095100,00001,2018,2,20181011,20181011,2000000060
4900000417,222100,00001,2018,1,20181107,20181107,2000000060
,222100,00001,2018,1,20181107,20181107,2000000060
5100000315,140600,00001,2018,2,20181114,20181114,2000000060
4900000418,224000,00001,2018,1,20181210,20181210,2000000060
,224000,00001,2018,1,20181210,20181210,2000000060
5100000316,094100,00001,2018,2,20181211,20181211,2000000060
4900000419,160000,00001,2018,1,20181219,20181219,2000000060
,160000,00001,2018,1,20181219,20181219,2000000060
5100000317,104000,00001,2018,2,20181221,20181221,2000000060
4900000420,131200,00001,2018,1,20180212,20180212,2000000061
,131200,00001,2018,1,20180212,20180212,2000000061
5100000318,175400,00001,2018,2,20180212,20180212,2000000061
4900000421,082900,00001,2018,1,20180314,20180314,2000000061
,082900,00001,2018,1,20180314,20180314,2000000061
5100000319,113000,00001,2018,2,20180314,20180314,2000000061
4900000422,112700,00001,2018,1,20180404,20180404,2000000061
,112700,00001,2018,1,20180404,20180404,2000000061
5100000320,083400,00001,2018,2,20180406,20180406,2000000061
4900000423,094800,00001,2018,1,20180514,20180514,2000000061
,094800,00001,2018,1,20180514,20180514,2000000061
5100000321,105900,00001,2018,2,20180514,20180514,2000000061
4900000424,000500,00001,2018,1,20180605,20180605,2000000061
,000500,00001,2018,1,20180605,20180605,2000000061
5100000322,082400,00001,2018,2,20180607,20180607,2000000061
4900000425,150800,00001,2018,1,20180709,20180709,2000000061
,150800,00001,2018,1,20180709,20180709,2000000061
5100000323,130000,00001,2018,2,20180712,20180712,2000000061
4900000426,104800,00001,2018,1,20180731,20180731,2000000061
,104800,00001,2018,1,20180731,20180731,2000000061
5100000324,112100,00001,2018,2,20180731,20180731,2000000061
4900000427,151200,00001,2018,1,20180912,20180912,2000000061
,151200,00001,2018,1,20180912,20180912,2000000061
5100000325,101100,00001,2018,2,20180913,20180913,2000000061
4900000428,211300,00001,2018,1,20181010,20181010,2000000061
,211300,00001,2018,1,20181010,20181010,2000000061
5100000326,094800,00001,2018,2,20181011,20181011,2000000061
4900000429,223100,00001,2018,1,20181107,20181107,2000000061
,223100,00001,2018,1,20181107,20181107,2000000061
5100000327,142700,00001,2018,2,20181114,20181114,2000000061
4900000430,222500,00001,2018,1,20181210,20181210,2000000061
,222500,00001,2018,1,20181210,20181210,2000000061
5100000328,094300,00001,2018,2,20181211,20181211,2000000061
4900000431,154900,00001,2018,1,20181219,20181219,2000000061
,154900,00001,2018,1,20181219,20181219,2000000061
5100000329,165300,00001,2018,2,20181219,20181219,2000000061
4900000432,112600,00001,2018,1,20180213,20180213,2000000064
,112600,00001,2018,1,20180213,20180213,2000000064
5100000330,120100,00001,2018,2,20180213,20180213,2000000064
,130600,00001,2018,1,20180313,20180313,2000000064
4900000433,130700,00001,2018,1,20180313,20180313,2000000064
4900000434,115700,00001,2018,1,20180503,20180503,2000000064
,115700,00001,2018,1,20180503,20180503,2000000064
5100000332,130600,00001,2018,2,20180503,20180503,2000000064
5100000332,141800,00001,2018,2,20180515,20180515,2000000064
4900000435,065700,00001,2018,1,20180517,20180517,2000000064
,065700,00001,2018,1,20180517,20180517,2000000064
5100000333,112400,00001,2018,2,20180521,20180521,2000000064
4900000436,001300,00001,2018,1,20180609,20180609,2000000064
,001300,00001,2018,1,20180609,20180609,2000000064
5100000334,130600,00001,2018,2,20180611,20180611,2000000064
4900000437,155600,00001,2018,1,20180709,20180709,2000000064
,155600,00001,2018,1,20180709,20180709,2000000064
5100000335,132200,00001,2018,2,20180712,20180712,2000000064
4900000438,215600,00001,2018,1,20180912,20180912,2000000064
,215600,00001,2018,1,20180912,20180912,2000000064
4900000439,073600,00001,2018,1,20180913,20180913,2000000064
,073600,00001,2018,1,20180913,20180913,2000000064
5100000337,120100,00001,2018,2,20181008,20181008,2000000064
4900000440,214000,00001,2018,1,20181010,20181010,2000000064
,214000,00001,2018,1,20181010,20181010,2000000064
5100000337,100000,00001,2018,2,20181012,20181012,2000000064
4900000441,102800,00001,2018,1,20181204,20181204,2000000064
,102800,00001,2018,1,20181204,20181204,2000000064
4900000442,230500,00001,2018,1,20181210,20181210,2000000064
,230500,00001,2018,1,20181210,20181210,2000000064
5100000338,094600,00001,2018,2,20181211,20181211,2000000064
4900000443,121900,00001,2019,1,20190108,20190108,2000000064
,121900,00001,2019,1,20190108,20190108,2000000064
5100000339,103500,00001,2019,2,20190109,20190109,2000000064
,111300,00001,2018,1,20180213,20180213,2000000065
4900000444,111300,00001,2018,1,20180213,20180213,2000000065
5100000340,115500,00001,2018,2,20180213,20180213,2000000065
,083500,00001,2018,1,20180314,20180314,2000000065
4900000445,083500,00001,2018,1,20180314,20180314,2000000065
5100000341,113100,00001,2018,2,20180314,20180314,2000000065
,064500,00001,2018,1,20180406,20180406,2000000065
4900000446,064500,00001,2018,1,20180406,20180406,2000000065
5100000342,155000,00001,2018,2,20180409,20180409,2000000065
,105800,00001,2018,1,20180514,20180514,2000000065
4900000447,105800,00001,2018,1,20180514,20180514,2000000065
5100000343,083400,00001,2018,2,20180515,20180515,2000000065
,235300,00001,2018,1,20180608,20180608,2000000065
4900000448,235300,00001,2018,1,20180608,20180608,2000000065
5100000344,130300,00001,2018,2,20180611,20180611,2000000065
,155800,00001,2018,1,20180709,20180709,2000000065
4900000449,155800,00001,2018,1,20180709,20180709,2000000065
5100000345,125800,00001,2018,2,20180712,20180712,2000000065
,105000,00001,2018,1,20180731,20180731,2000000065
4900000450,105000,00001,2018,1,20180731,20180731,2000000065
5100000346,105400,00001,2018,2,20180731,20180731,2000000065
,211800,00001,2018,1,20180912,20180912,2000000065
4900000451,211800,00001,2018,1,20180912,20180912,2000000065
5100000347,093200,00001,2018,2,20180913,20180913,2000000065
,205000,00001,2018,1,20181010,20181010,2000000065
4900000452,205000,00001,2018,1,20181010,20181010,2000000065
5100000348,103600,00001,2018,2,20181012,20181012,2000000065
,221800,00001,2018,1,20181107,20181107,2000000065
4900000453,221800,00001,2018,1,20181107,20181107,2000000065
5100000349,114200,00001,2018,2,20181114,20181114,2000000065
,224200,00001,2018,1,20181210,20181210,2000000065
4900000454,224200,00001,2018,1,20181210,20181210,2000000065
5100000350,094800,00001,2018,2,20181211,20181211,2000000065
,160200,00001,2018,1,20181219,20181219,2000000065
4900000455,160200,00001,2018,1,20181219,20181219,2000000065
5100000351,065700,00001,2018,2,20181221,20181221,2000000065
4900000456,134000,00001,2018,1,20180212,20180212,2000000066
,134000,00001,2018,1,20180212,20180212,2000000066
5100000352,175800,00001,2018,2,20180212,20180212,2000000066
4900000457,082500,00001,2018,1,20180314,20180314,2000000066
,082500,00001,2018,1,20180314,20180314,2000000066
5100000353,113000,00001,2018,2,20180314,20180314,2000000066
4900000458,112100,00001,2018,1,20180404,20180404,2000000066
,112100,00001,2018,1,20180404,20180404,2000000066
5100000354,083000,00001,2018,2,20180406,20180406,2000000066
4900000459,094500,00001,2018,1,20180514,20180514,2000000066
,094500,00001,2018,1,20180514,20180514,2000000066
5100000355,105500,00001,2018,2,20180514,20180514,2000000066
4900000460,235900,00001,2018,1,20180604,20180604,2000000066
,235900,00001,2018,1,20180604,20180604,2000000066
5100000356,093600,00001,2018,2,20180607,20180607,2000000066
4900000461,150400,00001,2018,1,20180709,20180709,2000000066
,150400,00001,2018,1,20180709,20180709,2000000066
5100000357,131600,00001,2018,2,20180710,20180710,2000000066
4900000462,110600,00001,2018,1,20180731,20180731,2000000066
,110600,00001,2018,1,20180731,20180731,2000000066
5100000358,110800,00001,2018,2,20180731,20180731,2000000066
4900000463,153400,00001,2018,1,20180912,20180912,2000000066
,153400,00001,2018,1,20180912,20180912,2000000066
5100000359,101400,00001,2018,2,20180913,20180913,2000000066
4900000464,131700,00001,2018,1,20181019,20181019,2000000066
,131700,00001,2018,1,20181019,20181019,2000000066
5100000360,111500,00001,2018,2,20181023,20181023,2000000066
4900000465,215600,00001,2018,1,20181114,20181114,2000000066
,215600,00001,2018,1,20181114,20181114,2000000066
5100000361,082800,00001,2018,2,20181115,20181115,2000000066
4900000466,230100,00001,2018,1,20181210,20181210,2000000066
,230100,00001,2018,1,20181210,20181210,2000000066
5100000362,094000,00001,2018,2,20181211,20181211,2000000066
4900000467,161600,00001,2018,1,20181219,20181219,2000000066
,161600,00001,2018,1,20181219,20181219,2000000066
5100000363,085200,00001,2018,2,20181221,20181221,2000000066
4900000468,113300,00001,2018,1,20180213,20180213,2000000067
,113300,00001,2018,1,20180213,20180213,2000000067
5100000364,115200,00001,2018,2,20180213,20180213,2000000067
4900000469,131800,00001,2018,1,20180313,20180313,2000000067
,131800,00001,2018,1,20180313,20180313,2000000067
5100000365,174700,00001,2018,2,20180313,20180313,2000000067
4900000470,065700,00001,2018,1,20180406,20180406,2000000067
,065700,00001,2018,1,20180406,20180406,2000000067
5100000366,155700,00001,2018,2,20180406,20180406,2000000067
4900000471,110600,00001,2018,1,20180514,20180514,2000000067
,110600,00001,2018,1,20180514,20180514,2000000067
5100000367,081100,00001,2018,2,20180515,20180515,2000000067
4900000472,235900,00001,2018,1,20180608,20180608,2000000067
,235900,00001,2018,1,20180608,20180608,2000000067
5100000368,130700,00001,2018,2,20180611,20180611,2000000067
4900000473,153500,00001,2018,1,20180709,20180709,2000000067
,153500,00001,2018,1,20180709,20180709,2000000067
5100000369,144100,00001,2018,2,20180710,20180710,2000000067
4900000474,103900,00001,2018,1,20180731,20180731,2000000067
,103900,00001,2018,1,20180731,20180731,2000000067
5100000370,105800,00001,2018,2,20180731,20180731,2000000067
4900000475,211500,00001,2018,1,20180912,20180912,2000000067
,211500,00001,2018,1,20180912,20180912,2000000067
5100000371,093200,00001,2018,2,20180913,20180913,2000000067
4900000476,205800,00001,2018,1,20181010,20181010,2000000067
,205800,00001,2018,1,20181010,20181010,2000000067
5100000372,094600,00001,2018,2,20181011,20181011,2000000067
4900000477,222900,00001,2018,1,20181107,20181107,2000000067
,222900,00001,2018,1,20181107,20181107,2000000067
5100000373,114100,00001,2018,2,20181114,20181114,2000000067
4900000478,232700,00001,2018,1,20181210,20181210,2000000067
,232700,00001,2018,1,20181210,20181210,2000000067
5100000374,163900,00001,2018,2,20181211,20181211,2000000067
4900000479,162600,00001,2018,1,20181219,20181219,2000000067
,162600,00001,2018,1,20181219,20181219,2000000067
5100000375,101500,00001,2018,2,20181221,20181221,2000000067
4900000480,095200,00001,2018,1,20180213,20180213,2000000068
,095200,00001,2018,1,20180213,20180213,2000000068
5100000376,120100,00001,2018,2,20180213,20180213,2000000068
4900000481,091100,00001,2018,1,20180314,20180314,2000000068
,091100,00001,2018,1,20180314,20180314,2000000068
5100000377,112800,00001,2018,2,20180314,20180314,2000000068
4900000482,113600,00001,2018,1,20180404,20180404,2000000068
,113600,00001,2018,1,20180404,20180404,2000000068
5100000378,124300,00001,2018,2,20180406,20180406,2000000068
4900000483,072600,00001,2018,1,20180517,20180517,2000000068
,072600,00001,2018,1,20180517,20180517,2000000068
5100000379,124900,00001,2018,2,20180518,20180518,2000000068
4900000484,001900,00001,2018,1,20180609,20180609,2000000068
,001900,00001,2018,1,20180609,20180609,2000000068
5100000380,071200,00001,2018,2,20180611,20180611,2000000068
4900000485,093000,00001,2018,1,20180719,20180719,2000000068
,093000,00001,2018,1,20180719,20180719,2000000068
5100000381,105100,00001,2018,2,20180719,20180719,2000000068
4900000486,103900,00001,2018,1,20180824,20180824,2000000068
,103900,00001,2018,1,20180824,20180824,2000000068
5100000382,111000,00001,2018,2,20180824,20180824,2000000068
4900000487,210600,00001,2018,1,20180912,20180912,2000000068
,210600,00001,2018,1,20180912,20180912,2000000068
5100000383,100300,00001,2018,2,20180913,20180913,2000000068
4900000488,205400,00001,2018,1,20181010,20181010,2000000068
,205400,00001,2018,1,20181010,20181010,2000000068
5100000384,094500,00001,2018,2,20181011,20181011,2000000068
4900000489,225200,00001,2018,1,20181107,20181107,2000000068
,225200,00001,2018,1,20181107,20181107,2000000068
5100000385,141500,00001,2018,2,20181114,20181114,2000000068
4900000490,100600,00001,2018,1,20181212,20181212,2000000068
,100600,00001,2018,1,20181212,20181212,2000000068
5100000386,121200,00001,2018,2,20181212,20181212,2000000068
4900000491,161900,00001,2018,1,20181219,20181219,2000000068
,161900,00001,2018,1,20181219,20181219,2000000068
5100000387,100900,00001,2019,2,20190108,20190108,2000000068
4900000492,100600,00001,2018,1,20180213,20180213,2000000069
,100600,00001,2018,1,20180213,20180213,2000000069
5100000388,115200,00001,2018,2,20180213,20180213,2000000069
4900000493,103300,00001,2018,1,20180314,20180314,2000000069
,103300,00001,2018,1,20180314,20180314,2000000069
5100000389,113100,00001,2018,2,20180314,20180314,2000000069
4900000494,121000,00001,2018,1,20180404,20180404,2000000069
,121000,00001,2018,1,20180404,20180404,2000000069
5100000390,123600,00001,2018,2,20180406,20180406,2000000069
4900000495,101200,00001,2018,1,20180514,20180514,2000000069
,101200,00001,2018,1,20180514,20180514,2000000069
5100000391,102500,00001,2018,2,20180514,20180514,2000000069
4900000496,003600,00001,2018,1,20180605,20180605,2000000069
,003600,00001,2018,1,20180605,20180605,2000000069
5100000392,082400,00001,2018,2,20180607,20180607,2000000069
4900000497,093400,00001,2018,1,20180719,20180719,2000000069
,093400,00001,2018,1,20180719,20180719,2000000069
5100000393,105200,00001,2018,2,20180719,20180719,2000000069
4900000498,115400,00001,2018,1,20180824,20180824,2000000069
,115400,00001,2018,1,20180824,20180824,2000000069
5100000394,133700,00001,2018,2,20180828,20180828,2000000069
4900000499,115300,00001,2018,1,20180906,20180906,2000000069
,115300,00001,2018,1,20180906,20180906,2000000069
5100000395,104700,00001,2018,2,20180910,20180910,2000000069
4900000500,131400,00001,2018,1,20181019,20181019,2000000069
,131400,00001,2018,1,20181019,20181019,2000000069
5100000396,100500,00001,2018,2,20181022,20181022,2000000069
4900000501,221400,00001,2018,1,20181107,20181107,2000000069
,221400,00001,2018,1,20181107,20181107,2000000069
5100000397,140000,00001,2018,2,20181114,20181114,2000000069
4900000502,225100,00001,2018,1,20181210,20181210,2000000069
,225100,00001,2018,1,20181210,20181210,2000000069
4900000503,231600,00001,2018,1,20181210,20181210,2000000069
,231600,00001,2018,1,20181210,20181210,2000000069
5100000398,065200,00001,2018,2,20181218,20181218,2000000069
5100000399,083800,00001,2018,2,20181219,20181219,2000000069
4900000504,160900,00001,2018,1,20181219,20181219,2000000069
,160900,00001,2018,1,20181219,20181219,2000000069
5100000399,154400,00001,2018,2,20181220,20181220,2000000069
4900000505,131700,00001,2018,1,20180212,20180212,2000000070
,131700,00001,2018,1,20180212,20180212,2000000070
5100000400,180500,00001,2018,2,20180212,20180212,2000000070
4900000506,133600,00001,2018,1,20180313,20180313,2000000070
,133600,00001,2018,1,20180313,20180313,2000000070
5100000401,180000,00001,2018,2,20180313,20180313,2000000070
4900000507,122400,00001,2018,1,20180404,20180404,2000000070
,122400,00001,2018,1,20180404,20180404,2000000070
5100000402,080400,00001,2018,2,20180406,20180406,2000000070
4900000508,091300,00001,2018,1,20180514,20180514,2000000070
,091300,00001,2018,1,20180514,20180514,2000000070
5100000403,105200,00001,2018,2,20180514,20180514,2000000070
4900000509,235400,00001,2018,1,20180604,20180604,2000000070
,235400,00001,2018,1,20180604,20180604,2000000070
5100000404,093400,00001,2018,2,20180607,20180607,2000000070
4900000510,145900,00001,2018,1,20180709,20180709,2000000070
,145900,00001,2018,1,20180709,20180709,2000000070
5100000405,143900,00001,2018,2,20180710,20180710,2000000070
4900000511,110400,00001,2018,1,20180731,20180731,2000000070
,110400,00001,2018,1,20180731,20180731,2000000070
5100000406,063300,00001,2018,2,20180809,20180809,2000000070
4900000512,125200,00001,2018,1,20180927,20180927,2000000070
,125200,00001,2018,1,20180927,20180927,2000000070
5100000407,114000,00001,2018,2,20181002,20181002,2000000070
4900000513,210800,00001,2018,1,20181010,20181010,2000000070
,210800,00001,2018,1,20181010,20181010,2000000070
5100000408,085100,00001,2018,2,20181011,20181011,2000000070
4900000514,155600,00001,2018,1,20181219,20181219,2000000070
,155600,00001,2018,1,20181219,20181219,2000000070
5100000409,174500,00001,2018,2,20181219,20181219,2000000070
4900000515,110800,00001,2018,1,20180213,20180213,2000000071
,110800,00001,2018,1,20180213,20180213,2000000071
5100000410,120000,00001,2018,2,20180213,20180213,2000000071
4900000516,090400,00001,2018,1,20180314,20180314,2000000071
,090400,00001,2018,1,20180314,20180314,2000000071
5100000411,112900,00001,2018,2,20180314,20180314,2000000071
4900000517,070200,00001,2018,1,20180411,20180411,2000000071
,070200,00001,2018,1,20180411,20180411,2000000071
5100000412,082600,00001,2018,2,20180412,20180412,2000000071
4900000518,111000,00001,2018,1,20180514,20180514,2000000071
,111000,00001,2018,1,20180514,20180514,2000000071
5100000413,081000,00001,2018,2,20180515,20180515,2000000071
5100000414,121800,00001,2018,2,20180606,20180606,2000000071
4900000519,222900,00001,2018,1,20180606,20180606,2000000071
,222900,00001,2018,1,20180606,20180606,2000000071
5100000414,075600,00001,2018,2,20180703,20180703,2000000071
4900000520,153800,00001,2018,1,20180709,20180709,2000000071
,153800,00001,2018,1,20180709,20180709,2000000071
5100000415,131300,00001,2018,2,20180710,20180710,2000000071
4900000521,103600,00001,2018,1,20180731,20180731,2000000071
,103600,00001,2018,1,20180731,20180731,2000000071
5100000416,071800,00001,2018,2,20180809,20180809,2000000071
5100000416,113300,00001,2018,2,20181105,20181105,2000000071
4900000522,151700,00001,2018,1,20181116,20181116,2000000071
,151700,00001,2018,1,20181116,20181116,2000000071
5100000417,081800,00001,2018,2,20181205,20181205,2000000071
4900000523,105500,00001,2018,1,20180213,20180213,2000000072
,105500,00001,2018,1,20180213,20180213,2000000072
5100000418,153900,00001,2018,2,20180213,20180213,2000000072
4900000524,131100,00001,2018,1,20180313,20180313,2000000072
,131100,00001,2018,1,20180313,20180313,2000000072
5100000419,175000,00001,2018,2,20180313,20180313,2000000072
4900000525,121500,00001,2018,1,20180404,20180404,2000000072
,121500,00001,2018,1,20180404,20180404,2000000072
5100000420,145300,00001,2018,2,20180409,20180409,2000000072
4900000526,105300,00001,2018,1,20180514,20180514,2000000072
,105300,00001,2018,1,20180514,20180514,2000000072
5100000421,081200,00001,2018,2,20180515,20180515,2000000072
4900000527,004100,00001,2018,1,20180605,20180605,2000000072
,004100,00001,2018,1,20180605,20180605,2000000072
5100000422,082600,00001,2018,2,20180607,20180607,2000000072
4900000528,152800,00001,2018,1,20180709,20180709,2000000072
,152800,00001,2018,1,20180709,20180709,2000000072
5100000423,144000,00001,2018,2,20180710,20180710,2000000072
4900000529,104500,00001,2018,1,20180731,20180731,2000000072
,104500,00001,2018,1,20180731,20180731,2000000072
5100000424,071700,00001,2018,2,20180809,20180809,2000000072
4900000530,125400,00001,2018,1,20180927,20180927,2000000072
,125400,00001,2018,1,20180927,20180927,2000000072
5100000425,104000,00001,2018,2,20181002,20181002,2000000072
4900000531,212800,00001,2018,1,20181010,20181010,2000000072
,212800,00001,2018,1,20181010,20181010,2000000072
5100000426,085300,00001,2018,2,20181011,20181011,2000000072
4900000532,222600,00001,2018,1,20181107,20181107,2000000072
,222600,00001,2018,1,20181107,20181107,2000000072
5100000427,140100,00001,2018,2,20181114,20181114,2000000072
4900000533,222900,00001,2018,1,20181210,20181210,2000000072
,222900,00001,2018,1,20181210,20181210,2000000072
5100000428,095000,00001,2018,2,20181211,20181211,2000000072
4900000534,155300,00001,2018,1,20181219,20181219,2000000072
,155300,00001,2018,1,20181219,20181219,2000000072
5100000429,104100,00001,2018,2,20181221,20181221,2000000072
4900000535,084000,00001,2018,1,20180131,20180131,2000000073
5100000430,085800,00001,2018,2,20180206,20180206,2000000073
4900000536,145900,00001,2018,1,20180124,20180124,2000000074
5100000431,162600,00001,2018,2,20180124,20180124,2000000074
4900000537,131200,00001,2018,1,20180129,20180129,2000000075
5100000432,091400,00001,2018,2,20180206,20180206,2000000075
4900000538,100300,00001,2018,1,20180131,20180131,2000000076
5100000433,135800,00001,2018,2,20180208,20180208,2000000076
4900000539,100300,00002,2018,1,20180131,20180131,2000000076
5100000434,135800,00002,2018,2,20180208,20180208,2000000076
4900000540,114200,00001,2018,1,20180126,20180126,2000000077
5100000435,155400,00001,2018,2,20180313,20180313,2000000077
4900000541,091200,00001,2018,1,20180201,20180201,2000000078
,091200,00001,2018,1,20180201,20180201,2000000078
5100000437,071900,00001,2018,2,20180210,20180210,2000000078
4900000542,091800,00001,2018,1,20180213,20180213,2000000078
,091800,00001,2018,1,20180213,20180213,2000000078
5100000437,155000,00001,2018,2,20180410,20180410,2000000078
4900000543,131300,00001,2018,1,20180129,20180129,2000000079
5100000438,160700,00001,2018,2,20180312,20180312,2000000079
4900000544,094600,00002,2018,1,20180125,20180125,2000000079
5100000439,160500,00002,2018,2,20180312,20180312,2000000079
4900000545,094600,00003,2018,1,20180125,20180125,2000000079
5100000440,160500,00003,2018,2,20180312,20180312,2000000079
4900000546,155900,00001,2018,1,20180130,20180130,2000000080
5100000441,103800,00001,2018,2,20180208,20180208,2000000080
4900000547,150100,00001,2018,1,20180131,20180131,2000000081
,150100,00001,2018,1,20180131,20180131,2000000081
5100000442,120300,00001,2018,2,20180212,20180212,2000000081
4900000548,130300,00001,2018,1,20180321,20180321,2000000081
,130300,00001,2018,1,20180321,20180321,2000000081
5100000443,153100,00001,2018,2,20180419,20180419,2000000081
4900000549,134500,00001,2018,1,20180529,20180529,2000000081
,134500,00001,2018,1,20180529,20180529,2000000081
5100000444,091300,00001,2018,2,20180620,20180620,2000000081
4900000550,084400,00001,2018,1,20181219,20181219,2000000081
,084400,00001,2018,1,20181219,20181219,2000000081
5100000445,102300,00001,2019,2,20190108,20190108,2000000081
4900000551,123500,00001,2019,1,20190108,20190108,2000000081
,123500,00001,2019,1,20190108,20190108,2000000081
4900000552,094800,00001,2018,1,20180130,20180130,2000000082
5100000446,114100,00001,2018,2,20180212,20180212,2000000082
4900000553,094800,00002,2018,1,20180130,20180130,2000000082
5100000447,114100,00002,2018,2,20180212,20180212,2000000082
4900000554,094900,00001,2018,1,20180130,20180130,2000000083
5100000448,133500,00001,2018,2,20180207,20180207,2000000083
4900000555,094900,00002,2018,1,20180130,20180130,2000000083
5100000449,133500,00002,2018,2,20180207,20180207,2000000083
4900000556,094900,00003,2018,1,20180130,20180130,2000000083
5100000450,133500,00003,2018,2,20180207,20180207,2000000083
4900000557,121200,00001,2018,1,20180215,20180215,2000000084
5100000451,135900,00001,2018,2,20180219,20180219,2000000084
4900000558,075500,00001,2018,1,20180130,20180130,2000000085
5100000452,082200,00001,2018,2,20180306,20180306,2000000085
4900000559,075600,00001,2018,1,20180130,20180130,2000000086
5100000453,162200,00001,2018,2,20180212,20180212,2000000086
4900000560,075600,00002,2018,1,20180130,20180130,2000000086
5100000454,162200,00002,2018,2,20180212,20180212,2000000086
4900000561,111000,00001,2018,1,20180320,20180320,2000000087
,111000,00001,2018,1,20180320,20180320,2000000087
5100000455,111500,00001,2018,2,20180321,20180321,2000000087
4900000562,120800,00001,2018,1,20180316,20180316,2000000089
,120800,00001,2018,1,20180316,20180316,2000000089
5100000456,103000,00001,2018,2,20180327,20180327,2000000089
4900000563,082800,00001,2018,1,20180131,20180131,2000000090
5100000457,115900,00001,2018,2,20180202,20180202,2000000090
4900000564,123800,00001,2018,1,20180306,20180306,2000000091
,123800,00001,2018,1,20180306,20180306,2000000091
5100000458,162000,00001,2018,2,20180312,20180312,2000000091
4900000565,141700,00001,2018,1,20180201,20180201,2000000092
,002100,00001,2018,2,20180820,20180820,2000000092
4900000566,095700,00001,2018,1,20180403,20180403,2000000093
,095700,00001,2018,1,20180403,20180403,2000000093
5100000459,144800,00001,2018,2,20180409,20180409,2000000093
4900000567,075400,00001,2018,1,20180130,20180130,2000000094
5100000460,083300,00001,2018,2,20180208,20180208,2000000094
4900000568,081100,00001,2018,1,20180212,20180212,2000000095
5100000461,081900,00001,2018,2,20180328,20180328,2000000095
5100000462,102400,00001,2018,2,20180130,20180130,2000000096
4900000569,160000,00001,2018,1,20180130,20180130,2000000096
4900000570,110600,00001,2018,1,20180226,20180226,2000000097
,110600,00001,2018,1,20180226,20180226,2000000097
5100000463,120600,00001,2018,2,20180226,20180226,2000000097
5100000463,143200,00001,2018,2,20181105,20181105,2000000097
5100000464,085800,00001,2018,2,20181112,20181112,2000000097
4900000571,091000,00001,2018,1,20180129,20180129,2000000098
5100000465,162900,00001,2018,2,20180205,20180205,2000000098
4900000572,091000,00002,2018,1,20180129,20180129,2000000098
5100000466,162900,00002,2018,2,20180205,20180205,2000000098
4900000573,091000,00003,2018,1,20180129,20180129,2000000098
5100000467,162900,00003,2018,2,20180205,20180205,2000000098
4900000574,125700,00001,2018,1,20180201,20180201,2000000099
5100000468,162900,00001,2018,2,20180212,20180212,2000000099
4900000575,152000,00001,2018,1,20180216,20180216,2000000100
,152000,00001,2018,1,20180216,20180216,2000000100
4900000576,152300,00001,2018,1,20180216,20180216,2000000100
,152300,00001,2018,1,20180216,20180216,2000000100
4900000577,152600,00001,2018,1,20180216,20180216,2000000100
,152600,00001,2018,1,20180216,20180216,2000000100
4900000578,152900,00001,2018,1,20180216,20180216,2000000100
,152900,00001,2018,1,20180216,20180216,2000000100
4900000579,153200,00001,2018,1,20180216,20180216,2000000100
,153200,00001,2018,1,20180216,20180216,2000000100
4900000580,153500,00001,2018,1,20180216,20180216,2000000100
,153500,00001,2018,1,20180216,20180216,2000000100
4900000581,153700,00001,2018,1,20180216,20180216,2000000100
,153700,00001,2018,1,20180216,20180216,2000000100
4900000582,154000,00001,2018,1,20180216,20180216,2000000100
,154000,00001,2018,1,20180216,20180216,2000000100
4900000583,154300,00001,2018,1,20180216,20180216,2000000100
,154300,00001,2018,1,20180216,20180216,2000000100
4900000584,155300,00001,2018,1,20180216,20180216,2000000100
,155300,00001,2018,1,20180216,20180216,2000000100
5100000472,131900,00001,2018,2,20180219,20180219,2000000100
5100000472,132200,00001,2018,2,20180219,20180219,2000000100
5100000472,132400,00001,2018,2,20180219,20180219,2000000100
5100000472,132500,00001,2018,2,20180219,20180219,2000000100
5100000472,132800,00001,2018,2,20180219,20180219,2000000100
5100000472,132900,00001,2018,2,20180219,20180219,2000000100
5100000472,133100,00001,2018,2,20180219,20180219,2000000100
5100000472,133200,00001,2018,2,20180219,20180219,2000000100
5100000472,133300,00001,2018,2,20180219,20180219,2000000100
5100000473,111500,00001,2018,2,20180305,20180305,2000000100
4900000585,122000,00001,2018,1,20180327,20180327,2000000100
,122000,00001,2018,1,20180327,20180327,2000000100
5100000474,080100,00001,2018,2,20180329,20180329,2000000100
4900000586,164600,00001,2018,1,20180429,20180429,2000000100
,164600,00001,2018,1,20180429,20180429,2000000100
4900000587,164900,00001,2018,1,20180429,20180429,2000000100
,164900,00001,2018,1,20180429,20180429,2000000100
4900000588,165200,00001,2018,1,20180429,20180429,2000000100
,165200,00001,2018,1,20180429,20180429,2000000100
4900000589,165500,00001,2018,1,20180429,20180429,2000000100
,165500,00001,2018,1,20180429,20180429,2000000100
4900000590,165800,00001,2018,1,20180429,20180429,2000000100
,165800,00001,2018,1,20180429,20180429,2000000100
4900000591,211600,00001,2018,1,20180429,20180429,2000000100
,211600,00001,2018,1,20180429,20180429,2000000100
4900000592,211900,00001,2018,1,20180429,20180429,2000000100
,211900,00001,2018,1,20180429,20180429,2000000100
4900000593,091100,00001,2018,1,20180430,20180430,2000000100
,091100,00001,2018,1,20180430,20180430,2000000100
4900000594,091400,00001,2018,1,20180430,20180430,2000000100
,091400,00001,2018,1,20180430,20180430,2000000100
5100000480,142900,00001,2018,2,20180515,20180515,2000000100
5100000480,095600,00001,2018,2,20180517,20180517,2000000100
5100000480,131600,00001,2018,2,20180517,20180517,2000000100
4900000595,195100,00001,2018,1,20180527,20180527,2000000100
,195100,00001,2018,1,20180527,20180527,2000000100
4900000596,195400,00001,2018,1,20180527,20180527,2000000100
,195400,00001,2018,1,20180527,20180527,2000000100
4900000597,195700,00001,2018,1,20180527,20180527,2000000100
,195700,00001,2018,1,20180527,20180527,2000000100
4900000598,195900,00001,2018,1,20180527,20180527,2000000100
,195900,00001,2018,1,20180527,20180527,2000000100
4900000599,200200,00001,2018,1,20180527,20180527,2000000100
,200200,00001,2018,1,20180527,20180527,2000000100
4900000600,200400,00001,2018,1,20180527,20180527,2000000100
,200400,00001,2018,1,20180527,20180527,2000000100
4900000601,205200,00001,2018,1,20180527,20180527,2000000100
,205200,00001,2018,1,20180527,20180527,2000000100
4900000602,205600,00001,2018,1,20180527,20180527,2000000100
,205600,00001,2018,1,20180527,20180527,2000000100
4900000603,205800,00001,2018,1,20180527,20180527,2000000100
,205800,00001,2018,1,20180527,20180527,2000000100
4900000604,210100,00001,2018,1,20180527,20180527,2000000100
,210100,00001,2018,1,20180527,20180527,2000000100
4900000605,210400,00001,2018,1,20180527,20180527,2000000100
,210400,00001,2018,1,20180527,20180527,2000000100
5100000481,083300,00001,2018,2,20180604,20180604,2000000100
5100000481,153900,00001,2018,2,20180606,20180606,2000000100
5100000481,155500,00001,2018,2,20180606,20180606,2000000100
5100000481,160300,00001,2018,2,20180606,20180606,2000000100
5100000481,122100,00001,2018,2,20180607,20180607,2000000100
5100000481,122600,00001,2018,2,20180607,20180607,2000000100
5100000481,122700,00001,2018,2,20180607,20180607,2000000100
5100000481,142100,00001,2018,2,20180607,20180607,2000000100
5100000481,120200,00001,2018,2,20180608,20180608,2000000100
5100000481,150400,00001,2018,2,20180612,20180612,2000000100
5100000481,151200,00001,2018,2,20180612,20180612,2000000100
5100000481,152700,00001,2018,2,20180612,20180612,2000000100
5100000481,154300,00001,2018,2,20180612,20180612,2000000100
4900000606,230300,00001,2018,1,20180626,20180626,2000000100
,230300,00001,2018,1,20180626,20180626,2000000100
4900000607,230700,00001,2018,1,20180626,20180626,2000000100
,230700,00001,2018,1,20180626,20180626,2000000100
4900000608,231000,00001,2018,1,20180626,20180626,2000000100
,231000,00001,2018,1,20180626,20180626,2000000100
4900000609,231200,00001,2018,1,20180626,20180626,2000000100
,231200,00001,2018,1,20180626,20180626,2000000100
4900000610,231500,00001,2018,1,20180626,20180626,2000000100
,231500,00001,2018,1,20180626,20180626,2000000100
4900000611,231800,00001,2018,1,20180626,20180626,2000000100
,231800,00001,2018,1,20180626,20180626,2000000100
4900000612,232000,00001,2018,1,20180626,20180626,2000000100
,232000,00001,2018,1,20180626,20180626,2000000100
4900000613,233100,00001,2018,1,20180626,20180626,2000000100
,233100,00001,2018,1,20180626,20180626,2000000100
4900000614,233400,00001,2018,1,20180626,20180626,2000000100
,233400,00001,2018,1,20180626,20180626,2000000100
4900000615,233600,00001,2018,1,20180626,20180626,2000000100
,233600,00001,2018,1,20180626,20180626,2000000100
4900000616,233800,00001,2018,1,20180626,20180626,2000000100
,233800,00001,2018,1,20180626,20180626,2000000100
4900000617,234600,00001,2018,1,20180626,20180626,2000000100
,234600,00001,2018,1,20180626,20180626,2000000100
4900000618,112700,00001,2018,1,20180628,20180628,2000000100
,112700,00001,2018,1,20180628,20180628,2000000100
5100000482,084800,00001,2018,2,20180704,20180704,2000000100
5100000482,095600,00001,2018,2,20180709,20180709,2000000100
5100000482,101700,00001,2018,2,20180709,20180709,2000000100
5100000482,101900,00001,2018,2,20180709,20180709,2000000100
5100000482,102100,00001,2018,2,20180709,20180709,2000000100
5100000482,102300,00001,2018,2,20180709,20180709,2000000100
5100000482,123000,00001,2018,2,20180709,20180709,2000000100
5100000482,123100,00001,2018,2,20180709,20180709,2000000100
5100000482,123300,00001,2018,2,20180709,20180709,2000000100
5100000482,123400,00001,2018,2,20180709,20180709,2000000100
5100000482,123500,00001,2018,2,20180709,20180709,2000000100
5100000482,090500,00001,2018,2,20180711,20180711,2000000100
5100000482,091100,00001,2018,2,20180711,20180711,2000000100
5100000482,150100,00001,2018,2,20180713,20180713,2000000100
4900000619,131900,00001,2018,1,20180724,20180724,2000000100
,131900,00001,2018,1,20180724,20180724,2000000100
4900000620,132300,00001,2018,1,20180724,20180724,2000000100
,132300,00001,2018,1,20180724,20180724,2000000100
4900000621,132600,00001,2018,1,20180724,20180724,2000000100
,132600,00001,2018,1,20180724,20180724,2000000100
4900000622,132900,00001,2018,1,20180724,20180724,2000000100
,132900,00001,2018,1,20180724,20180724,2000000100
4900000623,133100,00001,2018,1,20180724,20180724,2000000100
,133100,00001,2018,1,20180724,20180724,2000000100
4900000624,133400,00001,2018,1,20180724,20180724,2000000100
,133400,00001,2018,1,20180724,20180724,2000000100
4900000625,133700,00001,2018,1,20180724,20180724,2000000100
,133700,00001,2018,1,20180724,20180724,2000000100
4900000626,134000,00001,2018,1,20180724,20180724,2000000100
,134000,00001,2018,1,20180724,20180724,2000000100
5100000482,073700,00001,2018,2,20180727,20180727,2000000100
5100000482,081200,00001,2018,2,20180727,20180727,2000000100
5100000482,093900,00001,2018,2,20180727,20180727,2000000100
4900000627,111800,00001,2018,1,20180727,20180727,2000000100
,111800,00001,2018,1,20180727,20180727,2000000100
5100000482,094100,00001,2018,2,20180730,20180730,2000000100
5100000483,132900,00001,2018,2,20180801,20180801,2000000100
5100000483,094600,00001,2018,2,20180802,20180802,2000000100
5100000483,133700,00001,2018,2,20180806,20180806,2000000100
5100000483,153600,00001,2018,2,20180806,20180806,2000000100
5100000483,103300,00001,2018,2,20180813,20180813,2000000100
5100000483,091100,00001,2018,2,20180814,20180814,2000000100
5100000483,151400,00001,2018,2,20180817,20180817,2000000100
4900000628,103900,00001,2018,1,20180827,20180827,2000000100
,103900,00001,2018,1,20180827,20180827,2000000100
4900000629,105000,00001,2018,1,20180827,20180827,2000000100
,105000,00001,2018,1,20180827,20180827,2000000100
5100000483,092900,00001,2018,2,20180830,20180830,2000000100
4900000630,120100,00001,2018,1,20180830,20180830,2000000100
,120100,00001,2018,1,20180830,20180830,2000000100
4900000631,151000,00001,2018,1,20180830,20180830,2000000100
,151000,00001,2018,1,20180830,20180830,2000000100
4900000632,151400,00001,2018,1,20180830,20180830,2000000100
,151400,00001,2018,1,20180830,20180830,2000000100
4900000633,151800,00001,2018,1,20180830,20180830,2000000100
,151800,00001,2018,1,20180830,20180830,2000000100
4900000634,152100,00001,2018,1,20180830,20180830,2000000100
,152100,00001,2018,1,20180830,20180830,2000000100
4900000635,152400,00001,2018,1,20180830,20180830,2000000100
,152400,00001,2018,1,20180830,20180830,2000000100
4900000636,152800,00001,2018,1,20180830,20180830,2000000100
,152800,00001,2018,1,20180830,20180830,2000000100
4900000637,153100,00001,2018,1,20180830,20180830,2000000100
,153100,00001,2018,1,20180830,20180830,2000000100
4900000638,153500,00001,2018,1,20180830,20180830,2000000100
,153500,00001,2018,1,20180830,20180830,2000000100
4900000639,153800,00001,2018,1,20180830,20180830,2000000100
,153800,00001,2018,1,20180830,20180830,2000000100
4900000640,154200,00001,2018,1,20180830,20180830,2000000100
,154200,00001,2018,1,20180830,20180830,2000000100
4900000641,155100,00001,2018,1,20180830,20180830,2000000100
,155100,00001,2018,1,20180830,20180830,2000000100
4900000642,155700,00001,2018,1,20180830,20180830,2000000100
,155700,00001,2018,1,20180830,20180830,2000000100
5100000483,121600,00001,2018,2,20180831,20180831,2000000100
5100000483,122000,00001,2018,2,20180831,20180831,2000000100
5100000483,131200,00001,2018,2,20180831,20180831,2000000100
5100000484,081600,00001,2018,2,20180903,20180903,2000000100
5100000484,151800,00001,2018,2,20180903,20180903,2000000100
5100000484,091200,00001,2018,2,20180906,20180906,2000000100
5100000484,100100,00001,2018,2,20180906,20180906,2000000100
5100000484,100200,00001,2018,2,20180906,20180906,2000000100
5100000484,100400,00001,2018,2,20180906,20180906,2000000100
5100000484,115500,00001,2018,2,20180906,20180906,2000000100
5100000484,120400,00001,2018,2,20180906,20180906,2000000100
5100000484,143100,00001,2018,2,20180906,20180906,2000000100
5100000484,143300,00001,2018,2,20180906,20180906,2000000100
5100000484,143600,00001,2018,2,20180906,20180906,2000000100
4900000643,071200,00001,2018,1,20180928,20180928,2000000100
,071200,00001,2018,1,20180928,20180928,2000000100
4900000644,072100,00001,2018,1,20180928,20180928,2000000100
,072100,00001,2018,1,20180928,20180928,2000000100
4900000645,072500,00001,2018,1,20180928,20180928,2000000100
,072500,00001,2018,1,20180928,20180928,2000000100
4900000646,073100,00001,2018,1,20180928,20180928,2000000100
,073100,00001,2018,1,20180928,20180928,2000000100
4900000647,073600,00001,2018,1,20180928,20180928,2000000100
,073600,00001,2018,1,20180928,20180928,2000000100
4900000648,074000,00001,2018,1,20180928,20180928,2000000100
,074000,00001,2018,1,20180928,20180928,2000000100
4900000649,075400,00001,2018,1,20180928,20180928,2000000100
,075400,00001,2018,1,20180928,20180928,2000000100
4900000650,075900,00001,2018,1,20180928,20180928,2000000100
,075900,00001,2018,1,20180928,20180928,2000000100
4900000651,080300,00001,2018,1,20180928,20180928,2000000100
,080300,00001,2018,1,20180928,20180928,2000000100
,080800,00001,2018,1,20180928,20180928,2000000100
4900000652,080900,00001,2018,1,20180928,20180928,2000000100
4900000653,081300,00001,2018,1,20180928,20180928,2000000100
,081300,00001,2018,1,20180928,20180928,2000000100
5100000484,110200,00001,2018,2,20180928,20180928,2000000100
5100000486,122800,00001,2018,2,20181001,20181001,2000000100
5100000486,153300,00001,2018,2,20181001,20181001,2000000100
5100000486,101700,00001,2018,2,20181002,20181002,2000000100
5100000486,102000,00001,2018,2,20181002,20181002,2000000100
5100000486,102700,00001,2018,2,20181002,20181002,2000000100
5100000486,102900,00001,2018,2,20181002,20181002,2000000100
5100000486,103100,00001,2018,2,20181002,20181002,2000000100
5100000486,092200,00001,2018,2,20181003,20181003,2000000100
5100000486,092400,00001,2018,2,20181003,20181003,2000000100
5100000486,092600,00001,2018,2,20181003,20181003,2000000100
5100000486,093000,00001,2018,2,20181003,20181003,2000000100
4900000654,164000,00001,2018,1,20181030,20181030,2000000100
,164000,00001,2018,1,20181030,20181030,2000000100
4900000655,164400,00001,2018,1,20181030,20181030,2000000100
,164400,00001,2018,1,20181030,20181030,2000000100
4900000656,164800,00001,2018,1,20181030,20181030,2000000100
,164800,00001,2018,1,20181030,20181030,2000000100
4900000657,165200,00001,2018,1,20181030,20181030,2000000100
,165200,00001,2018,1,20181030,20181030,2000000100
4900000658,165600,00001,2018,1,20181030,20181030,2000000100
,165600,00001,2018,1,20181030,20181030,2000000100
4900000659,170000,00001,2018,1,20181030,20181030,2000000100
,170000,00001,2018,1,20181030,20181030,2000000100
4900000660,170400,00001,2018,1,20181030,20181030,2000000100
,170400,00001,2018,1,20181030,20181030,2000000100
4900000661,170800,00001,2018,1,20181030,20181030,2000000100
,170800,00001,2018,1,20181030,20181030,2000000100
4900000662,171200,00001,2018,1,20181030,20181030,2000000100
,171200,00001,2018,1,20181030,20181030,2000000100
4900000663,171600,00001,2018,1,20181030,20181030,2000000100
,171600,00001,2018,1,20181030,20181030,2000000100
4900000664,172000,00001,2018,1,20181030,20181030,2000000100
,172000,00001,2018,1,20181030,20181030,2000000100
4900000665,172400,00001,2018,1,20181030,20181030,2000000100
,172400,00001,2018,1,20181030,20181030,2000000100
4900000666,172800,00001,2018,1,20181030,20181030,2000000100
,172800,00001,2018,1,20181030,20181030,2000000100
5100000486,100900,00001,2018,2,20181031,20181031,2000000100
5100000486,101100,00001,2018,2,20181031,20181031,2000000100
5100000486,101200,00001,2018,2,20181031,20181031,2000000100
5100000486,101500,00001,2018,2,20181031,20181031,2000000100
5100000486,152500,00001,2018,2,20181031,20181031,2000000100
5100000486,152700,00001,2018,2,20181031,20181031,2000000100
5100000486,153900,00001,2018,2,20181031,20181031,2000000100
5100000486,111400,00001,2018,2,20181105,20181105,2000000100
5100000486,154700,00001,2018,2,20181105,20181105,2000000100
5100000486,042300,00001,2018,2,20181106,20181106,2000000100
5100000486,120900,00001,2018,2,20181106,20181106,2000000100
5100000486,025400,00001,2018,2,20181107,20181107,2000000100
5100000486,123300,00001,2018,2,20181112,20181112,2000000100
5100000486,123500,00001,2018,2,20181112,20181112,2000000100
5100000486,160100,00001,2018,2,20181112,20181112,2000000100
5100000487,122400,00001,2018,2,20181114,20181114,2000000100
5100000487,154000,00001,2018,2,20181114,20181114,2000000100
5100000487,111400,00001,2018,2,20181119,20181119,2000000100
5100000487,134600,00001,2018,2,20181121,20181121,2000000100
5100000487,140100,00001,2018,2,20181121,20181121,2000000100
4900000667,011300,00001,2018,1,20181127,20181127,2000000100
,011300,00001,2018,1,20181127,20181127,2000000100
4900000668,011800,00001,2018,1,20181127,20181127,2000000100
,011800,00001,2018,1,20181127,20181127,2000000100
4900000669,012300,00001,2018,1,20181127,20181127,2000000100
,012300,00001,2018,1,20181127,20181127,2000000100
4900000670,013000,00001,2018,1,20181127,20181127,2000000100
,013000,00001,2018,1,20181127,20181127,2000000100
4900000671,014200,00001,2018,1,20181127,20181127,2000000100
,014200,00001,2018,1,20181127,20181127,2000000100
4900000672,015600,00001,2018,1,20181127,20181127,2000000100
,015600,00001,2018,1,20181127,20181127,2000000100
4900000673,020300,00001,2018,1,20181127,20181127,2000000100
,020300,00001,2018,1,20181127,20181127,2000000100
4900000674,021000,00001,2018,1,20181127,20181127,2000000100
,021000,00001,2018,1,20181127,20181127,2000000100
4900000675,022100,00001,2018,1,20181127,20181127,2000000100
,022100,00001,2018,1,20181127,20181127,2000000100
4900000676,022800,00001,2018,1,20181127,20181127,2000000100
,022800,00001,2018,1,20181127,20181127,2000000100
5100000487,154700,00001,2018,2,20181127,20181127,2000000100
5100000487,154800,00001,2018,2,20181127,20181127,2000000100
4900000677,232500,00001,2018,1,20181127,20181127,2000000100
,232500,00001,2018,1,20181127,20181127,2000000100
4900000678,233600,00001,2018,1,20181127,20181127,2000000100
,233600,00001,2018,1,20181127,20181127,2000000100
4900000679,233900,00001,2018,1,20181127,20181127,2000000100
,233900,00001,2018,1,20181127,20181127,2000000100
4900000680,234400,00001,2018,1,20181127,20181127,2000000100
,234400,00001,2018,1,20181127,20181127,2000000100
5100000488,170500,00001,2018,2,20181212,20181212,2000000100
4900000681,130900,00001,2018,1,20181217,20181217,2000000100
,130900,00001,2018,1,20181217,20181217,2000000100
4900000682,131900,00001,2018,1,20181217,20181217,2000000100
,131900,00001,2018,1,20181217,20181217,2000000100
4900000683,132700,00001,2018,1,20181217,20181217,2000000100
,132700,00001,2018,1,20181217,20181217,2000000100
4900000684,133200,00001,2018,1,20181217,20181217,2000000100
,133200,00001,2018,1,20181217,20181217,2000000100
4900000685,133700,00001,2018,1,20181217,20181217,2000000100
,133700,00001,2018,1,20181217,20181217,2000000100
4900000686,134400,00001,2018,1,20181217,20181217,2000000100
,134400,00001,2018,1,20181217,20181217,2000000100
4900000687,135000,00001,2018,1,20181217,20181217,2000000100
,135000,00001,2018,1,20181217,20181217,2000000100
4900000688,135900,00001,2018,1,20181217,20181217,2000000100
,135900,00001,2018,1,20181217,20181217,2000000100
4900000689,140300,00001,2018,1,20181217,20181217,2000000100
,140300,00001,2018,1,20181217,20181217,2000000100
4900000690,155600,00001,2018,1,20181217,20181217,2000000100
,155600,00001,2018,1,20181217,20181217,2000000100
4900000691,160700,00001,2018,1,20181217,20181217,2000000100
,160700,00001,2018,1,20181217,20181217,2000000100
5100000488,124000,00001,2018,2,20181220,20181220,2000000100
5100000488,125600,00001,2018,2,20181220,20181220,2000000100
5100000488,150100,00001,2018,2,20181220,20181220,2000000100
5100000488,150300,00001,2018,2,20181220,20181220,2000000100
5100000488,150700,00001,2018,2,20181220,20181220,2000000100
5100000488,132300,00001,2018,2,20181224,20181224,2000000100
5100000488,135700,00001,2018,2,20181227,20181227,2000000100
5100000488,140100,00001,2018,2,20181227,20181227,2000000100
5100000488,140400,00001,2018,2,20181227,20181227,2000000100
5100000488,161800,00001,2018,2,20181227,20181227,2000000100
5100000488,130900,00001,2018,2,20181228,20181228,2000000100
5100000488,131500,00001,2018,2,20181228,20181228,2000000100
5100000488,085400,00001,2019,2,20190102,20190102,2000000100
5100000488,085600,00001,2019,2,20190102,20190102,2000000100
5100000488,122700,00001,2019,2,20190102,20190102,2000000100
5100000488,133500,00001,2019,2,20190102,20190102,2000000100
5100000488,164300,00001,2019,2,20190102,20190102,2000000100
5100000488,081100,00001,2019,2,20190103,20190103,2000000100
5100000488,092500,00001,2019,2,20190103,20190103,2000000100
5100000488,092700,00001,2019,2,20190103,20190103,2000000100
5100000488,070200,00001,2019,2,20190104,20190104,2000000100
5100000488,095200,00001,2019,2,20190104,20190104,2000000100
5100000488,122900,00001,2019,2,20190104,20190104,2000000100
4900000692,080400,00001,2018,1,20180211,20180211,2000000101
,080400,00001,2018,1,20180211,20180211,2000000101
5100000491,143700,00001,2018,2,20180212,20180212,2000000101
4900000693,085600,00001,2018,1,20180213,20180213,2000000101
,085600,00001,2018,1,20180213,20180213,2000000101
5100000491,143400,00001,2018,2,20180403,20180403,2000000101
4900000694,052400,00001,2018,1,20180609,20180609,2000000102
,052400,00001,2018,1,20180609,20180609,2000000102
5100000492,131200,00001,2018,2,20180611,20180611,2000000102
4900000695,052500,00001,2018,1,20180711,20180711,2000000102
,052500,00001,2018,1,20180711,20180711,2000000102
5100000493,072600,00001,2018,2,20180711,20180711,2000000102
4900000696,084100,00001,2018,1,20180729,20180729,2000000102
,084100,00001,2018,1,20180729,20180729,2000000102
5100000494,075600,00001,2018,2,20180731,20180731,2000000102
4900000697,064400,00001,2018,1,20181011,20181011,2000000102
,064400,00001,2018,1,20181011,20181011,2000000102
5100000495,111200,00001,2018,2,20181011,20181011,2000000102
4900000698,141100,00001,2018,1,20180205,20180205,2000000103
5100000496,150900,00001,2018,2,20180305,20180305,2000000103
4900000699,084500,00001,2018,1,20180207,20180207,2000000104
5100000497,165200,00001,2018,2,20180228,20180228,2000000104
4900000700,131300,00001,2018,1,20180130,20180130,2000000106
,131300,00001,2018,1,20180130,20180130,2000000106
5100000498,105600,00001,2018,2,20180131,20180131,2000000106
4900000701,062100,00001,2018,1,20180216,20180216,2000000107
,062100,00001,2018,1,20180216,20180216,2000000107
5100000499,161800,00001,2018,2,20180313,20180313,2000000107
4900000702,102600,00001,2018,1,20180221,20180221,2000000108
,102600,00001,2018,1,20180221,20180221,2000000108
5100000500,130500,00001,2018,2,20180222,20180222,2000000108
4900000703,131200,00001,2018,1,20180130,20180130,2000000109
,131200,00001,2018,1,20180130,20180130,2000000109
5100000501,133100,00001,2018,2,20180207,20180207,2000000109
4900000704,081700,00001,2018,1,20180209,20180209,2000000110
5100000502,131000,00001,2018,2,20180403,20180403,2000000110
4900000705,103600,00001,2018,1,20180205,20180205,2000000111
,103600,00001,2018,1,20180205,20180205,2000000111
5100000503,161800,00001,2018,2,20180209,20180209,2000000111
4900000706,104700,00001,2018,1,20180205,20180205,2000000112
5100000504,072900,00001,2018,2,20180210,20180210,2000000112
4900000707,065400,00001,2018,1,20180306,20180306,2000000113
5100000505,165200,00001,2018,2,20180322,20180322,2000000113
4900000708,122300,00001,2018,1,20180406,20180406,2000000114
,122300,00001,2018,1,20180406,20180406,2000000114
5100000506,073900,00001,2018,2,20180504,20180504,2000000114
4900000709,100400,00001,2018,1,20180919,20180919,2000000114
,100400,00001,2018,1,20180919,20180919,2000000114
5100000507,073200,00001,2018,2,20180926,20180926,2000000114
4900000710,102700,00001,2018,1,20181218,20181218,2000000114
,102700,00001,2018,1,20181218,20181218,2000000114
4900000711,103000,00001,2018,1,20181218,20181218,2000000114
,103000,00001,2018,1,20181218,20181218,2000000114
4900000712,103200,00001,2018,1,20181218,20181218,2000000114
,103200,00001,2018,1,20181218,20181218,2000000114
5100000510,112600,00001,2018,2,20181218,20181218,2000000114
5100000510,151300,00001,2018,2,20181218,20181218,2000000114
5100000510,155400,00001,2018,2,20181219,20181219,2000000114
4900000713,102700,00001,2018,1,20180301,20180301,2000000115
,102700,00001,2018,1,20180301,20180301,2000000115
5100000512,100600,00001,2018,2,20180306,20180306,2000000115
4900000714,212600,00001,2018,1,20180429,20180429,2000000115
,212600,00001,2018,1,20180429,20180429,2000000115
5100000513,124800,00001,2018,2,20180514,20180514,2000000115
5100000513,061400,00001,2018,2,20180525,20180525,2000000115
4900000715,235100,00001,2018,1,20180624,20180624,2000000115
,235100,00001,2018,1,20180624,20180624,2000000115
5100000514,035500,00001,2018,2,20180801,20180801,2000000115
4900000716,091400,00001,2018,1,20180205,20180205,2000000116
5100000516,071000,00001,2018,2,20180320,20180320,2000000116
5100000516,083400,00001,2018,2,20180614,20180614,2000000116
4900000717,090400,00001,2018,1,20180206,20180206,2000000117
5100000517,164500,00001,2018,2,20180315,20180315,2000000117
4900000718,090400,00002,2018,1,20180206,20180206,2000000117
5100000518,164500,00002,2018,2,20180315,20180315,2000000117
4900000719,090400,00003,2018,1,20180206,20180206,2000000117
5100000519,164500,00003,2018,2,20180315,20180315,2000000117
4900000720,090400,00004,2018,1,20180206,20180206,2000000117
5100000520,164500,00004,2018,2,20180315,20180315,2000000117
4900000721,090400,00005,2018,1,20180206,20180206,2000000117
5100000521,164500,00005,2018,2,20180315,20180315,2000000117
4900000722,090400,00006,2018,1,20180206,20180206,2000000117
5100000522,164500,00006,2018,2,20180315,20180315,2000000117
4900000723,125700,00001,2018,1,20180207,20180207,2000000118
,002100,00001,2018,2,20180820,20180820,2000000118
4900000724,103700,00001,2018,1,20180328,20180328,2000000120
,103700,00001,2018,1,20180328,20180328,2000000120
4900000725,104100,00001,2018,1,20180328,20180328,2000000120
,104100,00001,2018,1,20180328,20180328,2000000120
5100000524,125900,00001,2018,2,20180403,20180403,2000000120
5100000524,121000,00001,2018,2,20180413,20180413,2000000120
4900000726,155700,00001,2018,1,20180321,20180321,2000000121
5100000525,112800,00001,2018,2,20180322,20180322,2000000121
4900000727,155700,00002,2018,1,20180321,20180321,2000000121
5100000526,112800,00002,2018,2,20180322,20180322,2000000121
4900000728,155700,00003,2018,1,20180321,20180321,2000000121
5100000527,112800,00003,2018,2,20180322,20180322,2000000121
4900000729,155700,00004,2018,1,20180321,20180321,2000000121
5100000528,112800,00004,2018,2,20180322,20180322,2000000121
4900000730,155700,00005,2018,1,20180321,20180321,2000000121
5100000529,112800,00005,2018,2,20180322,20180322,2000000121
4900000731,155700,00006,2018,1,20180321,20180321,2000000121
5100000530,112800,00006,2018,2,20180322,20180322,2000000121
4900000732,155700,00007,2018,1,20180321,20180321,2000000121
5100000531,112800,00007,2018,2,20180322,20180322,2000000121
4900000733,155700,00008,2018,1,20180321,20180321,2000000121
5100000532,112800,00008,2018,2,20180322,20180322,2000000121
4900000734,155700,00009,2018,1,20180321,20180321,2000000121
5100000533,112800,00009,2018,2,20180322,20180322,2000000121
4900000735,155700,00010,2018,1,20180321,20180321,2000000121
5100000534,112800,00010,2018,2,20180322,20180322,2000000121
4900000736,155700,00011,2018,1,20180321,20180321,2000000121
5100000535,112800,00011,2018,2,20180322,20180322,2000000121
4900000737,135700,00001,2018,1,20180330,20180330,2000000122
,135700,00001,2018,1,20180330,20180330,2000000122
5100000536,141500,00001,2018,2,20180403,20180403,2000000122
4900000738,095800,00001,2018,1,20180618,20180618,2000000122
,095800,00001,2018,1,20180618,20180618,2000000122
5100000537,103600,00001,2018,2,20180619,20180619,2000000122
4900000739,101500,00001,2018,1,20180724,20180724,2000000122
,101500,00001,2018,1,20180724,20180724,2000000122
5100000538,095600,00001,2018,2,20180725,20180725,2000000122
4900000740,075800,00001,2018,1,20180206,20180206,2000000123
5100000539,135700,00001,2018,2,20180312,20180312,2000000123
4900000741,091300,00002,2018,1,20180312,20180312,2000000123
5100000540,134400,00002,2018,2,20180327,20180327,2000000123
4900000742,075800,00003,2018,1,20180206,20180206,2000000123
5100000541,135700,00003,2018,2,20180312,20180312,2000000123
4900000743,075800,00004,2018,1,20180206,20180206,2000000123
5100000542,135700,00004,2018,2,20180312,20180312,2000000123
4900000744,085300,00005,2018,1,20180205,20180205,2000000123
5100000543,135700,00005,2018,2,20180312,20180312,2000000123
4900000745,085100,00001,2018,1,20180205,20180205,2000000124
5100000544,164200,00001,2018,2,20180228,20180228,2000000124
4900000746,085100,00002,2018,1,20180205,20180205,2000000124
5100000545,164200,00002,2018,2,20180228,20180228,2000000124
4900000747,130300,00001,2018,1,20180206,20180206,2000000125
,002100,00001,2018,2,20180820,20180820,2000000125
4900000748,075700,00002,2018,1,20180206,20180206,2000000125
,002100,00002,2018,2,20180820,20180820,2000000125
4900000749,084100,00001,2018,1,20180214,20180214,2000000126
5100000546,140400,00001,2018,2,20180227,20180227,2000000126
4900000750,084100,00002,2018,1,20180214,20180214,2000000126
5100000547,140400,00002,2018,2,20180227,20180227,2000000126
4900000751,084100,00003,2018,1,20180214,20180214,2000000126
5100000548,140400,00003,2018,2,20180227,20180227,2000000126
4900000752,153700,00001,2018,1,20180206,20180206,2000000127
5100000549,131700,00001,2018,2,20180403,20180403,2000000127
4900000753,072200,00001,2018,1,20180327,20180327,2000000128
,072200,00001,2018,1,20180327,20180327,2000000128
5100000550,134600,00001,2018,2,20180403,20180403,2000000128
4900000754,155700,00001,2018,1,20180307,20180307,2000000129
,155700,00001,2018,1,20180307,20180307,2000000129
5100000551,163200,00001,2018,2,20180312,20180312,2000000129
4900000755,122500,00001,2018,1,20180213,20180213,2000000130
5100000552,091000,00001,2018,2,20180404,20180404,2000000130
4900000756,122500,00002,2018,1,20180213,20180213,2000000130
5100000553,091000,00002,2018,2,20180404,20180404,2000000130
4900000757,075900,00001,2018,1,20180223,20180223,2000000131
5100000554,133100,00001,2018,2,20180226,20180226,2000000131
4900000758,131400,00001,2018,1,20180305,20180305,2000000131
5100000554,111200,00001,2018,2,20180306,20180306,2000000131
4900000759,075900,00002,2018,1,20180223,20180223,2000000131
5100000555,133100,00002,2018,2,20180226,20180226,2000000131
5100000555,111200,00002,2018,2,20180306,20180306,2000000131
4900000760,103000,00001,2018,1,20180213,20180213,2000000132
,103000,00001,2018,1,20180213,20180213,2000000132
5100000556,154700,00001,2018,2,20180227,20180227,2000000132
4900000761,081200,00001,2018,1,20180212,20180212,2000000133
5100000557,140500,00001,2018,2,20180514,20180514,2000000133
4900000762,075800,00001,2018,1,20180214,20180214,2000000134
5100000558,071800,00001,2018,2,20180320,20180320,2000000134
4900000763,080800,00001,2018,1,20180320,20180320,2000000135
5100000559,081800,00001,2018,2,20180327,20180327,2000000135
4900000764,080800,00002,2018,1,20180320,20180320,2000000135
5100000560,081800,00002,2018,2,20180327,20180327,2000000135
4900000765,125000,00001,2018,1,20180926,20180926,2000000136
4900000766,081000,00001,2018,1,20180212,20180212,2000000137
5100000561,152000,00001,2018,2,20180228,20180228,2000000137
4900000767,060900,00001,2018,1,20180417,20180417,2000000138
5100000562,093200,00001,2018,2,20180417,20180417,2000000138
4900000768,081000,00001,2018,1,20180212,20180212,2000000139
5100000563,090900,00001,2018,2,20180404,20180404,2000000139
4900000769,084000,00001,2018,1,20180226,20180226,2000000140
5100000564,083500,00001,2018,2,20180307,20180307,2000000140
4900000770,110600,00001,2018,1,20180213,20180213,2000000141
5100000565,130200,00001,2018,2,20180403,20180403,2000000141
4900000771,110600,00002,2018,1,20180213,20180213,2000000141
5100000566,130200,00002,2018,2,20180403,20180403,2000000141
4900000772,110600,00003,2018,1,20180213,20180213,2000000141
5100000567,130200,00003,2018,2,20180403,20180403,2000000141
4900000773,101700,00001,2018,1,20180215,20180215,2000000142
,002100,00001,2018,2,20180820,20180820,2000000142
4900000774,101700,00002,2018,1,20180215,20180215,2000000142
,002100,00002,2018,2,20180820,20180820,2000000142
4900000775,111600,00003,2018,1,20180213,20180213,2000000142
,002100,00003,2018,2,20180820,20180820,2000000142
,112200,00001,2018,1,20180430,20180430,2000000143
4900000776,112200,00001,2018,1,20180430,20180430,2000000143
5100000568,095100,00001,2018,2,20180508,20180508,2000000143
,115400,00001,2018,2,20180212,20180212,2000000144
4900000777,095700,00001,2018,1,20180213,20180213,2000000144
4900000778,095700,00002,2018,1,20180213,20180213,2000000144
5100000570,072600,00002,2018,2,20180310,20180310,2000000144
,115500,00001,2018,2,20180212,20180212,2000000145
4900000779,095600,00001,2018,1,20180213,20180213,2000000145
4900000780,085500,00001,2018,1,20180305,20180305,2000000146
5100000572,135300,00001,2018,2,20180313,20180313,2000000146
4900000781,160300,00001,2018,1,20180212,20180212,2000000147
,160300,00001,2018,1,20180212,20180212,2000000147
5100000573,164400,00001,2018,2,20180315,20180315,2000000147
4900000782,095500,00001,2018,1,20180213,20180213,2000000148
5100000574,125800,00001,2018,2,20180403,20180403,2000000148
4900000783,095900,00001,2018,1,20180213,20180213,2000000149
5100000575,162100,00001,2018,2,20180228,20180228,2000000149
4900000784,100200,00001,2018,1,20180226,20180226,2000000150
5100000576,150100,00001,2018,2,20180319,20180319,2000000150
4900000785,100200,00002,2018,1,20180226,20180226,2000000150
5100000577,150100,00002,2018,2,20180319,20180319,2000000150
4900000786,100200,00003,2018,1,20180226,20180226,2000000150
5100000578,150100,00003,2018,2,20180319,20180319,2000000150
4900000787,100200,00004,2018,1,20180226,20180226,2000000150
5100000579,150100,00004,2018,2,20180319,20180319,2000000150
4900000788,100200,00005,2018,1,20180226,20180226,2000000150
5100000580,150100,00005,2018,2,20180319,20180319,2000000150
4900000789,100200,00006,2018,1,20180226,20180226,2000000150
5100000581,150100,00006,2018,2,20180319,20180319,2000000150
4900000790,100200,00007,2018,1,20180226,20180226,2000000150
5100000582,150100,00007,2018,2,20180319,20180319,2000000150
4900000791,100200,00008,2018,1,20180226,20180226,2000000150
5100000583,150100,00008,2018,2,20180319,20180319,2000000150
4900000792,100200,00009,2018,1,20180226,20180226,2000000150
5100000584,150100,00009,2018,2,20180319,20180319,2000000150
4900000793,110400,00001,2018,1,20180223,20180223,2000000151
5100000585,071000,00001,2018,2,20180320,20180320,2000000151
4900000794,065300,00001,2018,1,20180306,20180306,2000000152
5100000586,143700,00001,2018,2,20180319,20180319,2000000152
4900000795,065300,00002,2018,1,20180306,20180306,2000000152
5100000587,143700,00002,2018,2,20180319,20180319,2000000152
4900000796,065300,00003,2018,1,20180306,20180306,2000000152
5100000588,143700,00003,2018,2,20180319,20180319,2000000152
4900000797,065300,00004,2018,1,20180306,20180306,2000000152
5100000589,143700,00004,2018,2,20180319,20180319,2000000152
4900000798,065100,00001,2018,1,20180306,20180306,2000000153
,002300,00001,2018,2,20180906,20180906,2000000153
4900000799,065100,00002,2018,1,20180306,20180306,2000000153
,002300,00002,2018,2,20180906,20180906,2000000153
4900000800,065100,00003,2018,1,20180306,20180306,2000000153
,002300,00003,2018,2,20180906,20180906,2000000153
4900000801,065100,00004,2018,1,20180306,20180306,2000000153
,002300,00004,2018,2,20180906,20180906,2000000153
4900000802,065100,00005,2018,1,20180306,20180306,2000000153
,002300,00005,2018,2,20180906,20180906,2000000153
4900000803,065100,00006,2018,1,20180306,20180306,2000000153
,002300,00006,2018,2,20180906,20180906,2000000153
4900000804,065100,00007,2018,1,20180306,20180306,2000000153
,002300,00007,2018,2,20180906,20180906,2000000153
4900000805,065100,00008,2018,1,20180306,20180306,2000000153
,002300,00008,2018,2,20180906,20180906,2000000153
4900000806,065100,00009,2018,1,20180306,20180306,2000000153
,002300,00009,2018,2,20180906,20180906,2000000153
4900000807,065100,00010,2018,1,20180306,20180306,2000000153
,002300,00010,2018,2,20180906,20180906,2000000153
4900000808,110800,00001,2018,1,20180212,20180212,2000000154
,110800,00001,2018,1,20180212,20180212,2000000154
5100000590,165900,00001,2018,2,20180313,20180313,2000000154
4900000809,102000,00001,2018,1,20180215,20180215,2000000155
5100000591,162000,00001,2018,2,20180321,20180321,2000000155
4900000810,143600,00001,2018,1,20180220,20180220,2000000156
,143600,00001,2018,1,20180220,20180220,2000000156
5100000592,104500,00001,2018,2,20180307,20180307,2000000156
4900000811,151300,00001,2018,1,20180212,20180212,2000000157
4900000812,112800,00001,2018,1,20180219,20180219,2000000157
5100000593,154900,00001,2018,2,20180312,20180312,2000000157
5100000593,140300,00001,2018,2,20180720,20180720,2000000157
4900000813,151300,00002,2018,1,20180212,20180212,2000000157
4900000814,112800,00002,2018,1,20180219,20180219,2000000157
5100000594,154300,00002,2018,2,20180312,20180312,2000000157
5100000594,120200,00002,2018,2,20180720,20180720,2000000157
4900000815,151300,00003,2018,1,20180212,20180212,2000000157
4900000816,112800,00003,2018,1,20180219,20180219,2000000157
5100000595,121500,00003,2018,2,20180312,20180312,2000000157
5100000595,124000,00003,2018,2,20180720,20180720,2000000157
4900000817,151300,00004,2018,1,20180212,20180212,2000000157
4900000818,112800,00004,2018,1,20180219,20180219,2000000157
5100000596,121600,00004,2018,2,20180312,20180312,2000000157
4900000819,094000,00001,2018,1,20180213,20180213,2000000158
,094000,00001,2018,1,20180213,20180213,2000000158
5100000597,163000,00001,2018,2,20180313,20180313,2000000158
4900000820,083500,00001,2018,1,20180222,20180222,2000000159
5100000598,153000,00001,2018,2,20180315,20180315,2000000159
4900000821,080600,00001,2018,1,20180320,20180320,2000000160
5100000599,162800,00001,2018,2,20180320,20180320,2000000160
4900000822,080600,00002,2018,1,20180320,20180320,2000000160
5100000600,162800,00002,2018,2,20180320,20180320,2000000160
4900000823,102900,00001,2018,1,20180322,20180322,2000000161
,102900,00001,2018,1,20180322,20180322,2000000161
5100000601,164200,00001,2018,2,20180322,20180322,2000000161
4900000824,104400,00001,2018,1,20180220,20180220,2000000162
5100000602,143000,00001,2018,2,20180319,20180319,2000000162
4900000825,104400,00002,2018,1,20180220,20180220,2000000162
5100000603,143000,00002,2018,2,20180319,20180319,2000000162
,053900,00001,2018,1,20180724,20180724,2000000163
4900000826,053900,00001,2018,1,20180724,20180724,2000000163
5100000604,081900,00001,2018,2,20180802,20180802,2000000163
4900000827,071300,00001,2018,1,20180306,20180306,2000000164
5100000605,151300,00001,2018,2,20180427,20180427,2000000164
4900000828,083300,00001,2018,1,20180226,20180226,2000000165
5100000606,171400,00001,2018,2,20180307,20180307,2000000165
4900000829,083600,00001,2018,1,20180226,20180226,2000000166
5100000607,081000,00001,2018,2,20180307,20180307,2000000166
4900000830,122800,00001,2018,1,20180220,20180220,2000000167
5100000608,165900,00001,2018,2,20180228,20180228,2000000167
4900000831,122800,00002,2018,1,20180220,20180220,2000000167
5100000609,165900,00002,2018,2,20180228,20180228,2000000167
4900000832,122800,00003,2018,1,20180220,20180220,2000000167
5100000610,165900,00003,2018,2,20180228,20180228,2000000167
4900000833,120300,00001,2018,1,20180221,20180221,2000000168
5100000611,121300,00001,2018,2,20180403,20180403,2000000168
4900000834,120300,00002,2018,1,20180221,20180221,2000000168
5100000612,121300,00002,2018,2,20180403,20180403,2000000168
4900000835,120300,00001,2018,1,20180221,20180221,2000000169
5100000613,130600,00001,2018,2,20180315,20180315,2000000169
4900000836,120300,00002,2018,1,20180221,20180221,2000000169
5100000614,130600,00002,2018,2,20180315,20180315,2000000169
4900000837,120300,00003,2018,1,20180221,20180221,2000000169
5100000615,130600,00003,2018,2,20180315,20180315,2000000169
4900000838,075300,00001,2018,1,20180420,20180420,2000000170
,075300,00001,2018,1,20180420,20180420,2000000170
5100000616,151000,00001,2018,2,20180831,20180831,2000000170
4900000839,094400,00001,2018,1,20180411,20180411,2000000171
,094400,00001,2018,1,20180411,20180411,2000000171
5100000617,145700,00001,2018,2,20180412,20180412,2000000171
4900000840,161000,00001,2018,1,20180228,20180228,2000000172
5100000618,082000,00001,2018,2,20180405,20180405,2000000172
5100000618,091200,00001,2018,2,20180803,20180803,2000000172
4900000841,161000,00002,2018,1,20180228,20180228,2000000172
5100000619,082000,00002,2018,2,20180405,20180405,2000000172
5100000619,091200,00002,2018,2,20180803,20180803,2000000172
4900000842,093900,00001,2018,1,20180223,20180223,2000000173
5100000620,134500,00001,2018,2,20180319,20180319,2000000173
4900000843,093900,00002,2018,1,20180223,20180223,2000000173
5100000621,134500,00002,2018,2,20180319,20180319,2000000173
4900000844,093900,00003,2018,1,20180223,20180223,2000000173
5100000622,134500,00003,2018,2,20180319,20180319,2000000173
4900000845,093900,00004,2018,1,20180223,20180223,2000000173
5100000623,134500,00004,2018,2,20180319,20180319,2000000173
4900000846,125300,00003,2018,1,20180227,20180227,2000000174
5100000624,103100,00003,2018,2,20180403,20180403,2000000174
4900000847,125300,00004,2018,1,20180227,20180227,2000000174
5100000625,103100,00004,2018,2,20180403,20180403,2000000174
4900000848,112400,00005,2018,1,20180223,20180223,2000000174
5100000626,103100,00005,2018,2,20180403,20180403,2000000174
4900000849,112400,00006,2018,1,20180223,20180223,2000000174
5100000627,103100,00006,2018,2,20180403,20180403,2000000174
4900000850,094000,00001,2018,1,20180223,20180223,2000000175
5100000628,121000,00001,2018,2,20180403,20180403,2000000175
4900000851,094000,00002,2018,1,20180223,20180223,2000000175
5100000629,121000,00002,2018,2,20180403,20180403,2000000175
4900000852,102500,00001,2018,1,20180228,20180228,2000000176
,102500,00001,2018,1,20180228,20180228,2000000176
5100000630,111700,00001,2018,2,20180307,20180307,2000000176
4900000853,150700,00001,2018,1,20180326,20180326,2000000177
5100000631,140500,00001,2018,2,20180412,20180412,2000000177
4900000854,150700,00002,2018,1,20180326,20180326,2000000177
,150700,00002,2018,1,20180326,20180326,2000000177
5100000632,140500,00002,2018,2,20180412,20180412,2000000177
4900000855,091800,00001,2018,1,20180328,20180328,2000000178
5100000634,110700,00001,2018,2,20180504,20180504,2000000178
5100000634,110800,00001,2018,2,20180504,20180504,2000000178
4900000856,144800,00002,2018,1,20180222,20180222,2000000178
5100000635,085400,00002,2018,2,20180310,20180310,2000000178
4900000857,120700,00003,2018,1,20180625,20180625,2000000178
5100000636,091800,00003,2018,2,20180628,20180628,2000000178
4900000858,145200,00001,2018,1,20180222,20180222,2000000179
5100000637,133400,00001,2018,2,20180226,20180226,2000000179
4900000859,124800,00001,2018,1,20180223,20180223,2000000180
5100000638,120700,00001,2018,2,20180403,20180403,2000000180
4900000860,124800,00002,2018,1,20180223,20180223,2000000180
5100000639,120700,00002,2018,2,20180403,20180403,2000000180
4900000861,124800,00003,2018,1,20180223,20180223,2000000180
5100000640,120700,00003,2018,2,20180403,20180403,2000000180
4900000862,144900,00001,2018,1,20180222,20180222,2000000181
5100000641,114200,00001,2018,2,20180403,20180403,2000000181
4900000863,141500,00001,2018,1,20180326,20180326,2000000182
,141500,00001,2018,1,20180326,20180326,2000000182
5100000642,131000,00001,2018,2,20180412,20180412,2000000182
4900000864,120100,00001,2018,1,20180221,20180221,2000000184
5100000643,051900,00001,2018,2,20180510,20180510,2000000184
4900000865,083700,00001,2018,1,20180226,20180226,2000000185
5100000644,120400,00001,2018,2,20180403,20180403,2000000185
5100000644,095600,00001,2018,2,20180405,20180405,2000000185
4900000866,083400,00001,2018,1,20180516,20180516,2000000186
,083400,00001,2018,1,20180516,20180516,2000000186
5100000646,110400,00001,2018,2,20180516,20180516,2000000186
4900000867,095300,00001,2018,1,20180618,20180618,2000000186
,095300,00001,2018,1,20180618,20180618,2000000186
5100000647,105900,00001,2018,2,20180618,20180618,2000000186
4900000868,075100,00001,2018,1,20180724,20180724,2000000186
,075100,00001,2018,1,20180724,20180724,2000000186
5100000648,105000,00001,2018,2,20180724,20180724,2000000186
4900000869,110800,00001,2018,1,20181003,20181003,2000000186
,110800,00001,2018,1,20181003,20181003,2000000186
5100000651,111900,00001,2018,2,20181004,20181004,2000000186
4900000870,150300,00001,2018,1,20181008,20181008,2000000186
,150300,00001,2018,1,20181008,20181008,2000000186
5100000651,092900,00001,2018,2,20181010,20181010,2000000186
4900000871,093400,00001,2018,1,20181118,20181118,2000000186
,093400,00001,2018,1,20181118,20181118,2000000186
4900000872,104400,00001,2018,1,20181118,20181118,2000000186
,104400,00001,2018,1,20181118,20181118,2000000186
5100000651,111800,00001,2018,2,20181119,20181119,2000000186
5100000651,111900,00001,2018,2,20181119,20181119,2000000186
,071400,00001,2018,1,20180417,20180417,2000000187
4900000873,071400,00001,2018,1,20180417,20180417,2000000187
5100000652,100800,00001,2018,2,20180716,20180716,2000000187
4900000874,101100,00001,2018,1,20180228,20180228,2000000188
,101100,00001,2018,1,20180228,20180228,2000000188
5100000653,150700,00001,2018,2,20180326,20180326,2000000188
4900000875,095700,00001,2018,1,20180227,20180227,2000000189
5100000654,092200,00001,2018,2,20180310,20180310,2000000189
4900000876,102700,00001,2018,1,20180228,20180228,2000000190
5100000655,102400,00001,2018,2,20180403,20180403,2000000190
4900000877,104700,00001,2018,1,20180227,20180227,2000000191
,104700,00001,2018,1,20180227,20180227,2000000191
5100000656,160900,00001,2018,2,20180306,20180306,2000000191
4900000878,085400,00001,2018,1,20180226,20180226,2000000192
,085400,00001,2018,1,20180226,20180226,2000000192
,002300,00001,2018,2,20180906,20180906,2000000192
4900000879,104700,00001,2018,1,20180226,20180226,2000000193
,104700,00001,2018,1,20180226,20180226,2000000193
5100000657,120600,00001,2018,2,20180226,20180226,2000000193
5100000657,120200,00001,2018,2,20181105,20181105,2000000193
5100000658,085800,00001,2018,2,20181112,20181112,2000000193
4900000880,104700,00001,2018,1,20180328,20180328,2000000194
5100000659,100700,00001,2018,2,20180403,20180403,2000000194
4900000881,152200,00001,2018,1,20180227,20180227,2000000195
5100000660,134900,00001,2018,2,20180403,20180403,2000000195
4900000882,122000,00001,2018,1,20180228,20180228,2000000196
5100000661,070900,00001,2018,2,20180320,20180320,2000000196
4900000883,104800,00001,2018,1,20180302,20180302,2000000197
5100000662,134100,00001,2018,2,20180319,20180319,2000000197
4900000884,104800,00002,2018,1,20180302,20180302,2000000197
5100000663,134100,00002,2018,2,20180319,20180319,2000000197
