user,cumulative_net_worth_eur,case_id,timestamp,activity
batch_00,298.0,2000000000_00001,2018-01-02T12:53:00.000Z,SRM: Created
batch_00,298.0,2000000000_00001,2018-01-02T13:53:00.000Z,SRM: Complete
batch_00,298.0,2000000000_00001,2018-01-02T13:53:00.000Z,SRM: Awaiting Approval
batch_00,298.0,2000000000_00001,2018-01-02T13:53:00.000Z,SRM: Document Completed
batch_00,298.0,2000000000_00001,2018-01-02T13:53:00.000Z,SRM: In Transfer to Execution Syst.
batch_00,298.0,2000000000_00001,2018-01-02T13:53:00.000Z,SRM: Ordered
batch_00,298.0,2000000000_00001,2018-01-02T13:53:00.000Z,SRM: Change was Transmitted
user_000,298.0,2000000000_00001,2018-01-02T13:53:00.000Z,Create Purchase Order Item
NONE,298.0,2000000000_00001,2018-01-02T22:59:00.000Z,Vendor creates invoice
user_000,298.0,2000000000_00001,2018-03-06T06:44:00.000Z,Record Goods Receipt
user_001,298.0,2000000000_00001,2018-03-06T07:53:00.000Z,Record Invoice Receipt
user_002,298.0,2000000000_00001,2018-03-29T13:06:00.000Z,Clear Invoice
batch_00,557.0,2000000001_00001,2018-01-03T08:49:00.000Z,SRM: Created
batch_00,557.0,2000000001_00001,2018-01-03T09:49:00.000Z,SRM: Complete
batch_00,557.0,2000000001_00001,2018-01-03T09:49:00.000Z,SRM: Awaiting Approval
batch_00,557.0,2000000001_00001,2018-01-03T09:49:00.000Z,SRM: Document Completed
batch_00,557.0,2000000001_00001,2018-01-03T09:49:00.000Z,SRM: Ordered
batch_00,557.0,2000000001_00001,2018-01-03T09:49:00.000Z,SRM: In Transfer to Execution Syst.
batch_00,557.0,2000000001_00001,2018-01-03T09:49:00.000Z,SRM: Change was Transmitted
user_000,557.0,2000000001_00001,2018-01-03T09:49:00.000Z,Create Purchase Order Item
NONE,557.0,2000000001_00001,2018-01-10T22:59:00.000Z,Vendor creates invoice
user_000,557.0,2000000001_00001,2018-01-16T12:09:00.000Z,Record Goods Receipt
NONE,557.0,2000000001_00001,2018-01-16T12:09:00.000Z,Record Service Entry Sheet
user_004,557.0,2000000001_00001,2018-01-16T14:44:00.000Z,Record Invoice Receipt
user_005,557.0,2000000001_00001,2018-03-08T12:21:00.000Z,Clear Invoice
user_003,557.0,2000000001_00001,2019-01-17T10:58:00.000Z,SRM: In Transfer to Execution Syst.
user_003,557.0,2000000001_00001,2019-01-17T10:58:00.000Z,SRM: Transfer Failed (E.Sys.)
batch_00,76210.0,2000000002_00001,2018-01-04T13:17:00.000Z,SRM: Created
batch_00,76210.0,2000000002_00001,2018-01-04T14:17:00.000Z,SRM: Complete
batch_00,76210.0,2000000002_00001,2018-01-04T14:17:00.000Z,SRM: Awaiting Approval
batch_00,76210.0,2000000002_00001,2018-01-04T14:17:00.000Z,SRM: Document Completed
batch_00,76210.0,2000000002_00001,2018-01-04T14:17:00.000Z,SRM: Ordered
batch_00,76210.0,2000000002_00001,2018-01-04T14:17:00.000Z,SRM: In Transfer to Execution Syst.
batch_00,76210.0,2000000002_00001,2018-01-04T14:17:00.000Z,SRM: Change was Transmitted
user_000,76210.0,2000000002_00001,2018-01-04T14:17:00.000Z,Create Purchase Order Item
user_000,76210.0,2000000002_00001,2018-02-06T14:53:00.000Z,Record Goods Receipt
NONE,76210.0,2000000002_00001,2018-02-06T14:53:00.000Z,Record Service Entry Sheet
NONE,76210.0,2000000002_00001,2018-02-06T22:59:00.000Z,Vendor creates invoice
user_000,76210.0,2000000002_00001,2018-02-08T10:19:00.000Z,Cancel Goods Receipt
user_000,76210.0,2000000002_00001,2018-08-16T10:20:00.000Z,Record Goods Receipt
NONE,76210.0,2000000002_00001,2018-08-16T10:20:00.000Z,Record Service Entry Sheet
batch_00,76210.0,2000000002_00001,2018-08-16T10:41:00.000Z,Record Invoice Receipt
user_002,76210.0,2000000002_00001,2018-08-16T13:03:00.000Z,Clear Invoice
user_003,76210.0,2000000002_00001,2019-01-17T10:59:00.000Z,SRM: In Transfer to Execution Syst.
user_003,76210.0,2000000002_00001,2019-01-17T10:59:00.000Z,SRM: Transfer Failed (E.Sys.)
batch_00,28.0,2000000003_00001,2018-01-08T06:21:00.000Z,SRM: Created
batch_00,28.0,2000000003_00001,2018-01-08T07:21:00.000Z,SRM: Complete
batch_00,28.0,2000000003_00001,2018-01-08T07:21:00.000Z,SRM: Awaiting Approval
batch_00,28.0,2000000003_00001,2018-01-08T07:21:00.000Z,SRM: Document Completed
batch_00,28.0,2000000003_00001,2018-01-08T07:21:00.000Z,SRM: In Transfer to Execution Syst.
batch_00,28.0,2000000003_00001,2018-01-08T07:21:00.000Z,SRM: Ordered
batch_00,28.0,2000000003_00001,2018-01-08T07:21:00.000Z,SRM: Change was Transmitted
user_000,28.0,2000000003_00001,2018-01-08T07:21:00.000Z,Create Purchase Order Item
NONE,28.0,2000000003_00001,2018-01-08T22:59:00.000Z,Vendor creates invoice
user_000,28.0,2000000003_00001,2018-01-12T13:14:00.000Z,Record Goods Receipt
user_001,28.0,2000000003_00001,2018-02-12T15:58:00.000Z,Record Invoice Receipt
user_005,28.0,2000000003_00001,2018-03-08T12:21:00.000Z,Clear Invoice
batch_00,37.0,2000000003_00002,2018-01-08T06:21:00.000Z,SRM: Created
batch_00,37.0,2000000003_00002,2018-01-08T07:21:00.000Z,SRM: Complete
batch_00,37.0,2000000003_00002,2018-01-08T07:21:00.000Z,SRM: Awaiting Approval
batch_00,37.0,2000000003_00002,2018-01-08T07:21:00.000Z,SRM: Document Completed
batch_00,37.0,2000000003_00002,2018-01-08T07:21:00.000Z,SRM: In Transfer to Execution Syst.
batch_00,37.0,2000000003_00002,2018-01-08T07:21:00.000Z,SRM: Ordered
batch_00,37.0,2000000003_00002,2018-01-08T07:21:00.000Z,SRM: Change was Transmitted
user_000,37.0,2000000003_00002,2018-01-08T07:21:00.000Z,Create Purchase Order Item
NONE,37.0,2000000003_00002,2018-01-08T22:59:00.000Z,Vendor creates invoice
user_000,37.0,2000000003_00002,2018-01-12T13:14:00.000Z,Record Goods Receipt
user_001,37.0,2000000003_00002,2018-02-12T15:58:00.000Z,Record Invoice Receipt
user_005,37.0,2000000003_00002,2018-03-08T12:21:00.000Z,Clear Invoice
batch_00,44.0,2000000003_00003,2018-01-08T06:21:00.000Z,SRM: Created
batch_00,44.0,2000000003_00003,2018-01-08T07:21:00.000Z,SRM: Complete
batch_00,44.0,2000000003_00003,2018-01-08T07:21:00.000Z,SRM: Awaiting Approval
batch_00,44.0,2000000003_00003,2018-01-08T07:21:00.000Z,SRM: Document Completed
batch_00,44.0,2000000003_00003,2018-01-08T07:21:00.000Z,SRM: In Transfer to Execution Syst.
batch_00,44.0,2000000003_00003,2018-01-08T07:21:00.000Z,SRM: Ordered
batch_00,44.0,2000000003_00003,2018-01-08T07:21:00.000Z,SRM: Change was Transmitted
user_000,44.0,2000000003_00003,2018-01-08T07:21:00.000Z,Create Purchase Order Item
NONE,44.0,2000000003_00003,2018-01-08T22:59:00.000Z,Vendor creates invoice
user_000,44.0,2000000003_00003,2018-01-12T13:14:00.000Z,Record Goods Receipt
user_001,44.0,2000000003_00003,2018-02-12T15:58:00.000Z,Record Invoice Receipt
user_005,44.0,2000000003_00003,2018-03-08T12:21:00.000Z,Clear Invoice
batch_00,166.0,2000000004_00001,2018-01-08T06:21:00.000Z,SRM: Created
batch_00,166.0,2000000004_00001,2018-01-08T07:21:00.000Z,SRM: Complete
batch_00,166.0,2000000004_00001,2018-01-08T07:21:00.000Z,SRM: Awaiting Approval
batch_00,166.0,2000000004_00001,2018-01-08T07:21:00.000Z,SRM: Document Completed
batch_00,166.0,2000000004_00001,2018-01-08T07:21:00.000Z,SRM: In Transfer to Execution Syst.
batch_00,166.0,2000000004_00001,2018-01-08T07:21:00.000Z,SRM: Ordered
batch_00,166.0,2000000004_00001,2018-01-08T07:21:00.000Z,SRM: Change was Transmitted
user_000,166.0,2000000004_00001,2018-01-08T07:21:00.000Z,Create Purchase Order Item
NONE,166.0,2000000004_00001,2018-01-08T22:59:00.000Z,Vendor creates invoice
user_000,166.0,2000000004_00001,2018-01-12T13:13:00.000Z,Record Goods Receipt
batch_00,166.0,2000000004_00001,2018-03-05T15:30:00.000Z,Record Invoice Receipt
user_002,166.0,2000000004_00001,2018-03-29T13:06:00.000Z,Clear Invoice
batch_00,433.0,2000000005_00001,2018-01-08T09:08:00.000Z,SRM: Created
batch_00,433.0,2000000005_00001,2018-01-08T10:08:00.000Z,SRM: Complete
batch_00,433.0,2000000005_00001,2018-01-08T10:08:00.000Z,SRM: Awaiting Approval
batch_00,433.0,2000000005_00001,2018-01-08T10:08:00.000Z,SRM: Document Completed
batch_00,433.0,2000000005_00001,2018-01-08T10:09:00.000Z,SRM: In Transfer to Execution Syst.
batch_00,433.0,2000000005_00001,2018-01-08T10:09:00.000Z,SRM: Ordered
user_000,433.0,2000000005_00001,2018-01-08T10:09:00.000Z,Create Purchase Order Item
batch_00,433.0,2000000005_00001,2018-01-08T10:09:00.000Z,SRM: Change was Transmitted
NONE,433.0,2000000005_00001,2018-01-08T22:59:00.000Z,Vendor creates invoice
NONE,433.0,2000000005_00001,2018-01-08T22:59:00.000Z,Vendor creates debit memo
user_000,433.0,2000000005_00001,2018-01-19T08:09:00.000Z,Record Goods Receipt
user_006,433.0,2000000005_00001,2018-04-03T04:26:00.000Z,Record Invoice Receipt
user_002,433.0,2000000005_00001,2018-04-05T13:51:00.000Z,Clear Invoice
user_007,433.0,2000000005_00001,2018-08-02T07:15:00.000Z,Cancel Invoice Receipt
user_007,433.0,2000000005_00001,2018-08-02T07:17:00.000Z,Record Invoice Receipt
user_007,433.0,2000000005_00001,2018-08-02T07:19:00.000Z,Clear Invoice
batch_00,86.0,2000000005_00002,2018-01-08T09:08:00.000Z,SRM: Created
batch_00,86.0,2000000005_00002,2018-01-08T10:08:00.000Z,SRM: Complete
batch_00,86.0,2000000005_00002,2018-01-08T10:08:00.000Z,SRM: Awaiting Approval
batch_00,86.0,2000000005_00002,2018-01-08T10:08:00.000Z,SRM: Document Completed
batch_00,86.0,2000000005_00002,2018-01-08T10:09:00.000Z,SRM: In Transfer to Execution Syst.
batch_00,86.0,2000000005_00002,2018-01-08T10:09:00.000Z,SRM: Ordered
user_000,86.0,2000000005_00002,2018-01-08T10:09:00.000Z,Create Purchase Order Item
batch_00,86.0,2000000005_00002,2018-01-08T10:09:00.000Z,SRM: Change was Transmitted
batch_00,37819.0,2000000006_00001,2018-01-08T10:33:00.000Z,SRM: Created
batch_00,37819.0,2000000006_00001,2018-01-08T11:33:00.000Z,SRM: Complete
batch_00,37819.0,2000000006_00001,2018-01-08T11:33:00.000Z,SRM: Awaiting Approval
batch_00,37819.0,2000000006_00001,2018-01-08T11:33:00.000Z,SRM: Document Completed
batch_00,37819.0,2000000006_00001,2018-01-08T11:33:00.000Z,SRM: In Transfer to Execution Syst.
batch_00,37819.0,2000000006_00001,2018-01-08T11:33:00.000Z,SRM: Ordered
batch_00,37819.0,2000000006_00001,2018-01-08T11:33:00.000Z,SRM: Change was Transmitted
user_000,37819.0,2000000006_00001,2018-01-08T11:33:00.000Z,Create Purchase Order Item
NONE,37819.0,2000000006_00001,2018-01-08T22:59:00.000Z,Vendor creates invoice
user_000,37819.0,2000000006_00001,2018-01-09T09:04:00.000Z,Record Goods Receipt
NONE,37819.0,2000000006_00001,2018-01-09T09:04:00.000Z,Record Service Entry Sheet
user_007,37819.0,2000000006_00001,2018-01-09T11:59:00.000Z,Record Invoice Receipt
user_002,37819.0,2000000006_00001,2018-02-23T11:14:00.000Z,Clear Invoice
user_003,37819.0,2000000006_00001,2019-01-17T10:59:00.000Z,SRM: In Transfer to Execution Syst.
user_000,37819.0,2000000006_00001,2019-01-17T10:59:00.000Z,Change Delivery Indicator
batch_00,3227.0,2000000007_00001,2018-01-08T12:12:00.000Z,SRM: Created
batch_00,3227.0,2000000007_00001,2018-01-08T13:12:00.000Z,SRM: Complete
batch_00,3227.0,2000000007_00001,2018-01-08T13:12:00.000Z,SRM: Awaiting Approval
batch_00,3227.0,2000000007_00001,2018-01-08T13:12:00.000Z,SRM: Document Completed
batch_00,3227.0,2000000007_00001,2018-01-08T13:12:00.000Z,SRM: In Transfer to Execution Syst.
batch_00,3227.0,2000000007_00001,2018-01-08T13:12:00.000Z,SRM: Ordered
batch_00,3227.0,2000000007_00001,2018-01-08T13:12:00.000Z,SRM: Change was Transmitted
user_000,3227.0,2000000007_00001,2018-01-08T13:12:00.000Z,Create Purchase Order Item
NONE,3227.0,2000000007_00001,2018-01-08T22:59:00.000Z,Vendor creates invoice
user_008,3227.0,2000000007_00001,2018-01-17T08:11:00.000Z,Record Invoice Receipt
user_000,3227.0,2000000007_00001,2018-02-21T12:53:00.000Z,Record Goods Receipt
user_006,3227.0,2000000007_00001,2018-02-21T12:55:00.000Z,Remove Payment Block
user_005,3227.0,2000000007_00001,2018-03-08T12:22:00.000Z,Clear Invoice
batch_00,18186.0,2000000008_00001,2018-01-08T14:36:00.000Z,SRM: Created
batch_00,18186.0,2000000008_00001,2018-01-08T15:36:00.000Z,SRM: Complete
batch_00,18186.0,2000000008_00001,2018-01-08T15:36:00.000Z,SRM: Awaiting Approval
batch_00,18186.0,2000000008_00001,2018-01-08T15:36:00.000Z,SRM: Document Completed
batch_00,18186.0,2000000008_00001,2018-01-08T15:36:00.000Z,SRM: In Transfer to Execution Syst.
batch_00,18186.0,2000000008_00001,2018-01-08T15:36:00.000Z,SRM: Ordered
batch_00,18186.0,2000000008_00001,2018-01-08T15:36:00.000Z,SRM: Change was Transmitted
user_000,18186.0,2000000008_00001,2018-01-08T15:36:00.000Z,Create Purchase Order Item
NONE,18186.0,2000000008_00001,2018-01-10T22:59:00.000Z,Vendor creates invoice
user_000,18186.0,2000000008_00001,2018-01-15T11:53:00.000Z,Record Goods Receipt
NONE,18186.0,2000000008_00001,2018-01-15T11:53:00.000Z,Record Service Entry Sheet
batch_00,18186.0,2000000008_00001,2018-01-17T14:49:00.000Z,Record Invoice Receipt
user_002,18186.0,2000000008_00001,2018-02-22T15:18:00.000Z,Clear Invoice
NONE,1039.0,2000000009_00001,2018-01-02T22:59:00.000Z,Vendor creates invoice
batch_00,1039.0,2000000009_00001,2018-01-09T12:14:00.000Z,SRM: Created
batch_00,1039.0,2000000009_00001,2018-01-09T13:14:00.000Z,SRM: Complete
batch_00,1039.0,2000000009_00001,2018-01-09T13:14:00.000Z,SRM: Awaiting Approval
batch_00,1039.0,2000000009_00001,2018-01-09T13:14:00.000Z,SRM: Document Completed
batch_00,1039.0,2000000009_00001,2018-01-09T13:14:00.000Z,SRM: In Transfer to Execution Syst.
batch_00,1039.0,2000000009_00001,2018-01-09T13:14:00.000Z,SRM: Ordered
user_000,1039.0,2000000009_00001,2018-01-09T13:14:00.000Z,Create Purchase Order Item
batch_00,1039.0,2000000009_00001,2018-01-09T13:14:00.000Z,SRM: Change was Transmitted
NONE,1039.0,2000000009_00001,2018-03-08T07:27:00.000Z,Record Service Entry Sheet
user_000,1039.0,2000000009_00001,2018-03-08T07:27:00.000Z,Record Goods Receipt
user_001,1039.0,2000000009_00001,2018-03-09T15:47:00.000Z,Record Invoice Receipt
user_005,1039.0,2000000009_00001,2018-03-15T13:13:00.000Z,Clear Invoice
batch_00,1668264.0,2000000010_00001,2018-01-09T14:30:00.000Z,SRM: Created
batch_00,1668264.0,2000000010_00001,2018-01-09T15:30:00.000Z,SRM: Complete
batch_00,1668264.0,2000000010_00001,2018-01-09T15:30:00.000Z,SRM: Awaiting Approval
batch_00,1668264.0,2000000010_00001,2018-01-09T15:30:00.000Z,SRM: Document Completed
batch_00,1668264.0,2000000010_00001,2018-01-09T15:30:00.000Z,SRM: Ordered
batch_00,1668264.0,2000000010_00001,2018-01-09T15:30:00.000Z,SRM: In Transfer to Execution Syst.
batch_00,1668264.0,2000000010_00001,2018-01-09T15:30:00.000Z,SRM: Change was Transmitted
user_000,1668264.0,2000000010_00001,2018-01-09T15:30:00.000Z,Create Purchase Order Item
NONE,1668264.0,2000000010_00001,2018-01-09T22:59:00.000Z,Vendor creates invoice
user_000,1668264.0,2000000010_00001,2018-01-10T15:11:00.000Z,Record Goods Receipt
NONE,1668264.0,2000000010_00001,2018-01-10T15:11:00.000Z,Record Service Entry Sheet
user_011,1668264.0,2000000010_00001,2018-01-16T09:49:00.000Z,Record Invoice Receipt
user_002,1668264.0,2000000010_00001,2018-03-29T13:11:00.000Z,Clear Invoice
user_009,1668264.0,2000000010_00001,2018-09-05T09:43:00.000Z,SRM: Created
user_009,1668264.0,2000000010_00001,2018-09-05T11:44:00.000Z,SRM: Complete
user_009,1668264.0,2000000010_00001,2018-09-05T11:44:00.000Z,SRM: Awaiting Approval
user_009,1668264.0,2000000010_00001,2018-09-05T11:44:00.000Z,SRM: Document Completed
batch_00,1668264.0,2000000010_00001,2018-09-05T14:34:00.000Z,SRM: Ordered
batch_00,1668264.0,2000000010_00001,2018-09-05T14:34:00.000Z,SRM: In Transfer to Execution Syst.
batch_00,1668264.0,2000000010_00001,2018-09-05T14:34:00.000Z,SRM: Deleted
user_000,1668264.0,2000000010_00001,2018-09-05T14:34:00.000Z,Change Price
NONE,1668264.0,2000000010_00001,2018-09-07T21:59:00.000Z,Vendor creates invoice
user_000,1668264.0,2000000010_00001,2018-09-28T08:28:00.000Z,Record Goods Receipt
NONE,1668264.0,2000000010_00001,2018-09-28T08:28:00.000Z,Record Service Entry Sheet
batch_00,1668264.0,2000000010_00001,2018-09-28T11:06:00.000Z,Record Invoice Receipt
user_010,1668264.0,2000000010_00001,2018-10-18T12:07:00.000Z,SRM: Created
user_010,1668264.0,2000000010_00001,2018-10-18T14:08:00.000Z,SRM: Complete
user_010,1668264.0,2000000010_00001,2018-10-18T14:08:00.000Z,SRM: Awaiting Approval
user_010,1668264.0,2000000010_00001,2018-10-18T14:08:00.000Z,SRM: Document Completed
batch_00,1668264.0,2000000010_00001,2018-10-22T04:05:00.000Z,SRM: Ordered
batch_00,1668264.0,2000000010_00001,2018-10-22T04:05:00.000Z,SRM: In Transfer to Execution Syst.
batch_00,1668264.0,2000000010_00001,2018-10-22T04:05:00.000Z,SRM: Deleted
user_000,1668264.0,2000000010_00001,2018-10-22T04:05:00.000Z,Change Price
user_002,1668264.0,2000000010_00001,2018-11-29T15:16:00.000Z,Clear Invoice
user_000,1668264.0,2000000010_00001,2018-12-18T16:38:00.000Z,Record Goods Receipt
NONE,1668264.0,2000000010_00001,2018-12-18T16:38:00.000Z,Record Service Entry Sheet
user_003,1668264.0,2000000010_00001,2019-01-17T10:59:00.000Z,SRM: In Transfer to Execution Syst.
user_003,1668264.0,2000000010_00001,2019-01-17T10:59:00.000Z,SRM: Transfer Failed (E.Sys.)
batch_00,112583.0,2000000011_00001,2018-01-09T15:54:00.000Z,SRM: Created
batch_00,112583.0,2000000011_00001,2018-01-09T16:54:00.000Z,SRM: Complete
batch_00,112583.0,2000000011_00001,2018-01-09T16:54:00.000Z,SRM: Awaiting Approval
batch_00,112583.0,2000000011_00001,2018-01-09T16:54:00.000Z,SRM: Document Completed
batch_00,112583.0,2000000011_00001,2018-01-09T16:54:00.000Z,SRM: In Transfer to Execution Syst.
batch_00,112583.0,2000000011_00001,2018-01-09T16:54:00.000Z,SRM: Ordered
batch_00,112583.0,2000000011_00001,2018-01-09T16:54:00.000Z,SRM: Change was Transmitted
user_000,112583.0,2000000011_00001,2018-01-09T16:54:00.000Z,Create Purchase Order Item
NONE,112583.0,2000000011_00001,2018-01-10T22:59:00.000Z,Vendor creates invoice
user_000,112583.0,2000000011_00001,2018-01-11T10:10:00.000Z,Record Goods Receipt
NONE,112583.0,2000000011_00001,2018-01-11T10:10:00.000Z,Record Service Entry Sheet
user_001,112583.0,2000000011_00001,2018-04-11T14:45:00.000Z,Record Invoice Receipt
user_002,112583.0,2000000011_00001,2018-04-12T12:08:00.000Z,Clear Invoice
user_003,112583.0,2000000011_00001,2019-01-17T10:59:00.000Z,SRM: In Transfer to Execution Syst.
user_003,112583.0,2000000011_00001,2019-01-17T10:59:00.000Z,SRM: Transfer Failed (E.Sys.)
batch_00,320.0,2000000012_00001,2018-01-10T14:38:00.000Z,SRM: Created
batch_00,320.0,2000000012_00001,2018-01-10T15:38:00.000Z,SRM: Complete
batch_00,320.0,2000000012_00001,2018-01-10T15:38:00.000Z,SRM: Awaiting Approval
batch_00,320.0,2000000012_00001,2018-01-10T15:38:00.000Z,SRM: Document Completed
batch_00,320.0,2000000012_00001,2018-01-10T15:38:00.000Z,SRM: In Transfer to Execution Syst.
batch_00,320.0,2000000012_00001,2018-01-10T15:38:00.000Z,SRM: Ordered
batch_00,320.0,2000000012_00001,2018-01-10T15:38:00.000Z,SRM: Change was Transmitted
user_000,320.0,2000000012_00001,2018-01-10T15:38:00.000Z,Create Purchase Order Item
NONE,320.0,2000000012_00001,2018-01-29T22:59:00.000Z,Vendor creates invoice
user_000,320.0,2000000012_00001,2018-02-26T08:41:00.000Z,Record Goods Receipt
batch_00,320.0,2000000012_00001,2018-03-05T15:12:00.000Z,Record Invoice Receipt
user_002,320.0,2000000012_00001,2018-03-29T13:06:00.000Z,Clear Invoice
batch_00,857.0,2000000013_00001,2018-01-10T14:38:00.000Z,SRM: Created
batch_00,857.0,2000000013_00001,2018-01-10T15:38:00.000Z,SRM: Complete
batch_00,857.0,2000000013_00001,2018-01-10T15:38:00.000Z,SRM: Awaiting Approval
batch_00,857.0,2000000013_00001,2018-01-10T15:38:00.000Z,SRM: Document Completed
batch_00,857.0,2000000013_00001,2018-01-10T15:38:00.000Z,SRM: Ordered
batch_00,857.0,2000000013_00001,2018-01-10T15:38:00.000Z,SRM: Change was Transmitted
batch_00,857.0,2000000013_00001,2018-01-10T15:40:00.000Z,SRM: In Transfer to Execution Syst.
user_000,857.0,2000000013_00001,2018-01-10T15:40:00.000Z,Create Purchase Order Item
user_000,857.0,2000000013_00001,2018-01-16T13:27:00.000Z,Record Goods Receipt
NONE,857.0,2000000013_00001,2018-01-16T13:27:00.000Z,Record Service Entry Sheet
NONE,857.0,2000000013_00001,2018-01-22T22:59:00.000Z,Vendor creates invoice
user_001,857.0,2000000013_00001,2018-01-24T16:15:00.000Z,Record Invoice Receipt
user_002,857.0,2000000013_00001,2018-02-15T13:51:00.000Z,Clear Invoice
batch_00,17414.0,2000000014_00001,2018-01-11T14:41:00.000Z,SRM: Created
batch_00,17414.0,2000000014_00001,2018-01-11T15:41:00.000Z,SRM: Complete
batch_00,17414.0,2000000014_00001,2018-01-11T15:41:00.000Z,SRM: Awaiting Approval
batch_00,17414.0,2000000014_00001,2018-01-11T15:41:00.000Z,SRM: Document Completed
batch_00,17414.0,2000000014_00001,2018-01-11T15:41:00.000Z,SRM: In Transfer to Execution Syst.
batch_00,17414.0,2000000014_00001,2018-01-11T15:41:00.000Z,SRM: Ordered
batch_00,17414.0,2000000014_00001,2018-01-11T15:41:00.000Z,SRM: Change was Transmitted
user_000,17414.0,2000000014_00001,2018-01-11T15:41:00.000Z,Create Purchase Order Item
NONE,17414.0,2000000014_00001,2018-02-06T22:59:00.000Z,Vendor creates invoice
user_000,17414.0,2000000014_00001,2018-02-16T15:47:00.000Z,Record Goods Receipt
NONE,17414.0,2000000014_00001,2018-02-16T15:47:00.000Z,Record Service Entry Sheet
user_011,17414.0,2000000014_00001,2018-02-19T13:20:00.000Z,Record Invoice Receipt
user_005,17414.0,2000000014_00001,2018-03-01T13:06:00.000Z,Clear Invoice
NONE,17414.0,2000000014_00001,2018-03-29T21:59:00.000Z,Vendor creates invoice
user_000,17414.0,2000000014_00001,2018-04-10T14:08:00.000Z,Record Goods Receipt
NONE,17414.0,2000000014_00001,2018-04-10T14:08:00.000Z,Record Service Entry Sheet
user_011,17414.0,2000000014_00001,2018-04-10T14:22:00.000Z,Record Invoice Receipt
user_002,17414.0,2000000014_00001,2018-04-19T12:47:00.000Z,Clear Invoice
NONE,17414.0,2000000014_00001,2018-06-25T21:59:00.000Z,Vendor creates invoice
user_000,17414.0,2000000014_00001,2018-07-24T10:29:00.000Z,Record Goods Receipt
NONE,17414.0,2000000014_00001,2018-07-24T10:29:00.000Z,Record Service Entry Sheet
user_012,17414.0,2000000014_00001,2018-07-25T13:00:00.000Z,Record Invoice Receipt
user_002,17414.0,2000000014_00001,2018-07-26T16:09:00.000Z,Clear Invoice
NONE,17414.0,2000000014_00001,2018-09-13T21:59:00.000Z,Vendor creates invoice
user_000,17414.0,2000000014_00001,2018-09-14T12:44:00.000Z,Record Goods Receipt
NONE,17414.0,2000000014_00001,2018-09-14T12:44:00.000Z,Record Service Entry Sheet
user_012,17414.0,2000000014_00001,2018-09-17T09:25:00.000Z,Record Invoice Receipt
user_002,17414.0,2000000014_00001,2018-10-04T14:50:00.000Z,Clear Invoice
NONE,17414.0,2000000014_00001,2018-11-14T22:59:00.000Z,Vendor creates invoice
user_000,17414.0,2000000014_00001,2018-11-28T12:23:00.000Z,Record Goods Receipt
NONE,17414.0,2000000014_00001,2018-11-28T12:23:00.000Z,Record Service Entry Sheet
user_013,17414.0,2000000014_00001,2018-11-29T12:41:00.000Z,Record Invoice Receipt
user_002,17414.0,2000000014_00001,2018-12-07T08:08:00.000Z,Clear Invoice
user_003,17414.0,2000000014_00001,2019-01-17T10:59:00.000Z,SRM: In Transfer to Execution Syst.
user_003,17414.0,2000000014_00001,2019-01-17T10:59:00.000Z,SRM: Transfer Failed (E.Sys.)
batch_00,457836.0,2000000015_00001,2018-01-12T08:51:00.000Z,SRM: Created
batch_00,457836.0,2000000015_00001,2018-01-12T09:51:00.000Z,SRM: Complete
batch_00,457836.0,2000000015_00001,2018-01-12T09:51:00.000Z,SRM: Awaiting Approval
batch_00,457836.0,2000000015_00001,2018-01-12T09:51:00.000Z,SRM: Document Completed
batch_00,457836.0,2000000015_00001,2018-01-12T09:51:00.000Z,SRM: In Transfer to Execution Syst.
batch_00,457836.0,2000000015_00001,2018-01-12T09:51:00.000Z,SRM: Ordered
batch_00,457836.0,2000000015_00001,2018-01-12T09:51:00.000Z,SRM: Change was Transmitted
user_000,457836.0,2000000015_00001,2018-01-12T09:51:00.000Z,Create Purchase Order Item
user_000,457836.0,2000000015_00001,2018-01-25T00:16:00.000Z,Record Goods Receipt
NONE,457836.0,2000000015_00001,2018-01-25T00:16:00.000Z,Record Service Entry Sheet
NONE,457836.0,2000000015_00001,2018-01-30T22:59:00.000Z,Vendor creates invoice
NONE,457836.0,2000000015_00001,2018-01-31T22:59:00.000Z,Vendor creates invoice
NONE,457836.0,2000000015_00001,2018-01-31T22:59:00.000Z,Vendor creates debit memo
user_000,457836.0,2000000015_00001,2018-02-05T10:46:00.000Z,Record Goods Receipt
NONE,457836.0,2000000015_00001,2018-02-05T10:46:00.000Z,Record Service Entry Sheet
user_006,457836.0,2000000015_00001,2018-02-06T15:46:00.000Z,Record Invoice Receipt
NONE,457836.0,2000000015_00001,2018-02-28T22:59:00.000Z,Vendor creates invoice
user_013,457836.0,2000000015_00001,2018-03-13T16:03:00.000Z,Record Invoice Receipt
user_011,457836.0,2000000015_00001,2018-03-23T06:23:00.000Z,Cancel Invoice Receipt
user_011,457836.0,2000000015_00001,2018-03-23T06:24:00.000Z,Clear Invoice
user_011,457836.0,2000000015_00001,2018-03-23T06:26:00.000Z,Record Invoice Receipt
user_000,457836.0,2000000015_00001,2018-03-26T07:32:00.000Z,Record Goods Receipt
NONE,457836.0,2000000015_00001,2018-03-26T07:32:00.000Z,Record Service Entry Sheet
user_000,457836.0,2000000015_00001,2018-03-26T07:34:00.000Z,Record Goods Receipt
NONE,457836.0,2000000015_00001,2018-03-26T07:34:00.000Z,Record Service Entry Sheet
user_000,457836.0,2000000015_00001,2018-03-26T07:36:00.000Z,Record Goods Receipt
NONE,457836.0,2000000015_00001,2018-03-26T07:36:00.000Z,Record Service Entry Sheet
user_000,457836.0,2000000015_00001,2018-03-26T07:39:00.000Z,Record Goods Receipt
NONE,457836.0,2000000015_00001,2018-03-26T07:39:00.000Z,Record Service Entry Sheet
user_011,457836.0,2000000015_00001,2018-03-26T08:01:00.000Z,Record Invoice Receipt
user_011,457836.0,2000000015_00001,2018-03-26T14:05:00.000Z,Record Invoice Receipt
user_011,457836.0,2000000015_00001,2018-03-26T14:06:00.000Z,Record Invoice Receipt
user_001,457836.0,2000000015_00001,2018-03-26T15:28:00.000Z,Record Invoice Receipt
NONE,457836.0,2000000015_00001,2018-03-30T21:59:00.000Z,Vendor creates invoice
NONE,457836.0,2000000015_00001,2018-03-31T21:59:00.000Z,Vendor creates invoice
user_002,457836.0,2000000015_00001,2018-04-05T13:51:00.000Z,Clear Invoice
user_014,457836.0,2000000015_00001,2018-04-09T11:36:00.000Z,SRM: Created
user_014,457836.0,2000000015_00001,2018-04-09T13:44:00.000Z,SRM: Complete
user_014,457836.0,2000000015_00001,2018-04-09T13:44:00.000Z,SRM: Awaiting Approval
user_014,457836.0,2000000015_00001,2018-04-09T13:44:00.000Z,SRM: Document Completed
batch_00,457836.0,2000000015_00001,2018-04-09T15:51:00.000Z,SRM: In Transfer to Execution Syst.
batch_00,457836.0,2000000015_00001,2018-04-09T15:51:00.000Z,SRM: Ordered
batch_00,457836.0,2000000015_00001,2018-04-09T15:51:00.000Z,SRM: Deleted
user_000,457836.0,2000000015_00001,2018-04-09T15:51:00.000Z,Change Price
user_000,457836.0,2000000015_00001,2018-04-29T16:26:00.000Z,Record Goods Receipt
NONE,457836.0,2000000015_00001,2018-04-29T16:26:00.000Z,Record Service Entry Sheet
user_000,457836.0,2000000015_00001,2018-04-29T16:28:00.000Z,Record Goods Receipt
NONE,457836.0,2000000015_00001,2018-04-29T16:28:00.000Z,Record Service Entry Sheet
user_000,457836.0,2000000015_00001,2018-04-29T16:30:00.000Z,Record Goods Receipt
NONE,457836.0,2000000015_00001,2018-04-29T16:30:00.000Z,Record Service Entry Sheet
user_001,457836.0,2000000015_00001,2018-04-30T13:19:00.000Z,Record Invoice Receipt
NONE,457836.0,2000000015_00001,2018-04-30T21:59:00.000Z,Vendor creates invoice
user_002,457836.0,2000000015_00001,2018-05-09T12:12:00.000Z,Clear Invoice
user_006,457836.0,2000000015_00001,2018-05-10T10:52:00.000Z,Record Invoice Receipt
user_006,457836.0,2000000015_00001,2018-05-10T10:53:00.000Z,Record Invoice Receipt
user_002,457836.0,2000000015_00001,2018-05-17T12:51:00.000Z,Clear Invoice
user_000,457836.0,2000000015_00001,2018-05-29T07:40:00.000Z,Record Goods Receipt
NONE,457836.0,2000000015_00001,2018-05-29T07:40:00.000Z,Record Service Entry Sheet
user_001,457836.0,2000000015_00001,2018-05-30T08:38:00.000Z,Record Invoice Receipt
NONE,457836.0,2000000015_00001,2018-05-30T21:59:00.000Z,Vendor creates invoice
user_002,457836.0,2000000015_00001,2018-06-07T11:13:00.000Z,Clear Invoice
NONE,457836.0,2000000015_00001,2018-06-30T21:59:00.000Z,Vendor creates invoice
user_000,457836.0,2000000015_00001,2018-07-25T10:51:00.000Z,Record Goods Receipt
NONE,457836.0,2000000015_00001,2018-07-25T10:51:00.000Z,Record Service Entry Sheet
user_000,457836.0,2000000015_00001,2018-07-25T12:16:00.000Z,Record Goods Receipt
NONE,457836.0,2000000015_00001,2018-07-25T12:16:00.000Z,Record Service Entry Sheet
user_000,457836.0,2000000015_00001,2018-07-25T12:23:00.000Z,Record Goods Receipt
NONE,457836.0,2000000015_00001,2018-07-25T12:23:00.000Z,Record Service Entry Sheet
user_012,457836.0,2000000015_00001,2018-07-25T15:56:00.000Z,Record Invoice Receipt
user_011,457836.0,2000000015_00001,2018-07-26T06:02:00.000Z,Record Invoice Receipt
user_011,457836.0,2000000015_00001,2018-07-26T06:23:00.000Z,Record Invoice Receipt
user_002,457836.0,2000000015_00001,2018-07-26T16:09:00.000Z,Clear Invoice
user_015,457836.0,2000000015_00001,2018-07-27T11:16:00.000Z,Remove Payment Block
NONE,457836.0,2000000015_00001,2018-07-30T21:59:00.000Z,Vendor creates invoice
NONE,457836.0,2000000015_00001,2018-07-31T21:59:00.000Z,Vendor creates invoice
user_002,457836.0,2000000015_00001,2018-08-02T14:07:00.000Z,Clear Invoice
user_002,457836.0,2000000015_00001,2018-08-09T12:30:00.000Z,Clear Invoice
NONE,457836.0,2000000015_00001,2018-08-22T21:59:00.000Z,Vendor creates invoice
user_000,457836.0,2000000015_00001,2018-08-30T12:35:00.000Z,Record Goods Receipt
NONE,457836.0,2000000015_00001,2018-08-30T12:35:00.000Z,Record Service Entry Sheet
user_012,457836.0,2000000015_00001,2018-08-31T09:30:00.000Z,Record Invoice Receipt
NONE,457836.0,2000000015_00001,2018-08-31T21:59:00.000Z,Vendor creates invoice
user_002,457836.0,2000000015_00001,2018-09-06T12:08:00.000Z,Clear Invoice
user_000,457836.0,2000000015_00001,2018-09-28T08:43:00.000Z,Record Goods Receipt
NONE,457836.0,2000000015_00001,2018-09-28T08:43:00.000Z,Record Service Entry Sheet
user_000,457836.0,2000000015_00001,2018-09-28T08:47:00.000Z,Record Goods Receipt
NONE,457836.0,2000000015_00001,2018-09-28T08:47:00.000Z,Record Service Entry Sheet
user_000,457836.0,2000000015_00001,2018-09-28T08:51:00.000Z,Record Goods Receipt
NONE,457836.0,2000000015_00001,2018-09-28T08:51:00.000Z,Record Service Entry Sheet
user_000,457836.0,2000000015_00001,2018-09-28T08:53:00.000Z,Record Goods Receipt
NONE,457836.0,2000000015_00001,2018-09-28T08:53:00.000Z,Record Service Entry Sheet
batch_00,457836.0,2000000015_00001,2018-09-28T10:48:00.000Z,Record Invoice Receipt
batch_00,457836.0,2000000015_00001,2018-09-28T10:59:00.000Z,Record Invoice Receipt
NONE,457836.0,2000000015_00001,2018-09-28T21:59:00.000Z,Vendor creates invoice
user_013,457836.0,2000000015_00001,2018-10-01T13:13:00.000Z,Record Invoice Receipt
user_013,457836.0,2000000015_00001,2018-10-02T10:45:00.000Z,Record Invoice Receipt
user_002,457836.0,2000000015_00001,2018-10-04T14:50:00.000Z,Clear Invoice
user_000,457836.0,2000000015_00001,2018-11-14T15:37:00.000Z,Record Goods Receipt
NONE,457836.0,2000000015_00001,2018-11-14T15:37:00.000Z,Record Service Entry Sheet
user_012,457836.0,2000000015_00001,2018-11-14T17:03:00.000Z,Record Invoice Receipt
user_002,457836.0,2000000015_00001,2018-11-15T14:35:00.000Z,Clear Invoice
user_003,457836.0,2000000015_00001,2019-01-17T10:59:00.000Z,SRM: In Transfer to Execution Syst.
user_003,457836.0,2000000015_00001,2019-01-17T10:59:00.000Z,SRM: Transfer Failed (E.Sys.)
NONE,405009.0,2000000016_00001,2018-01-07T22:59:00.000Z,Vendor creates invoice
batch_00,405009.0,2000000016_00001,2018-01-12T08:51:00.000Z,SRM: Created
batch_00,405009.0,2000000016_00001,2018-01-12T09:51:00.000Z,SRM: Complete
batch_00,405009.0,2000000016_00001,2018-01-12T09:51:00.000Z,SRM: Awaiting Approval
batch_00,405009.0,2000000016_00001,2018-01-12T09:51:00.000Z,SRM: Document Completed
batch_00,405009.0,2000000016_00001,2018-01-12T09:51:00.000Z,SRM: Ordered
batch_00,405009.0,2000000016_00001,2018-01-12T09:51:00.000Z,SRM: In Transfer to Execution Syst.
batch_00,405009.0,2000000016_00001,2018-01-12T09:52:00.000Z,SRM: Change was Transmitted
user_000,405009.0,2000000016_00001,2018-01-12T09:52:00.000Z,Create Purchase Order Item
NONE,405009.0,2000000016_00001,2018-01-14T22:59:00.000Z,Vendor creates invoice
user_000,405009.0,2000000016_00001,2018-01-15T13:48:00.000Z,Record Goods Receipt
NONE,405009.0,2000000016_00001,2018-01-15T13:48:00.000Z,Record Service Entry Sheet
user_011,405009.0,2000000016_00001,2018-01-16T09:44:00.000Z,Record Invoice Receipt
NONE,405009.0,2000000016_00001,2018-01-21T22:59:00.000Z,Vendor creates invoice
user_000,405009.0,2000000016_00001,2018-01-25T00:20:00.000Z,Record Goods Receipt
NONE,405009.0,2000000016_00001,2018-01-25T00:20:00.000Z,Record Service Entry Sheet
NONE,405009.0,2000000016_00001,2018-01-28T22:59:00.000Z,Vendor creates invoice
NONE,405009.0,2000000016_00001,2018-01-28T22:59:00.000Z,Vendor creates debit memo
user_000,405009.0,2000000016_00001,2018-01-29T08:39:00.000Z,Record Goods Receipt
NONE,405009.0,2000000016_00001,2018-01-29T08:39:00.000Z,Record Service Entry Sheet
user_000,405009.0,2000000016_00001,2018-02-02T16:06:00.000Z,Record Goods Receipt
NONE,405009.0,2000000016_00001,2018-02-02T16:06:00.000Z,Record Service Entry Sheet
NONE,405009.0,2000000016_00001,2018-02-04T22:59:00.000Z,Vendor creates invoice
user_018,405009.0,2000000016_00001,2018-02-05T09:16:00.000Z,Record Invoice Receipt
batch_00,405009.0,2000000016_00001,2018-02-09T16:32:00.000Z,Record Invoice Receipt
batch_00,405009.0,2000000016_00001,2018-02-09T16:33:00.000Z,Record Invoice Receipt
NONE,405009.0,2000000016_00001,2018-02-11T22:59:00.000Z,Vendor creates invoice
user_000,405009.0,2000000016_00001,2018-02-16T15:58:00.000Z,Record Goods Receipt
NONE,405009.0,2000000016_00001,2018-02-16T15:58:00.000Z,Record Service Entry Sheet
NONE,405009.0,2000000016_00001,2018-02-18T22:59:00.000Z,Vendor creates invoice
user_011,405009.0,2000000016_00001,2018-02-19T13:17:00.000Z,Record Invoice Receipt
user_000,405009.0,2000000016_00001,2018-02-22T11:50:00.000Z,Record Goods Receipt
NONE,405009.0,2000000016_00001,2018-02-22T11:50:00.000Z,Record Service Entry Sheet
NONE,405009.0,2000000016_00001,2018-02-25T22:59:00.000Z,Vendor creates invoice
user_000,405009.0,2000000016_00001,2018-02-28T13:39:00.000Z,Record Goods Receipt
NONE,405009.0,2000000016_00001,2018-02-28T13:39:00.000Z,Record Service Entry Sheet
NONE,405009.0,2000000016_00001,2018-03-04T22:59:00.000Z,Vendor creates invoice
user_005,405009.0,2000000016_00001,2018-03-08T12:22:00.000Z,Clear Invoice
NONE,405009.0,2000000016_00001,2018-03-11T22:59:00.000Z,Vendor creates invoice
user_007,405009.0,2000000016_00001,2018-03-15T14:59:00.000Z,Record Invoice Receipt
user_007,405009.0,2000000016_00001,2018-03-15T15:18:00.000Z,Record Invoice Receipt
NONE,405009.0,2000000016_00001,2018-03-18T22:59:00.000Z,Vendor creates invoice
NONE,405009.0,2000000016_00001,2018-03-25T21:59:00.000Z,Vendor creates invoice
user_000,405009.0,2000000016_00001,2018-03-27T09:13:00.000Z,Record Goods Receipt
NONE,405009.0,2000000016_00001,2018-03-27T09:13:00.000Z,Record Service Entry Sheet
user_000,405009.0,2000000016_00001,2018-03-27T09:16:00.000Z,Record Goods Receipt
NONE,405009.0,2000000016_00001,2018-03-27T09:16:00.000Z,Record Service Entry Sheet
user_011,405009.0,2000000016_00001,2018-03-27T12:53:00.000Z,Record Invoice Receipt
user_011,405009.0,2000000016_00001,2018-03-27T12:55:00.000Z,Record Invoice Receipt
NONE,405009.0,2000000016_00001,2018-04-01T21:59:00.000Z,Vendor creates invoice
user_002,405009.0,2000000016_00001,2018-04-05T13:51:00.000Z,Clear Invoice
NONE,405009.0,2000000016_00001,2018-04-08T21:59:00.000Z,Vendor creates invoice
NONE,405009.0,2000000016_00001,2018-04-15T21:59:00.000Z,Vendor creates invoice
NONE,405009.0,2000000016_00001,2018-04-22T21:59:00.000Z,Vendor creates invoice
user_009,405009.0,2000000016_00001,2018-04-24T08:27:00.000Z,SRM: Created
user_009,405009.0,2000000016_00001,2018-04-24T10:27:00.000Z,SRM: Complete
user_009,405009.0,2000000016_00001,2018-04-24T10:27:00.000Z,SRM: Awaiting Approval
user_009,405009.0,2000000016_00001,2018-04-24T10:27:00.000Z,SRM: Document Completed
batch_00,405009.0,2000000016_00001,2018-04-24T14:39:00.000Z,SRM: Ordered
batch_00,405009.0,2000000016_00001,2018-04-24T14:39:00.000Z,SRM: In Transfer to Execution Syst.
batch_00,405009.0,2000000016_00001,2018-04-24T14:39:00.000Z,SRM: Deleted
user_000,405009.0,2000000016_00001,2018-04-24T14:39:00.000Z,Change Price
user_000,405009.0,2000000016_00001,2018-04-25T12:35:00.000Z,Record Goods Receipt
NONE,405009.0,2000000016_00001,2018-04-25T12:35:00.000Z,Record Service Entry Sheet
user_000,405009.0,2000000016_00001,2018-04-25T12:39:00.000Z,Record Goods Receipt
NONE,405009.0,2000000016_00001,2018-04-25T12:39:00.000Z,Record Service Entry Sheet
user_000,405009.0,2000000016_00001,2018-04-25T12:50:00.000Z,Record Goods Receipt
NONE,405009.0,2000000016_00001,2018-04-25T12:50:00.000Z,Record Service Entry Sheet
user_000,405009.0,2000000016_00001,2018-04-25T12:59:00.000Z,Record Goods Receipt
NONE,405009.0,2000000016_00001,2018-04-25T12:59:00.000Z,Record Service Entry Sheet
user_000,405009.0,2000000016_00001,2018-04-25T13:03:00.000Z,Record Goods Receipt
NONE,405009.0,2000000016_00001,2018-04-25T13:03:00.000Z,Record Service Entry Sheet
user_000,405009.0,2000000016_00001,2018-04-25T13:05:00.000Z,Record Goods Receipt
NONE,405009.0,2000000016_00001,2018-04-25T13:05:00.000Z,Record Service Entry Sheet
user_011,405009.0,2000000016_00001,2018-04-25T13:23:00.000Z,Record Invoice Receipt
user_011,405009.0,2000000016_00001,2018-04-25T13:24:00.000Z,Record Invoice Receipt
user_011,405009.0,2000000016_00001,2018-04-25T13:39:00.000Z,Record Invoice Receipt
user_000,405009.0,2000000016_00001,2018-04-25T14:37:00.000Z,Record Goods Receipt
NONE,405009.0,2000000016_00001,2018-04-25T14:37:00.000Z,Record Service Entry Sheet
user_002,405009.0,2000000016_00001,2018-04-26T09:15:00.000Z,Clear Invoice
NONE,405009.0,2000000016_00001,2018-04-29T21:59:00.000Z,Vendor creates invoice
NONE,405009.0,2000000016_00001,2018-05-06T21:59:00.000Z,Vendor creates invoice
user_002,405009.0,2000000016_00001,2018-05-09T12:11:00.000Z,Clear Invoice
NONE,405009.0,2000000016_00001,2018-05-13T21:59:00.000Z,Vendor creates invoice
NONE,405009.0,2000000016_00001,2018-05-20T21:59:00.000Z,Vendor creates invoice
user_001,405009.0,2000000016_00001,2018-05-21T08:44:00.000Z,Record Invoice Receipt
user_013,405009.0,2000000016_00001,2018-05-21T13:24:00.000Z,Record Invoice Receipt
user_012,405009.0,2000000016_00001,2018-05-21T14:10:00.000Z,Record Invoice Receipt
user_012,405009.0,2000000016_00001,2018-05-21T14:49:00.000Z,Record Invoice Receipt
user_000,405009.0,2000000016_00001,2018-05-27T18:56:00.000Z,Record Goods Receipt
NONE,405009.0,2000000016_00001,2018-05-27T18:56:00.000Z,Record Service Entry Sheet
user_000,405009.0,2000000016_00001,2018-05-27T19:02:00.000Z,Record Goods Receipt
NONE,405009.0,2000000016_00001,2018-05-27T19:02:00.000Z,Record Service Entry Sheet
user_000,405009.0,2000000016_00001,2018-05-27T19:09:00.000Z,Record Goods Receipt
NONE,405009.0,2000000016_00001,2018-05-27T19:09:00.000Z,Record Service Entry Sheet
user_000,405009.0,2000000016_00001,2018-05-27T19:12:00.000Z,Record Goods Receipt
NONE,405009.0,2000000016_00001,2018-05-27T19:12:00.000Z,Record Service Entry Sheet
NONE,405009.0,2000000016_00001,2018-05-27T21:59:00.000Z,Vendor creates invoice
user_001,405009.0,2000000016_00001,2018-05-28T12:29:00.000Z,Record Invoice Receipt
NONE,405009.0,2000000016_00001,2018-06-03T21:59:00.000Z,Vendor creates invoice
user_002,405009.0,2000000016_00001,2018-06-07T11:12:00.000Z,Clear Invoice
NONE,405009.0,2000000016_00001,2018-06-10T21:59:00.000Z,Vendor creates invoice
NONE,405009.0,2000000016_00001,2018-06-17T21:59:00.000Z,Vendor creates invoice
user_013,405009.0,2000000016_00001,2018-06-20T15:57:00.000Z,Record Invoice Receipt
NONE,405009.0,2000000016_00001,2018-06-24T21:59:00.000Z,Vendor creates invoice
user_013,405009.0,2000000016_00001,2018-06-25T14:36:00.000Z,Record Invoice Receipt
user_013,405009.0,2000000016_00001,2018-06-25T14:55:00.000Z,Record Invoice Receipt
user_000,405009.0,2000000016_00001,2018-06-26T20:59:00.000Z,Record Goods Receipt
NONE,405009.0,2000000016_00001,2018-06-26T20:59:00.000Z,Record Service Entry Sheet
user_000,405009.0,2000000016_00001,2018-06-26T21:04:00.000Z,Record Goods Receipt
NONE,405009.0,2000000016_00001,2018-06-26T21:04:00.000Z,Record Service Entry Sheet
user_000,405009.0,2000000016_00001,2018-06-26T21:06:00.000Z,Record Goods Receipt
NONE,405009.0,2000000016_00001,2018-06-26T21:06:00.000Z,Record Service Entry Sheet
user_000,405009.0,2000000016_00001,2018-06-26T21:09:00.000Z,Record Goods Receipt
NONE,405009.0,2000000016_00001,2018-06-26T21:09:00.000Z,Record Service Entry Sheet
user_013,405009.0,2000000016_00001,2018-06-27T15:15:00.000Z,Record Invoice Receipt
user_000,405009.0,2000000016_00001,2018-06-28T11:21:00.000Z,Record Goods Receipt
NONE,405009.0,2000000016_00001,2018-06-28T11:21:00.000Z,Record Service Entry Sheet
NONE,405009.0,2000000016_00001,2018-07-01T21:59:00.000Z,Vendor creates invoice
user_002,405009.0,2000000016_00001,2018-07-05T12:12:00.000Z,Clear Invoice
NONE,405009.0,2000000016_00001,2018-07-08T21:59:00.000Z,Vendor creates invoice
NONE,405009.0,2000000016_00001,2018-07-15T21:59:00.000Z,Vendor creates invoice
user_001,405009.0,2000000016_00001,2018-07-18T11:13:00.000Z,Record Invoice Receipt
user_012,405009.0,2000000016_00001,2018-07-18T14:24:00.000Z,Record Invoice Receipt
NONE,405009.0,2000000016_00001,2018-07-22T21:59:00.000Z,Vendor creates invoice
user_012,405009.0,2000000016_00001,2018-07-23T13:20:00.000Z,Record Invoice Receipt
user_012,405009.0,2000000016_00001,2018-07-23T14:02:00.000Z,Record Invoice Receipt
user_016,405009.0,2000000016_00001,2018-07-24T10:33:00.000Z,SRM: Created
user_016,405009.0,2000000016_00001,2018-07-24T12:33:00.000Z,SRM: Complete
user_016,405009.0,2000000016_00001,2018-07-24T12:33:00.000Z,SRM: Awaiting Approval
user_016,405009.0,2000000016_00001,2018-07-24T12:33:00.000Z,SRM: Document Completed
batch_00,405009.0,2000000016_00001,2018-07-24T13:38:00.000Z,SRM: Ordered
batch_00,405009.0,2000000016_00001,2018-07-24T13:38:00.000Z,SRM: In Transfer to Execution Syst.
batch_00,405009.0,2000000016_00001,2018-07-24T13:38:00.000Z,SRM: Deleted
user_000,405009.0,2000000016_00001,2018-07-24T13:38:00.000Z,Change Price
user_000,405009.0,2000000016_00001,2018-07-24T13:55:00.000Z,Record Goods Receipt
NONE,405009.0,2000000016_00001,2018-07-24T13:55:00.000Z,Record Service Entry Sheet
user_000,405009.0,2000000016_00001,2018-07-24T13:56:00.000Z,Record Goods Receipt
NONE,405009.0,2000000016_00001,2018-07-24T13:56:00.000Z,Record Service Entry Sheet
user_000,405009.0,2000000016_00001,2018-07-24T13:59:00.000Z,Record Goods Receipt
NONE,405009.0,2000000016_00001,2018-07-24T13:59:00.000Z,Record Service Entry Sheet
user_000,405009.0,2000000016_00001,2018-07-27T11:46:00.000Z,Record Goods Receipt
NONE,405009.0,2000000016_00001,2018-07-27T11:46:00.000Z,Record Service Entry Sheet
NONE,405009.0,2000000016_00001,2018-07-29T21:59:00.000Z,Vendor creates invoice
NONE,405009.0,2000000016_00001,2018-08-05T21:59:00.000Z,Vendor creates invoice
user_002,405009.0,2000000016_00001,2018-08-09T12:30:00.000Z,Clear Invoice
NONE,405009.0,2000000016_00001,2018-08-12T21:59:00.000Z,Vendor creates invoice
user_019,405009.0,2000000016_00001,2018-08-14T14:20:00.000Z,Record Invoice Receipt
user_012,405009.0,2000000016_00001,2018-08-15T12:11:00.000Z,Record Invoice Receipt
user_012,405009.0,2000000016_00001,2018-08-15T12:33:00.000Z,Record Invoice Receipt
NONE,405009.0,2000000016_00001,2018-08-19T21:59:00.000Z,Vendor creates invoice
user_019,405009.0,2000000016_00001,2018-08-20T12:58:00.000Z,Record Invoice Receipt
NONE,405009.0,2000000016_00001,2018-08-26T21:59:00.000Z,Vendor creates invoice
user_000,405009.0,2000000016_00001,2018-08-30T14:47:00.000Z,Record Goods Receipt
NONE,405009.0,2000000016_00001,2018-08-30T14:47:00.000Z,Record Service Entry Sheet
user_000,405009.0,2000000016_00001,2018-08-30T14:49:00.000Z,Record Goods Receipt
NONE,405009.0,2000000016_00001,2018-08-30T14:49:00.000Z,Record Service Entry Sheet
user_000,405009.0,2000000016_00001,2018-08-30T14:52:00.000Z,Record Goods Receipt
NONE,405009.0,2000000016_00001,2018-08-30T14:52:00.000Z,Record Service Entry Sheet
user_000,405009.0,2000000016_00001,2018-08-30T14:57:00.000Z,Record Goods Receipt
NONE,405009.0,2000000016_00001,2018-08-30T14:57:00.000Z,Record Service Entry Sheet
user_000,405009.0,2000000016_00001,2018-08-30T15:00:00.000Z,Record Goods Receipt
NONE,405009.0,2000000016_00001,2018-08-30T15:00:00.000Z,Record Service Entry Sheet
batch_00,405009.0,2000000016_00001,2018-08-30T17:12:00.000Z,Record Invoice Receipt
user_019,405009.0,2000000016_00001,2018-08-31T10:46:00.000Z,Record Invoice Receipt
NONE,405009.0,2000000016_00001,2018-09-02T21:59:00.000Z,Vendor creates invoice
user_002,405009.0,2000000016_00001,2018-09-06T12:08:00.000Z,Clear Invoice
user_013,405009.0,2000000016_00001,2018-09-07T06:00:00.000Z,Record Invoice Receipt
user_012,405009.0,2000000016_00001,2018-09-07T15:49:00.000Z,Record Invoice Receipt
NONE,405009.0,2000000016_00001,2018-09-09T21:59:00.000Z,Vendor creates invoice
user_011,405009.0,2000000016_00001,2018-09-10T10:15:00.000Z,Record Invoice Receipt
NONE,405009.0,2000000016_00001,2018-09-16T21:59:00.000Z,Vendor creates invoice
NONE,405009.0,2000000016_00001,2018-09-23T21:59:00.000Z,Vendor creates invoice
user_000,405009.0,2000000016_00001,2018-09-28T05:57:00.000Z,Record Goods Receipt
NONE,405009.0,2000000016_00001,2018-09-28T05:57:00.000Z,Record Service Entry Sheet
user_000,405009.0,2000000016_00001,2018-09-28T06:00:00.000Z,Record Goods Receipt
NONE,405009.0,2000000016_00001,2018-09-28T06:00:00.000Z,Record Service Entry Sheet
user_000,405009.0,2000000016_00001,2018-09-28T06:03:00.000Z,Record Goods Receipt
NONE,405009.0,2000000016_00001,2018-09-28T06:03:00.000Z,Record Service Entry Sheet
user_000,405009.0,2000000016_00001,2018-09-28T06:07:00.000Z,Record Goods Receipt
NONE,405009.0,2000000016_00001,2018-09-28T06:07:00.000Z,Record Service Entry Sheet
batch_00,405009.0,2000000016_00001,2018-09-28T11:06:00.000Z,Record Invoice Receipt
batch_00,405009.0,2000000016_00001,2018-09-28T11:08:00.000Z,Record Invoice Receipt
batch_00,405009.0,2000000016_00001,2018-09-28T11:13:00.000Z,Record Invoice Receipt
NONE,405009.0,2000000016_00001,2018-09-30T21:59:00.000Z,Vendor creates invoice
batch_00,405009.0,2000000016_00001,2018-10-03T09:13:00.000Z,Record Invoice Receipt
user_002,405009.0,2000000016_00001,2018-10-04T14:50:00.000Z,Clear Invoice
NONE,405009.0,2000000016_00001,2018-10-07T21:59:00.000Z,Vendor creates invoice
NONE,405009.0,2000000016_00001,2018-10-14T21:59:00.000Z,Vendor creates invoice
NONE,405009.0,2000000016_00001,2018-10-21T21:59:00.000Z,Vendor creates invoice
NONE,405009.0,2000000016_00001,2018-10-28T22:59:00.000Z,Vendor creates invoice
user_000,405009.0,2000000016_00001,2018-10-30T15:31:00.000Z,Record Goods Receipt
NONE,405009.0,2000000016_00001,2018-10-30T15:31:00.000Z,Record Service Entry Sheet
user_000,405009.0,2000000016_00001,2018-10-30T15:35:00.000Z,Record Goods Receipt
NONE,405009.0,2000000016_00001,2018-10-30T15:35:00.000Z,Record Service Entry Sheet
user_000,405009.0,2000000016_00001,2018-10-30T15:39:00.000Z,Record Goods Receipt
NONE,405009.0,2000000016_00001,2018-10-30T15:39:00.000Z,Record Service Entry Sheet
user_012,405009.0,2000000016_00001,2018-10-31T12:36:00.000Z,Record Invoice Receipt
user_012,405009.0,2000000016_00001,2018-10-31T16:25:00.000Z,Record Invoice Receipt
NONE,405009.0,2000000016_00001,2018-11-04T22:59:00.000Z,Vendor creates invoice
user_004,405009.0,2000000016_00001,2018-11-05T11:48:00.000Z,Cancel Invoice Receipt
user_004,405009.0,2000000016_00001,2018-11-05T11:51:00.000Z,Record Invoice Receipt
user_004,405009.0,2000000016_00001,2018-11-05T11:52:00.000Z,Clear Invoice
user_002,405009.0,2000000016_00001,2018-11-08T15:45:00.000Z,Clear Invoice
NONE,405009.0,2000000016_00001,2018-11-11T22:59:00.000Z,Vendor creates invoice
user_012,405009.0,2000000016_00001,2018-11-14T16:21:00.000Z,Record Invoice Receipt
NONE,405009.0,2000000016_00001,2018-11-18T22:59:00.000Z,Vendor creates invoice
NONE,405009.0,2000000016_00001,2018-11-25T22:59:00.000Z,Vendor creates invoice
NONE,405009.0,2000000016_00001,2018-12-02T22:59:00.000Z,Vendor creates invoice
user_002,405009.0,2000000016_00001,2018-12-07T08:08:00.000Z,Clear Invoice
NONE,405009.0,2000000016_00001,2018-12-09T22:59:00.000Z,Vendor creates invoice
user_017,405009.0,2000000016_00001,2018-12-10T07:03:00.000Z,SRM: Created
user_017,405009.0,2000000016_00001,2018-12-10T08:04:00.000Z,SRM: Complete
user_017,405009.0,2000000016_00001,2018-12-10T08:04:00.000Z,SRM: Awaiting Approval
user_017,405009.0,2000000016_00001,2018-12-10T08:04:00.000Z,SRM: Document Completed
batch_00,405009.0,2000000016_00001,2018-12-10T08:29:00.000Z,SRM: Ordered
batch_00,405009.0,2000000016_00001,2018-12-10T08:29:00.000Z,SRM: In Transfer to Execution Syst.
batch_00,405009.0,2000000016_00001,2018-12-10T08:29:00.000Z,SRM: Deleted
user_000,405009.0,2000000016_00001,2018-12-10T08:29:00.000Z,Change Price
user_019,405009.0,2000000016_00001,2018-12-11T13:21:00.000Z,Record Invoice Receipt
NONE,405009.0,2000000016_00001,2018-12-16T22:59:00.000Z,Vendor creates invoice
user_000,405009.0,2000000016_00001,2018-12-17T11:04:00.000Z,Record Goods Receipt
NONE,405009.0,2000000016_00001,2018-12-17T11:04:00.000Z,Record Service Entry Sheet
user_000,405009.0,2000000016_00001,2018-12-17T11:07:00.000Z,Record Goods Receipt
NONE,405009.0,2000000016_00001,2018-12-17T11:07:00.000Z,Record Service Entry Sheet
user_000,405009.0,2000000016_00001,2018-12-17T11:10:00.000Z,Record Goods Receipt
NONE,405009.0,2000000016_00001,2018-12-17T11:10:00.000Z,Record Service Entry Sheet
user_000,405009.0,2000000016_00001,2018-12-17T11:13:00.000Z,Record Goods Receipt
NONE,405009.0,2000000016_00001,2018-12-17T11:13:00.000Z,Record Service Entry Sheet
user_000,405009.0,2000000016_00001,2018-12-17T11:19:00.000Z,Record Goods Receipt
NONE,405009.0,2000000016_00001,2018-12-17T11:19:00.000Z,Record Service Entry Sheet
user_000,405009.0,2000000016_00001,2018-12-17T11:22:00.000Z,Record Goods Receipt
NONE,405009.0,2000000016_00001,2018-12-17T11:22:00.000Z,Record Service Entry Sheet
user_000,405009.0,2000000016_00001,2018-12-17T11:24:00.000Z,Record Goods Receipt
NONE,405009.0,2000000016_00001,2018-12-17T11:24:00.000Z,Record Service Entry Sheet
user_000,405009.0,2000000016_00001,2018-12-17T11:27:00.000Z,Record Goods Receipt
NONE,405009.0,2000000016_00001,2018-12-17T11:27:00.000Z,Record Service Entry Sheet
batch_00,405009.0,2000000016_00001,2018-12-17T11:54:00.000Z,Record Invoice Receipt
batch_00,405009.0,2000000016_00001,2018-12-17T11:57:00.000Z,Record Invoice Receipt
batch_00,405009.0,2000000016_00001,2018-12-17T12:08:00.000Z,Record Invoice Receipt
user_001,405009.0,2000000016_00001,2018-12-18T07:16:00.000Z,Record Invoice Receipt
user_001,405009.0,2000000016_00001,2018-12-18T07:17:00.000Z,Record Invoice Receipt
user_000,405009.0,2000000016_00001,2018-12-19T10:03:00.000Z,Record Goods Receipt
NONE,405009.0,2000000016_00001,2018-12-19T10:03:00.000Z,Record Service Entry Sheet
user_015,405009.0,2000000016_00001,2018-12-24T07:18:00.000Z,Remove Payment Block
user_019,405009.0,2000000016_00001,2018-12-28T07:50:00.000Z,Record Invoice Receipt
user_019,405009.0,2000000016_00001,2018-12-28T12:23:00.000Z,Record Invoice Receipt
user_019,405009.0,2000000016_00001,2018-12-28T14:35:00.000Z,Record Invoice Receipt
user_005,405009.0,2000000016_00001,2019-01-03T15:12:00.000Z,Clear Invoice
user_002,405009.0,2000000016_00001,2019-01-10T14:45:00.000Z,Clear Invoice
batch_00,372390.0,2000000017_00001,2018-01-12T08:52:00.000Z,SRM: Created
batch_00,372390.0,2000000017_00001,2018-01-12T09:52:00.000Z,SRM: Complete
batch_00,372390.0,2000000017_00001,2018-01-12T09:52:00.000Z,SRM: Awaiting Approval
batch_00,372390.0,2000000017_00001,2018-01-12T09:52:00.000Z,SRM: Document Completed
batch_00,372390.0,2000000017_00001,2018-01-12T09:52:00.000Z,SRM: In Transfer to Execution Syst.
batch_00,372390.0,2000000017_00001,2018-01-12T09:52:00.000Z,SRM: Ordered
user_000,372390.0,2000000017_00001,2018-01-12T09:52:00.000Z,Create Purchase Order Item
batch_00,372390.0,2000000017_00001,2018-01-12T09:52:00.000Z,SRM: Change was Transmitted
NONE,372390.0,2000000017_00001,2018-02-09T22:59:00.000Z,Vendor creates invoice
user_000,372390.0,2000000017_00001,2018-02-27T21:02:00.000Z,Record Goods Receipt
NONE,372390.0,2000000017_00001,2018-02-27T21:02:00.000Z,Record Service Entry Sheet
user_000,372390.0,2000000017_00001,2018-02-27T21:06:00.000Z,Record Goods Receipt
NONE,372390.0,2000000017_00001,2018-02-27T21:06:00.000Z,Record Service Entry Sheet
user_000,372390.0,2000000017_00001,2018-02-27T21:08:00.000Z,Record Goods Receipt
NONE,372390.0,2000000017_00001,2018-02-27T21:08:00.000Z,Record Service Entry Sheet
user_000,372390.0,2000000017_00001,2018-02-27T21:12:00.000Z,Record Goods Receipt
NONE,372390.0,2000000017_00001,2018-02-27T21:12:00.000Z,Record Service Entry Sheet
NONE,372390.0,2000000017_00001,2018-03-02T22:59:00.000Z,Vendor creates invoice
user_007,372390.0,2000000017_00001,2018-03-26T16:04:00.000Z,Record Invoice Receipt
user_012,372390.0,2000000017_00001,2018-04-03T14:30:00.000Z,Record Invoice Receipt
user_012,372390.0,2000000017_00001,2018-04-03T14:31:00.000Z,Record Invoice Receipt
user_013,372390.0,2000000017_00001,2018-04-04T09:06:00.000Z,Record Invoice Receipt
NONE,372390.0,2000000017_00001,2018-04-04T21:59:00.000Z,Vendor creates invoice
NONE,372390.0,2000000017_00001,2018-04-04T21:59:00.000Z,Vendor creates debit memo
user_002,372390.0,2000000017_00001,2018-04-26T09:15:00.000Z,Clear Invoice
user_000,372390.0,2000000017_00001,2018-04-30T15:30:00.000Z,Record Goods Receipt
NONE,372390.0,2000000017_00001,2018-04-30T15:30:00.000Z,Record Service Entry Sheet
user_000,372390.0,2000000017_00001,2018-04-30T15:32:00.000Z,Record Goods Receipt
NONE,372390.0,2000000017_00001,2018-04-30T15:32:00.000Z,Record Service Entry Sheet
user_000,372390.0,2000000017_00001,2018-04-30T15:34:00.000Z,Record Goods Receipt
NONE,372390.0,2000000017_00001,2018-04-30T15:34:00.000Z,Record Service Entry Sheet
NONE,372390.0,2000000017_00001,2018-05-04T21:59:00.000Z,Vendor creates invoice
user_013,372390.0,2000000017_00001,2018-05-14T12:25:00.000Z,Record Invoice Receipt
user_002,372390.0,2000000017_00001,2018-05-24T11:36:00.000Z,Clear Invoice
user_009,372390.0,2000000017_00001,2018-05-28T05:00:00.000Z,SRM: Created
user_009,372390.0,2000000017_00001,2018-05-28T07:01:00.000Z,SRM: Complete
user_009,372390.0,2000000017_00001,2018-05-28T07:01:00.000Z,SRM: Awaiting Approval
user_009,372390.0,2000000017_00001,2018-05-28T07:01:00.000Z,SRM: Document Completed
batch_00,372390.0,2000000017_00001,2018-05-28T16:05:00.000Z,SRM: In Transfer to Execution Syst.
batch_00,372390.0,2000000017_00001,2018-05-28T16:05:00.000Z,SRM: Ordered
batch_00,372390.0,2000000017_00001,2018-05-28T16:05:00.000Z,SRM: Deleted
user_000,372390.0,2000000017_00001,2018-05-28T16:05:00.000Z,Change Price
user_000,372390.0,2000000017_00001,2018-05-29T08:07:00.000Z,Record Goods Receipt
NONE,372390.0,2000000017_00001,2018-05-29T08:07:00.000Z,Record Service Entry Sheet
NONE,372390.0,2000000017_00001,2018-06-04T21:59:00.000Z,Vendor creates invoice
user_001,372390.0,2000000017_00001,2018-06-06T15:23:00.000Z,Record Invoice Receipt
user_001,372390.0,2000000017_00001,2018-06-06T15:25:00.000Z,Record Invoice Receipt
user_013,372390.0,2000000017_00001,2018-06-07T12:53:00.000Z,Record Invoice Receipt
user_002,372390.0,2000000017_00001,2018-06-28T12:05:00.000Z,Clear Invoice
user_000,372390.0,2000000017_00001,2018-06-28T12:09:00.000Z,Record Goods Receipt
NONE,372390.0,2000000017_00001,2018-06-28T12:09:00.000Z,Record Service Entry Sheet
user_000,372390.0,2000000017_00001,2018-06-28T12:12:00.000Z,Record Goods Receipt
NONE,372390.0,2000000017_00001,2018-06-28T12:12:00.000Z,Record Service Entry Sheet
user_000,372390.0,2000000017_00001,2018-06-28T12:14:00.000Z,Record Goods Receipt
NONE,372390.0,2000000017_00001,2018-06-28T12:14:00.000Z,Record Service Entry Sheet
user_000,372390.0,2000000017_00001,2018-06-28T12:17:00.000Z,Record Goods Receipt
NONE,372390.0,2000000017_00001,2018-06-28T12:17:00.000Z,Record Service Entry Sheet
NONE,372390.0,2000000017_00001,2018-07-06T21:59:00.000Z,Vendor creates invoice
user_001,372390.0,2000000017_00001,2018-07-27T05:02:00.000Z,Record Invoice Receipt
user_001,372390.0,2000000017_00001,2018-07-27T05:03:00.000Z,Record Invoice Receipt
user_001,372390.0,2000000017_00001,2018-07-27T05:04:00.000Z,Record Invoice Receipt
user_016,372390.0,2000000017_00001,2018-07-27T11:10:00.000Z,SRM: Created
user_000,372390.0,2000000017_00001,2018-07-27T12:30:00.000Z,Record Goods Receipt
NONE,372390.0,2000000017_00001,2018-07-27T12:30:00.000Z,Record Service Entry Sheet
user_000,372390.0,2000000017_00001,2018-07-27T12:34:00.000Z,Record Goods Receipt
NONE,372390.0,2000000017_00001,2018-07-27T12:34:00.000Z,Record Service Entry Sheet
user_016,372390.0,2000000017_00001,2018-07-27T13:11:00.000Z,SRM: Complete
user_016,372390.0,2000000017_00001,2018-07-27T13:11:00.000Z,SRM: Awaiting Approval
user_016,372390.0,2000000017_00001,2018-07-27T13:11:00.000Z,SRM: Document Completed
user_012,372390.0,2000000017_00001,2018-07-27T13:39:00.000Z,Record Invoice Receipt
batch_00,372390.0,2000000017_00001,2018-07-30T19:36:00.000Z,SRM: In Transfer to Execution Syst.
batch_00,372390.0,2000000017_00001,2018-07-30T19:36:00.000Z,SRM: Ordered
batch_00,372390.0,2000000017_00001,2018-07-30T19:36:00.000Z,SRM: Deleted
user_000,372390.0,2000000017_00001,2018-07-30T19:36:00.000Z,Change Price
batch_00,372390.0,2000000017_00001,2018-07-31T07:30:00.000Z,Record Invoice Receipt
batch_00,372390.0,2000000017_00001,2018-07-31T07:31:00.000Z,Record Invoice Receipt
NONE,372390.0,2000000017_00001,2018-07-31T21:59:00.000Z,Vendor creates invoice
NONE,372390.0,2000000017_00001,2018-08-01T21:59:00.000Z,Vendor creates invoice
user_002,372390.0,2000000017_00001,2018-08-02T14:07:00.000Z,Clear Invoice
user_002,372390.0,2000000017_00001,2018-08-30T13:40:00.000Z,Clear Invoice
NONE,372390.0,2000000017_00001,2018-08-31T21:59:00.000Z,Vendor creates invoice
user_000,372390.0,2000000017_00001,2018-09-28T09:03:00.000Z,Record Goods Receipt
NONE,372390.0,2000000017_00001,2018-09-28T09:03:00.000Z,Record Service Entry Sheet
NONE,372390.0,2000000017_00001,2018-09-30T21:59:00.000Z,Vendor creates invoice
user_013,372390.0,2000000017_00001,2018-10-02T11:21:00.000Z,Record Invoice Receipt
user_002,372390.0,2000000017_00001,2018-10-04T14:50:00.000Z,Clear Invoice
NONE,372390.0,2000000017_00001,2018-10-04T21:59:00.000Z,Vendor creates invoice
user_020,372390.0,2000000017_00001,2018-10-25T10:45:00.000Z,Cancel Invoice Receipt
NONE,372390.0,2000000017_00001,2018-11-20T22:59:00.000Z,Vendor creates invoice
user_000,372390.0,2000000017_00001,2018-11-26T01:08:00.000Z,Record Goods Receipt
NONE,372390.0,2000000017_00001,2018-11-26T01:08:00.000Z,Record Service Entry Sheet
user_000,372390.0,2000000017_00001,2018-11-26T01:12:00.000Z,Record Goods Receipt
NONE,372390.0,2000000017_00001,2018-11-26T01:12:00.000Z,Record Service Entry Sheet
user_000,372390.0,2000000017_00001,2018-11-26T01:30:00.000Z,Record Goods Receipt
NONE,372390.0,2000000017_00001,2018-11-26T01:30:00.000Z,Record Service Entry Sheet
user_000,372390.0,2000000017_00001,2018-11-26T01:32:00.000Z,Record Goods Receipt
NONE,372390.0,2000000017_00001,2018-11-26T01:32:00.000Z,Record Service Entry Sheet
user_000,372390.0,2000000017_00001,2018-11-26T01:35:00.000Z,Record Goods Receipt
NONE,372390.0,2000000017_00001,2018-11-26T01:35:00.000Z,Record Service Entry Sheet
user_000,372390.0,2000000017_00001,2018-11-26T01:38:00.000Z,Record Goods Receipt
NONE,372390.0,2000000017_00001,2018-11-26T01:38:00.000Z,Record Service Entry Sheet
user_000,372390.0,2000000017_00001,2018-11-26T01:52:00.000Z,Record Goods Receipt
NONE,372390.0,2000000017_00001,2018-11-26T01:52:00.000Z,Record Service Entry Sheet
user_000,372390.0,2000000017_00001,2018-11-26T01:55:00.000Z,Record Goods Receipt
NONE,372390.0,2000000017_00001,2018-11-26T01:55:00.000Z,Record Service Entry Sheet
user_000,372390.0,2000000017_00001,2018-11-26T01:58:00.000Z,Record Goods Receipt
NONE,372390.0,2000000017_00001,2018-11-26T01:58:00.000Z,Record Service Entry Sheet
user_012,372390.0,2000000017_00001,2018-12-06T12:54:00.000Z,Record Invoice Receipt
user_012,372390.0,2000000017_00001,2018-12-21T10:42:00.000Z,Record Invoice Receipt
user_012,372390.0,2000000017_00001,2018-12-21T10:52:00.000Z,Record Invoice Receipt
user_013,372390.0,2000000017_00001,2018-12-21T13:07:00.000Z,Record Invoice Receipt
user_013,372390.0,2000000017_00001,2018-12-24T10:54:00.000Z,Record Invoice Receipt
user_013,372390.0,2000000017_00001,2018-12-24T10:56:00.000Z,Record Invoice Receipt
user_012,372390.0,2000000017_00001,2018-12-27T13:51:00.000Z,Record Invoice Receipt
user_001,372390.0,2000000017_00001,2019-01-03T04:12:00.000Z,Record Invoice Receipt
user_001,372390.0,2000000017_00001,2019-01-03T05:21:00.000Z,Record Invoice Receipt
user_005,372390.0,2000000017_00001,2019-01-03T15:12:00.000Z,Clear Invoice
NONE,372390.0,2000000017_00001,2019-01-04T22:59:00.000Z,Clear Invoice
user_003,372390.0,2000000017_00001,2019-01-17T10:59:00.000Z,SRM: In Transfer to Execution Syst.
user_003,372390.0,2000000017_00001,2019-01-17T10:59:00.000Z,SRM: Transfer Failed (E.Sys.)
batch_00,950029.0,2000000018_00001,2018-01-12T08:52:00.000Z,SRM: Created
batch_00,950029.0,2000000018_00001,2018-01-12T09:52:00.000Z,SRM: Complete
batch_00,950029.0,2000000018_00001,2018-01-12T09:52:00.000Z,SRM: Awaiting Approval
batch_00,950029.0,2000000018_00001,2018-01-12T09:52:00.000Z,SRM: Document Completed
batch_00,950029.0,2000000018_00001,2018-01-12T09:52:00.000Z,SRM: Ordered
batch_00,950029.0,2000000018_00001,2018-01-12T09:52:00.000Z,SRM: In Transfer to Execution Syst.
batch_00,950029.0,2000000018_00001,2018-01-12T09:52:00.000Z,SRM: Change was Transmitted
user_000,950029.0,2000000018_00001,2018-01-12T09:52:00.000Z,Create Purchase Order Item
NONE,950029.0,2000000018_00001,2018-01-29T22:59:00.000Z,Vendor creates invoice
user_000,950029.0,2000000018_00001,2018-01-31T10:07:00.000Z,Record Goods Receipt
NONE,950029.0,2000000018_00001,2018-01-31T10:07:00.000Z,Record Service Entry Sheet
batch_00,950029.0,2000000018_00001,2018-02-01T16:10:00.000Z,Record Invoice Receipt
user_000,950029.0,2000000018_00001,2018-02-05T10:40:00.000Z,Record Goods Receipt
NONE,950029.0,2000000018_00001,2018-02-05T10:40:00.000Z,Record Service Entry Sheet
user_006,950029.0,2000000018_00001,2018-02-06T15:49:00.000Z,Record Invoice Receipt
NONE,950029.0,2000000018_00001,2018-02-26T22:59:00.000Z,Vendor creates invoice
user_000,950029.0,2000000018_00001,2018-03-20T11:47:00.000Z,Record Goods Receipt
NONE,950029.0,2000000018_00001,2018-03-20T11:47:00.000Z,Record Service Entry Sheet
user_000,950029.0,2000000018_00001,2018-03-20T11:51:00.000Z,Record Goods Receipt
NONE,950029.0,2000000018_00001,2018-03-20T11:51:00.000Z,Record Service Entry Sheet
user_000,950029.0,2000000018_00001,2018-03-20T11:56:00.000Z,Record Goods Receipt
NONE,950029.0,2000000018_00001,2018-03-20T11:56:00.000Z,Record Service Entry Sheet
user_011,950029.0,2000000018_00001,2018-03-20T15:08:00.000Z,Record Invoice Receipt
user_011,950029.0,2000000018_00001,2018-03-20T15:09:00.000Z,Record Invoice Receipt
user_011,950029.0,2000000018_00001,2018-03-20T15:11:00.000Z,Record Invoice Receipt
NONE,950029.0,2000000018_00001,2018-03-26T21:59:00.000Z,Vendor creates invoice
NONE,950029.0,2000000018_00001,2018-03-26T21:59:00.000Z,Vendor creates debit memo
user_000,950029.0,2000000018_00001,2018-03-27T10:06:00.000Z,Record Goods Receipt
NONE,950029.0,2000000018_00001,2018-03-27T10:06:00.000Z,Record Service Entry Sheet
batch_00,950029.0,2000000018_00001,2018-03-27T12:52:00.000Z,Record Invoice Receipt
user_002,950029.0,2000000018_00001,2018-03-29T13:10:00.000Z,Clear Invoice
user_000,950029.0,2000000018_00001,2018-04-10T13:09:00.000Z,Record Goods Receipt
NONE,950029.0,2000000018_00001,2018-04-10T13:09:00.000Z,Record Service Entry Sheet
user_000,950029.0,2000000018_00001,2018-04-10T13:21:00.000Z,Record Goods Receipt
NONE,950029.0,2000000018_00001,2018-04-10T13:21:00.000Z,Record Service Entry Sheet
user_000,950029.0,2000000018_00001,2018-04-10T13:35:00.000Z,Record Goods Receipt
NONE,950029.0,2000000018_00001,2018-04-10T13:35:00.000Z,Record Service Entry Sheet
batch_00,950029.0,2000000018_00001,2018-04-10T14:11:00.000Z,Record Invoice Receipt
batch_00,950029.0,2000000018_00001,2018-04-10T14:12:00.000Z,Record Invoice Receipt
user_011,950029.0,2000000018_00001,2018-04-10T14:14:00.000Z,Cancel Invoice Receipt
user_011,950029.0,2000000018_00001,2018-04-10T14:15:00.000Z,Clear Invoice
user_011,950029.0,2000000018_00001,2018-04-10T14:16:00.000Z,Record Invoice Receipt
batch_00,950029.0,2000000018_00001,2018-04-16T09:56:00.000Z,Record Invoice Receipt
NONE,950029.0,2000000018_00001,2018-04-25T21:59:00.000Z,Vendor creates invoice
user_002,950029.0,2000000018_00001,2018-04-26T09:15:00.000Z,Clear Invoice
user_002,950029.0,2000000018_00001,2018-05-24T11:36:00.000Z,Clear Invoice
NONE,950029.0,2000000018_00001,2018-05-25T21:59:00.000Z,Vendor creates invoice
user_000,950029.0,2000000018_00001,2018-05-27T19:17:00.000Z,Record Goods Receipt
NONE,950029.0,2000000018_00001,2018-05-27T19:17:00.000Z,Record Service Entry Sheet
user_000,950029.0,2000000018_00001,2018-05-27T19:37:00.000Z,Record Goods Receipt
NONE,950029.0,2000000018_00001,2018-05-27T19:37:00.000Z,Record Service Entry Sheet
user_013,950029.0,2000000018_00001,2018-05-28T08:49:00.000Z,Record Invoice Receipt
user_000,950029.0,2000000018_00001,2018-05-29T09:34:00.000Z,Record Goods Receipt
NONE,950029.0,2000000018_00001,2018-05-29T09:34:00.000Z,Record Service Entry Sheet
user_000,950029.0,2000000018_00001,2018-05-29T09:38:00.000Z,Record Goods Receipt
NONE,950029.0,2000000018_00001,2018-05-29T09:38:00.000Z,Record Service Entry Sheet
user_012,950029.0,2000000018_00001,2018-05-30T08:51:00.000Z,Record Invoice Receipt
user_012,950029.0,2000000018_00001,2018-05-30T08:58:00.000Z,Record Invoice Receipt
user_011,950029.0,2000000018_00001,2018-05-31T07:30:00.000Z,Record Invoice Receipt
user_002,950029.0,2000000018_00001,2018-05-31T10:33:00.000Z,Clear Invoice
user_016,950029.0,2000000018_00001,2018-06-25T04:22:00.000Z,SRM: Created
user_016,950029.0,2000000018_00001,2018-06-25T06:23:00.000Z,SRM: Complete
user_016,950029.0,2000000018_00001,2018-06-25T06:23:00.000Z,SRM: Awaiting Approval
user_016,950029.0,2000000018_00001,2018-06-25T06:23:00.000Z,SRM: Document Completed
NONE,950029.0,2000000018_00001,2018-06-25T21:59:00.000Z,Vendor creates invoice
user_000,950029.0,2000000018_00001,2018-06-26T21:13:00.000Z,Record Goods Receipt
NONE,950029.0,2000000018_00001,2018-06-26T21:13:00.000Z,Record Service Entry Sheet
batch_00,950029.0,2000000018_00001,2018-06-27T04:05:00.000Z,SRM: Ordered
batch_00,950029.0,2000000018_00001,2018-06-27T04:05:00.000Z,SRM: In Transfer to Execution Syst.
batch_00,950029.0,2000000018_00001,2018-06-27T04:05:00.000Z,SRM: Deleted
user_000,950029.0,2000000018_00001,2018-06-27T04:05:00.000Z,Change Price
user_013,950029.0,2000000018_00001,2018-06-28T09:58:00.000Z,Record Invoice Receipt
user_000,950029.0,2000000018_00001,2018-06-28T10:59:00.000Z,Record Goods Receipt
NONE,950029.0,2000000018_00001,2018-06-28T10:59:00.000Z,Record Service Entry Sheet
user_000,950029.0,2000000018_00001,2018-06-28T11:06:00.000Z,Record Goods Receipt
NONE,950029.0,2000000018_00001,2018-06-28T11:06:00.000Z,Record Service Entry Sheet
user_002,950029.0,2000000018_00001,2018-06-28T12:05:00.000Z,Clear Invoice
user_013,950029.0,2000000018_00001,2018-06-29T15:03:00.000Z,Record Invoice Receipt
user_002,950029.0,2000000018_00001,2018-07-05T12:13:00.000Z,Clear Invoice
user_000,950029.0,2000000018_00001,2018-07-24T14:13:00.000Z,Record Goods Receipt
NONE,950029.0,2000000018_00001,2018-07-24T14:13:00.000Z,Record Service Entry Sheet
user_000,950029.0,2000000018_00001,2018-07-24T14:18:00.000Z,Record Goods Receipt
NONE,950029.0,2000000018_00001,2018-07-24T14:18:00.000Z,Record Service Entry Sheet
user_000,950029.0,2000000018_00001,2018-07-24T14:21:00.000Z,Record Goods Receipt
NONE,950029.0,2000000018_00001,2018-07-24T14:21:00.000Z,Record Service Entry Sheet
user_012,950029.0,2000000018_00001,2018-07-24T15:50:00.000Z,Record Invoice Receipt
user_013,950029.0,2000000018_00001,2018-07-25T07:11:00.000Z,Record Invoice Receipt
NONE,950029.0,2000000018_00001,2018-07-25T21:59:00.000Z,Vendor creates invoice
user_011,950029.0,2000000018_00001,2018-07-26T06:30:00.000Z,Record Invoice Receipt
batch_00,950029.0,2000000018_00001,2018-07-26T06:32:00.000Z,Record Invoice Receipt
user_002,950029.0,2000000018_00001,2018-07-26T16:09:00.000Z,Clear Invoice
user_000,950029.0,2000000018_00001,2018-07-27T11:23:00.000Z,Record Goods Receipt
NONE,950029.0,2000000018_00001,2018-07-27T11:23:00.000Z,Record Service Entry Sheet
user_000,950029.0,2000000018_00001,2018-07-27T11:37:00.000Z,Record Goods Receipt
NONE,950029.0,2000000018_00001,2018-07-27T11:37:00.000Z,Record Service Entry Sheet
user_000,950029.0,2000000018_00001,2018-07-27T11:41:00.000Z,Record Goods Receipt
NONE,950029.0,2000000018_00001,2018-07-27T11:41:00.000Z,Record Service Entry Sheet
batch_00,950029.0,2000000018_00001,2018-07-31T07:22:00.000Z,Record Invoice Receipt
batch_00,950029.0,2000000018_00001,2018-07-31T07:27:00.000Z,Record Invoice Receipt
batch_00,950029.0,2000000018_00001,2018-07-31T07:28:00.000Z,Record Invoice Receipt
user_000,950029.0,2000000018_00001,2018-07-31T10:15:00.000Z,Record Goods Receipt
NONE,950029.0,2000000018_00001,2018-07-31T10:15:00.000Z,Record Service Entry Sheet
batch_00,950029.0,2000000018_00001,2018-07-31T11:10:00.000Z,Record Invoice Receipt
NONE,950029.0,2000000018_00001,2018-08-27T21:59:00.000Z,Vendor creates invoice
user_002,950029.0,2000000018_00001,2018-08-30T13:40:00.000Z,Clear Invoice
NONE,950029.0,2000000018_00001,2018-09-25T21:59:00.000Z,Vendor creates invoice
user_000,950029.0,2000000018_00001,2018-09-28T06:13:00.000Z,Record Goods Receipt
NONE,950029.0,2000000018_00001,2018-09-28T06:13:00.000Z,Record Service Entry Sheet
user_000,950029.0,2000000018_00001,2018-09-28T06:17:00.000Z,Record Goods Receipt
NONE,950029.0,2000000018_00001,2018-09-28T06:17:00.000Z,Record Service Entry Sheet
user_000,950029.0,2000000018_00001,2018-09-28T06:21:00.000Z,Record Goods Receipt
NONE,950029.0,2000000018_00001,2018-09-28T06:21:00.000Z,Record Service Entry Sheet
user_000,950029.0,2000000018_00001,2018-09-28T06:25:00.000Z,Record Goods Receipt
NONE,950029.0,2000000018_00001,2018-09-28T06:25:00.000Z,Record Service Entry Sheet
user_000,950029.0,2000000018_00001,2018-09-28T06:29:00.000Z,Record Goods Receipt
NONE,950029.0,2000000018_00001,2018-09-28T06:29:00.000Z,Record Service Entry Sheet
user_000,950029.0,2000000018_00001,2018-09-28T06:34:00.000Z,Record Goods Receipt
NONE,950029.0,2000000018_00001,2018-09-28T06:34:00.000Z,Record Service Entry Sheet
user_002,950029.0,2000000018_00001,2018-09-28T08:29:00.000Z,Clear Invoice
batch_00,950029.0,2000000018_00001,2018-09-28T11:02:00.000Z,Record Invoice Receipt
user_013,950029.0,2000000018_00001,2018-10-02T08:50:00.000Z,Record Invoice Receipt
user_012,950029.0,2000000018_00001,2018-10-02T15:49:00.000Z,Record Invoice Receipt
batch_00,950029.0,2000000018_00001,2018-10-03T09:15:00.000Z,Record Invoice Receipt
batch_00,950029.0,2000000018_00001,2018-10-03T09:16:00.000Z,Record Invoice Receipt
user_011,950029.0,2000000018_00001,2018-10-03T09:17:00.000Z,Record Invoice Receipt
user_002,950029.0,2000000018_00001,2018-10-04T14:50:00.000Z,Clear Invoice
user_000,950029.0,2000000018_00001,2018-10-11T10:44:00.000Z,Record Goods Receipt
NONE,950029.0,2000000018_00001,2018-10-11T10:44:00.000Z,Record Service Entry Sheet
batch_00,950029.0,2000000018_00001,2018-10-11T10:46:00.000Z,Record Invoice Receipt
user_002,950029.0,2000000018_00001,2018-10-11T11:47:00.000Z,Clear Invoice
user_002,950029.0,2000000018_00001,2018-10-18T15:21:00.000Z,Clear Invoice
NONE,950029.0,2000000018_00001,2018-10-25T21:59:00.000Z,Vendor creates invoice
user_005,950029.0,2000000018_00001,2018-10-26T09:03:00.000Z,Clear Invoice
user_000,950029.0,2000000018_00001,2018-10-30T14:48:00.000Z,Record Goods Receipt
NONE,950029.0,2000000018_00001,2018-10-30T14:48:00.000Z,Record Service Entry Sheet
user_000,950029.0,2000000018_00001,2018-10-30T14:52:00.000Z,Record Goods Receipt
NONE,950029.0,2000000018_00001,2018-10-30T14:52:00.000Z,Record Service Entry Sheet
user_000,950029.0,2000000018_00001,2018-10-30T15:06:00.000Z,Record Goods Receipt
NONE,950029.0,2000000018_00001,2018-10-30T15:06:00.000Z,Record Service Entry Sheet
user_000,950029.0,2000000018_00001,2018-10-30T15:17:00.000Z,Record Goods Receipt
NONE,950029.0,2000000018_00001,2018-10-30T15:17:00.000Z,Record Service Entry Sheet
user_001,950029.0,2000000018_00001,2018-10-31T10:21:00.000Z,Record Invoice Receipt
user_013,950029.0,2000000018_00001,2018-10-31T15:52:00.000Z,Record Invoice Receipt
user_000,950029.0,2000000018_00001,2018-11-14T15:07:00.000Z,Record Goods Receipt
NONE,950029.0,2000000018_00001,2018-11-14T15:07:00.000Z,Record Service Entry Sheet
user_000,950029.0,2000000018_00001,2018-11-14T15:20:00.000Z,Record Goods Receipt
NONE,950029.0,2000000018_00001,2018-11-14T15:20:00.000Z,Record Service Entry Sheet
user_000,950029.0,2000000018_00001,2018-11-14T16:01:00.000Z,Record Goods Receipt
NONE,950029.0,2000000018_00001,2018-11-14T16:01:00.000Z,Record Service Entry Sheet
user_012,950029.0,2000000018_00001,2018-11-14T17:07:00.000Z,Record Invoice Receipt
user_013,950029.0,2000000018_00001,2018-11-15T08:47:00.000Z,Record Invoice Receipt
user_020,950029.0,2000000018_00001,2018-11-15T09:51:00.000Z,Record Invoice Receipt
user_002,950029.0,2000000018_00001,2018-11-15T14:35:00.000Z,Clear Invoice
user_012,950029.0,2000000018_00001,2018-11-22T14:51:00.000Z,Record Invoice Receipt
user_013,950029.0,2000000018_00001,2018-11-22T16:25:00.000Z,Record Invoice Receipt
NONE,950029.0,2000000018_00001,2018-11-26T22:59:00.000Z,Vendor creates invoice
user_000,950029.0,2000000018_00001,2018-11-28T21:12:00.000Z,Record Goods Receipt
NONE,950029.0,2000000018_00001,2018-11-28T21:12:00.000Z,Record Service Entry Sheet
user_000,950029.0,2000000018_00001,2018-11-29T10:09:00.000Z,Record Goods Receipt
NONE,950029.0,2000000018_00001,2018-11-29T10:09:00.000Z,Record Service Entry Sheet
user_002,950029.0,2000000018_00001,2018-11-29T15:16:00.000Z,Clear Invoice
user_000,950029.0,2000000018_00001,2018-11-30T12:10:00.000Z,Record Goods Receipt
NONE,950029.0,2000000018_00001,2018-11-30T12:10:00.000Z,Record Service Entry Sheet
user_012,950029.0,2000000018_00001,2018-12-03T13:50:00.000Z,Record Invoice Receipt
user_000,950029.0,2000000018_00001,2018-12-03T15:22:00.000Z,Record Goods Receipt
NONE,950029.0,2000000018_00001,2018-12-03T15:22:00.000Z,Record Service Entry Sheet
user_000,950029.0,2000000018_00001,2018-12-03T15:25:00.000Z,Record Goods Receipt
NONE,950029.0,2000000018_00001,2018-12-03T15:25:00.000Z,Record Service Entry Sheet
user_020,950029.0,2000000018_00001,2018-12-04T09:33:00.000Z,Record Invoice Receipt
user_019,950029.0,2000000018_00001,2018-12-04T16:59:00.000Z,Record Invoice Receipt
user_019,950029.0,2000000018_00001,2018-12-05T13:24:00.000Z,Record Invoice Receipt
user_021,950029.0,2000000018_00001,2018-12-11T07:08:00.000Z,SRM: Created
user_021,950029.0,2000000018_00001,2018-12-11T08:09:00.000Z,SRM: Complete
user_021,950029.0,2000000018_00001,2018-12-11T08:09:00.000Z,SRM: Awaiting Approval
user_021,950029.0,2000000018_00001,2018-12-11T08:09:00.000Z,SRM: Document Completed
batch_00,950029.0,2000000018_00001,2018-12-11T08:58:00.000Z,SRM: Ordered
batch_00,950029.0,2000000018_00001,2018-12-11T08:58:00.000Z,SRM: In Transfer to Execution Syst.
batch_00,950029.0,2000000018_00001,2018-12-11T08:58:00.000Z,SRM: Deleted
user_020,950029.0,2000000018_00001,2019-01-04T06:54:00.000Z,Record Invoice Receipt
NONE,950029.0,2000000018_00001,2019-01-04T22:59:00.000Z,Clear Invoice
batch_00,502814.0,2000000019_00001,2018-01-12T08:52:00.000Z,SRM: Created
batch_00,502814.0,2000000019_00001,2018-01-12T09:52:00.000Z,SRM: Complete
batch_00,502814.0,2000000019_00001,2018-01-12T09:52:00.000Z,SRM: Awaiting Approval
batch_00,502814.0,2000000019_00001,2018-01-12T09:52:00.000Z,SRM: Document Completed
batch_00,502814.0,2000000019_00001,2018-01-12T09:52:00.000Z,SRM: In Transfer to Execution Syst.
batch_00,502814.0,2000000019_00001,2018-01-12T09:52:00.000Z,SRM: Ordered
batch_00,502814.0,2000000019_00001,2018-01-12T09:52:00.000Z,SRM: Change was Transmitted
user_000,502814.0,2000000019_00001,2018-01-12T09:52:00.000Z,Create Purchase Order Item
NONE,502814.0,2000000019_00001,2018-03-02T22:59:00.000Z,Vendor creates invoice
NONE,502814.0,2000000019_00001,2018-04-04T21:59:00.000Z,Vendor creates invoice
user_000,502814.0,2000000019_00001,2018-04-30T15:39:00.000Z,Record Goods Receipt
NONE,502814.0,2000000019_00001,2018-04-30T15:39:00.000Z,Record Service Entry Sheet
user_000,502814.0,2000000019_00001,2018-04-30T15:42:00.000Z,Record Goods Receipt
NONE,502814.0,2000000019_00001,2018-04-30T15:42:00.000Z,Record Service Entry Sheet
user_000,502814.0,2000000019_00001,2018-04-30T15:44:00.000Z,Record Goods Receipt
NONE,502814.0,2000000019_00001,2018-04-30T15:44:00.000Z,Record Service Entry Sheet
user_000,502814.0,2000000019_00001,2018-04-30T15:46:00.000Z,Record Goods Receipt
NONE,502814.0,2000000019_00001,2018-04-30T15:46:00.000Z,Record Service Entry Sheet
NONE,502814.0,2000000019_00001,2018-05-04T21:59:00.000Z,Vendor creates invoice
NONE,502814.0,2000000019_00001,2018-06-04T21:59:00.000Z,Vendor creates invoice
NONE,502814.0,2000000019_00001,2018-06-25T21:59:00.000Z,Vendor creates invoice
user_000,502814.0,2000000019_00001,2018-06-28T11:54:00.000Z,Record Goods Receipt
NONE,502814.0,2000000019_00001,2018-06-28T11:54:00.000Z,Record Service Entry Sheet
user_000,502814.0,2000000019_00001,2018-06-28T12:03:00.000Z,Record Goods Receipt
NONE,502814.0,2000000019_00001,2018-06-28T12:03:00.000Z,Record Service Entry Sheet
user_004,502814.0,2000000019_00001,2018-06-29T14:56:00.000Z,Record Invoice Receipt
NONE,502814.0,2000000019_00001,2018-07-02T21:59:00.000Z,Vendor creates invoice
user_002,502814.0,2000000019_00001,2018-07-05T12:13:00.000Z,Clear Invoice
NONE,502814.0,2000000019_00001,2018-07-09T21:59:00.000Z,Vendor creates invoice
user_009,502814.0,2000000019_00001,2018-07-27T11:18:00.000Z,SRM: Created
user_009,502814.0,2000000019_00001,2018-07-27T13:18:00.000Z,SRM: Complete
user_009,502814.0,2000000019_00001,2018-07-27T13:18:00.000Z,SRM: Awaiting Approval
user_009,502814.0,2000000019_00001,2018-07-27T13:18:00.000Z,SRM: Document Completed
user_012,502814.0,2000000019_00001,2018-07-27T13:38:00.000Z,Record Invoice Receipt
user_012,502814.0,2000000019_00001,2018-07-27T14:25:00.000Z,Record Invoice Receipt
batch_00,502814.0,2000000019_00001,2018-07-30T19:36:00.000Z,SRM: In Transfer to Execution Syst.
batch_00,502814.0,2000000019_00001,2018-07-30T19:36:00.000Z,SRM: Ordered
batch_00,502814.0,2000000019_00001,2018-07-30T19:36:00.000Z,SRM: Deleted
user_000,502814.0,2000000019_00001,2018-07-30T19:36:00.000Z,Change Price
user_000,502814.0,2000000019_00001,2018-07-30T22:53:00.000Z,Record Goods Receipt
NONE,502814.0,2000000019_00001,2018-07-30T22:53:00.000Z,Record Service Entry Sheet
user_000,502814.0,2000000019_00001,2018-07-30T22:57:00.000Z,Record Goods Receipt
NONE,502814.0,2000000019_00001,2018-07-30T22:57:00.000Z,Record Service Entry Sheet
user_000,502814.0,2000000019_00001,2018-07-30T23:08:00.000Z,Record Goods Receipt
NONE,502814.0,2000000019_00001,2018-07-30T23:08:00.000Z,Record Service Entry Sheet
user_000,502814.0,2000000019_00001,2018-07-30T23:11:00.000Z,Record Goods Receipt
NONE,502814.0,2000000019_00001,2018-07-30T23:11:00.000Z,Record Service Entry Sheet
batch_00,502814.0,2000000019_00001,2018-07-31T07:32:00.000Z,Record Invoice Receipt
batch_00,502814.0,2000000019_00001,2018-07-31T07:52:00.000Z,Record Invoice Receipt
batch_00,502814.0,2000000019_00001,2018-07-31T07:54:00.000Z,Record Invoice Receipt
user_011,502814.0,2000000019_00001,2018-07-31T07:57:00.000Z,Record Invoice Receipt
batch_00,502814.0,2000000019_00001,2018-07-31T07:59:00.000Z,Record Invoice Receipt
batch_00,502814.0,2000000019_00001,2018-07-31T08:00:00.000Z,Record Invoice Receipt
batch_00,502814.0,2000000019_00001,2018-08-01T11:00:00.000Z,Record Invoice Receipt
NONE,502814.0,2000000019_00001,2018-08-01T21:59:00.000Z,Vendor creates invoice
user_002,502814.0,2000000019_00001,2018-08-02T14:07:00.000Z,Clear Invoice
user_002,502814.0,2000000019_00001,2018-08-30T13:40:00.000Z,Clear Invoice
NONE,502814.0,2000000019_00001,2018-09-04T21:59:00.000Z,Vendor creates invoice
user_000,502814.0,2000000019_00001,2018-09-28T09:30:00.000Z,Record Goods Receipt
NONE,502814.0,2000000019_00001,2018-09-28T09:30:00.000Z,Record Service Entry Sheet
user_001,502814.0,2000000019_00001,2018-10-03T08:32:00.000Z,Record Invoice Receipt
NONE,502814.0,2000000019_00001,2018-10-04T21:59:00.000Z,Vendor creates invoice
user_005,502814.0,2000000019_00001,2018-10-26T09:04:00.000Z,Clear Invoice
NONE,502814.0,2000000019_00001,2018-11-15T22:59:00.000Z,Vendor creates invoice
user_000,502814.0,2000000019_00001,2018-11-26T01:15:00.000Z,Record Goods Receipt
NONE,502814.0,2000000019_00001,2018-11-26T01:15:00.000Z,Record Service Entry Sheet
user_000,502814.0,2000000019_00001,2018-11-26T01:17:00.000Z,Record Goods Receipt
NONE,502814.0,2000000019_00001,2018-11-26T01:17:00.000Z,Record Service Entry Sheet
user_000,502814.0,2000000019_00001,2018-11-26T01:19:00.000Z,Record Goods Receipt
NONE,502814.0,2000000019_00001,2018-11-26T01:19:00.000Z,Record Service Entry Sheet
user_000,502814.0,2000000019_00001,2018-11-26T01:21:00.000Z,Record Goods Receipt
NONE,502814.0,2000000019_00001,2018-11-26T01:21:00.000Z,Record Service Entry Sheet
user_000,502814.0,2000000019_00001,2018-11-26T01:25:00.000Z,Record Goods Receipt
NONE,502814.0,2000000019_00001,2018-11-26T01:25:00.000Z,Record Service Entry Sheet
user_000,502814.0,2000000019_00001,2018-11-26T01:27:00.000Z,Cancel Goods Receipt
user_000,502814.0,2000000019_00001,2018-11-26T01:41:00.000Z,Record Goods Receipt
NONE,502814.0,2000000019_00001,2018-11-26T01:41:00.000Z,Record Service Entry Sheet
user_000,502814.0,2000000019_00001,2018-11-26T01:43:00.000Z,Record Goods Receipt
NONE,502814.0,2000000019_00001,2018-11-26T01:43:00.000Z,Record Service Entry Sheet
user_000,502814.0,2000000019_00001,2018-11-26T01:46:00.000Z,Record Goods Receipt
NONE,502814.0,2000000019_00001,2018-11-26T01:46:00.000Z,Record Service Entry Sheet
user_000,502814.0,2000000019_00001,2018-11-26T01:48:00.000Z,Record Goods Receipt
NONE,502814.0,2000000019_00001,2018-11-26T01:48:00.000Z,Record Service Entry Sheet
user_000,502814.0,2000000019_00001,2018-11-26T02:02:00.000Z,Record Goods Receipt
NONE,502814.0,2000000019_00001,2018-11-26T02:02:00.000Z,Record Service Entry Sheet
user_019,502814.0,2000000019_00001,2018-12-06T09:16:00.000Z,Record Invoice Receipt
user_021,502814.0,2000000019_00001,2018-12-10T06:20:00.000Z,SRM: Created
user_021,502814.0,2000000019_00001,2018-12-10T07:26:00.000Z,SRM: Complete
user_021,502814.0,2000000019_00001,2018-12-10T07:26:00.000Z,SRM: Awaiting Approval
user_021,502814.0,2000000019_00001,2018-12-10T07:26:00.000Z,SRM: Document Completed
batch_00,502814.0,2000000019_00001,2018-12-10T08:29:00.000Z,SRM: In Transfer to Execution Syst.
batch_00,502814.0,2000000019_00001,2018-12-10T08:29:00.000Z,SRM: Ordered
batch_00,502814.0,2000000019_00001,2018-12-10T08:29:00.000Z,SRM: Deleted
user_015,502814.0,2000000019_00001,2018-12-21T09:02:00.000Z,Record Invoice Receipt
user_012,502814.0,2000000019_00001,2018-12-21T10:39:00.000Z,Record Invoice Receipt
user_012,502814.0,2000000019_00001,2018-12-21T10:45:00.000Z,Record Invoice Receipt
user_012,502814.0,2000000019_00001,2018-12-21T10:50:00.000Z,Record Invoice Receipt
user_013,502814.0,2000000019_00001,2018-12-21T12:55:00.000Z,Record Invoice Receipt
user_012,502814.0,2000000019_00001,2018-12-24T04:03:00.000Z,Record Invoice Receipt
user_013,502814.0,2000000019_00001,2018-12-24T11:00:00.000Z,Record Invoice Receipt
user_013,502814.0,2000000019_00001,2018-12-24T11:04:00.000Z,Record Invoice Receipt
user_005,502814.0,2000000019_00001,2019-01-03T15:12:00.000Z,Clear Invoice
NONE,502814.0,2000000019_00001,2019-01-04T22:59:00.000Z,Clear Invoice
user_003,502814.0,2000000019_00001,2019-01-17T10:59:00.000Z,SRM: In Transfer to Execution Syst.
user_003,502814.0,2000000019_00001,2019-01-17T10:59:00.000Z,SRM: Transfer Failed (E.Sys.)
batch_00,155884.0,2000000020_00001,2018-01-12T08:52:00.000Z,SRM: Created
batch_00,155884.0,2000000020_00001,2018-01-12T09:52:00.000Z,SRM: Complete
batch_00,155884.0,2000000020_00001,2018-01-12T09:52:00.000Z,SRM: Awaiting Approval
batch_00,155884.0,2000000020_00001,2018-01-12T09:52:00.000Z,SRM: Document Completed
batch_00,155884.0,2000000020_00001,2018-01-12T09:52:00.000Z,SRM: In Transfer to Execution Syst.
batch_00,155884.0,2000000020_00001,2018-01-12T09:52:00.000Z,SRM: Ordered
batch_00,155884.0,2000000020_00001,2018-01-12T09:52:00.000Z,SRM: Change was Transmitted
user_000,155884.0,2000000020_00001,2018-01-12T09:52:00.000Z,Create Purchase Order Item
NONE,155884.0,2000000020_00001,2018-01-24T22:59:00.000Z,Vendor creates invoice
user_000,155884.0,2000000020_00001,2018-01-25T00:12:00.000Z,Record Goods Receipt
NONE,155884.0,2000000020_00001,2018-01-25T00:12:00.000Z,Record Service Entry Sheet
batch_00,155884.0,2000000020_00001,2018-02-01T13:04:00.000Z,Record Invoice Receipt
user_002,155884.0,2000000020_00001,2018-02-22T15:18:00.000Z,Clear Invoice
NONE,155884.0,2000000020_00001,2018-02-24T22:59:00.000Z,Vendor creates invoice
NONE,155884.0,2000000020_00001,2018-03-24T22:59:00.000Z,Vendor creates invoice
user_000,155884.0,2000000020_00001,2018-03-26T07:50:00.000Z,Record Goods Receipt
NONE,155884.0,2000000020_00001,2018-03-26T07:50:00.000Z,Record Service Entry Sheet
batch_00,155884.0,2000000020_00001,2018-03-26T14:01:00.000Z,Record Invoice Receipt
user_000,155884.0,2000000020_00001,2018-03-27T09:23:00.000Z,Record Goods Receipt
NONE,155884.0,2000000020_00001,2018-03-27T09:23:00.000Z,Record Service Entry Sheet
batch_00,155884.0,2000000020_00001,2018-03-27T11:03:00.000Z,Record Invoice Receipt
user_002,155884.0,2000000020_00001,2018-03-29T13:11:00.000Z,Clear Invoice
NONE,155884.0,2000000020_00001,2018-04-24T21:59:00.000Z,Vendor creates invoice
user_014,155884.0,2000000020_00001,2018-04-26T05:52:00.000Z,SRM: Created
user_014,155884.0,2000000020_00001,2018-04-26T07:52:00.000Z,SRM: Complete
user_014,155884.0,2000000020_00001,2018-04-26T07:52:00.000Z,SRM: Awaiting Approval
user_014,155884.0,2000000020_00001,2018-04-26T07:52:00.000Z,SRM: Document Completed
batch_00,155884.0,2000000020_00001,2018-04-26T08:34:00.000Z,SRM: In Transfer to Execution Syst.
batch_00,155884.0,2000000020_00001,2018-04-26T08:34:00.000Z,SRM: Ordered
batch_00,155884.0,2000000020_00001,2018-04-26T08:34:00.000Z,SRM: Deleted
user_000,155884.0,2000000020_00001,2018-04-26T08:34:00.000Z,Change Price
user_002,155884.0,2000000020_00001,2018-04-26T09:16:00.000Z,Clear Invoice
user_000,155884.0,2000000020_00001,2018-04-26T10:31:00.000Z,Record Goods Receipt
NONE,155884.0,2000000020_00001,2018-04-26T10:31:00.000Z,Record Service Entry Sheet
user_013,155884.0,2000000020_00001,2018-05-14T13:27:00.000Z,Record Invoice Receipt
user_002,155884.0,2000000020_00001,2018-05-24T11:36:00.000Z,Clear Invoice
NONE,155884.0,2000000020_00001,2018-05-24T21:59:00.000Z,Vendor creates invoice
NONE,155884.0,2000000020_00001,2018-06-24T21:59:00.000Z,Vendor creates invoice
user_000,155884.0,2000000020_00001,2018-06-26T20:50:00.000Z,Record Goods Receipt
NONE,155884.0,2000000020_00001,2018-06-26T20:50:00.000Z,Record Service Entry Sheet
user_000,155884.0,2000000020_00001,2018-06-26T21:37:00.000Z,Record Goods Receipt
NONE,155884.0,2000000020_00001,2018-06-26T21:37:00.000Z,Record Service Entry Sheet
user_004,155884.0,2000000020_00001,2018-06-29T14:59:00.000Z,Record Invoice Receipt
user_001,155884.0,2000000020_00001,2018-07-02T14:58:00.000Z,Record Invoice Receipt
user_002,155884.0,2000000020_00001,2018-07-05T12:13:00.000Z,Clear Invoice
user_010,155884.0,2000000020_00001,2018-07-16T07:17:00.000Z,SRM: Created
user_010,155884.0,2000000020_00001,2018-07-16T09:18:00.000Z,SRM: Complete
user_010,155884.0,2000000020_00001,2018-07-16T09:18:00.000Z,SRM: Awaiting Approval
user_010,155884.0,2000000020_00001,2018-07-16T09:18:00.000Z,SRM: Document Completed
batch_00,155884.0,2000000020_00001,2018-07-16T10:03:00.000Z,SRM: In Transfer to Execution Syst.
batch_00,155884.0,2000000020_00001,2018-07-16T10:03:00.000Z,SRM: Ordered
batch_00,155884.0,2000000020_00001,2018-07-16T10:03:00.000Z,SRM: Deleted
user_000,155884.0,2000000020_00001,2018-07-16T10:03:00.000Z,Change Price
user_000,155884.0,2000000020_00001,2018-07-24T12:13:00.000Z,Record Goods Receipt
NONE,155884.0,2000000020_00001,2018-07-24T12:13:00.000Z,Record Service Entry Sheet
NONE,155884.0,2000000020_00001,2018-07-24T21:59:00.000Z,Vendor creates invoice
user_002,155884.0,2000000020_00001,2018-07-26T16:09:00.000Z,Clear Invoice
user_019,155884.0,2000000020_00001,2018-07-30T08:03:00.000Z,Record Invoice Receipt
NONE,155884.0,2000000020_00001,2018-08-24T21:59:00.000Z,Vendor creates invoice
user_000,155884.0,2000000020_00001,2018-08-30T11:51:00.000Z,Record Goods Receipt
NONE,155884.0,2000000020_00001,2018-08-30T11:51:00.000Z,Record Service Entry Sheet
user_002,155884.0,2000000020_00001,2018-08-30T13:40:00.000Z,Clear Invoice
user_001,155884.0,2000000020_00001,2018-09-05T07:02:00.000Z,Record Invoice Receipt
NONE,155884.0,2000000020_00001,2018-09-24T21:59:00.000Z,Vendor creates invoice
user_002,155884.0,2000000020_00001,2018-09-28T08:29:00.000Z,Clear Invoice
NONE,155884.0,2000000020_00001,2018-10-24T21:59:00.000Z,Vendor creates invoice
user_000,155884.0,2000000020_00001,2018-10-30T16:29:00.000Z,Record Goods Receipt
NONE,155884.0,2000000020_00001,2018-10-30T16:29:00.000Z,Record Service Entry Sheet
user_000,155884.0,2000000020_00001,2018-10-30T16:32:00.000Z,Record Goods Receipt
NONE,155884.0,2000000020_00001,2018-10-30T16:32:00.000Z,Record Service Entry Sheet
user_012,155884.0,2000000020_00001,2018-10-31T12:41:00.000Z,Record Invoice Receipt
user_002,155884.0,2000000020_00001,2018-11-01T15:27:00.000Z,Clear Invoice
user_013,155884.0,2000000020_00001,2018-11-05T06:44:00.000Z,Record Invoice Receipt
NONE,155884.0,2000000020_00001,2018-11-24T22:59:00.000Z,Vendor creates invoice
user_002,155884.0,2000000020_00001,2018-11-29T15:16:00.000Z,Clear Invoice
user_000,155884.0,2000000020_00001,2018-11-30T09:49:00.000Z,Record Goods Receipt
NONE,155884.0,2000000020_00001,2018-11-30T09:49:00.000Z,Record Service Entry Sheet
user_013,155884.0,2000000020_00001,2018-11-30T12:45:00.000Z,Record Invoice Receipt
NONE,155884.0,2000000020_00001,2019-01-04T22:59:00.000Z,Clear Invoice
user_003,155884.0,2000000020_00001,2019-01-17T10:59:00.000Z,SRM: In Transfer to Execution Syst.
user_003,155884.0,2000000020_00001,2019-01-17T10:59:00.000Z,SRM: Transfer Failed (E.Sys.)
batch_00,277128.0,2000000021_00001,2018-01-12T08:52:00.000Z,SRM: Created
batch_00,277128.0,2000000021_00001,2018-01-12T09:52:00.000Z,SRM: Complete
batch_00,277128.0,2000000021_00001,2018-01-12T09:52:00.000Z,SRM: Awaiting Approval
batch_00,277128.0,2000000021_00001,2018-01-12T09:52:00.000Z,SRM: Document Completed
batch_00,277128.0,2000000021_00001,2018-01-12T09:52:00.000Z,SRM: In Transfer to Execution Syst.
batch_00,277128.0,2000000021_00001,2018-01-12T09:52:00.000Z,SRM: Ordered
batch_00,277128.0,2000000021_00001,2018-01-12T09:52:00.000Z,SRM: Change was Transmitted
user_000,277128.0,2000000021_00001,2018-01-12T09:52:00.000Z,Create Purchase Order Item
NONE,277128.0,2000000021_00001,2018-01-29T22:59:00.000Z,Vendor creates invoice
NONE,277128.0,2000000021_00001,2018-01-31T10:11:00.000Z,Record Service Entry Sheet
user_000,277128.0,2000000021_00001,2018-01-31T10:11:00.000Z,Record Goods Receipt
user_011,277128.0,2000000021_00001,2018-02-01T16:11:00.000Z,Record Invoice Receipt
user_002,277128.0,2000000021_00001,2018-02-22T15:18:00.000Z,Clear Invoice
NONE,277128.0,2000000021_00001,2018-02-26T22:59:00.000Z,Vendor creates invoice
NONE,277128.0,2000000021_00001,2018-03-20T11:41:00.000Z,Record Service Entry Sheet
user_000,277128.0,2000000021_00001,2018-03-20T11:41:00.000Z,Record Goods Receipt
user_006,277128.0,2000000021_00001,2018-03-20T12:52:00.000Z,Record Invoice Receipt
NONE,277128.0,2000000021_00001,2018-03-26T21:59:00.000Z,Vendor creates invoice
user_002,277128.0,2000000021_00001,2018-03-29T13:10:00.000Z,Clear Invoice
NONE,277128.0,2000000021_00001,2018-04-10T13:39:00.000Z,Record Service Entry Sheet
user_000,277128.0,2000000021_00001,2018-04-10T13:39:00.000Z,Record Goods Receipt
user_011,277128.0,2000000021_00001,2018-04-10T14:09:00.000Z,Record Invoice Receipt
NONE,277128.0,2000000021_00001,2018-04-25T21:59:00.000Z,Vendor creates invoice
user_002,277128.0,2000000021_00001,2018-04-26T09:15:00.000Z,Clear Invoice
user_016,277128.0,2000000021_00001,2018-05-24T07:28:00.000Z,SRM: Created
user_016,277128.0,2000000021_00001,2018-05-24T09:28:00.000Z,SRM: Complete
user_016,277128.0,2000000021_00001,2018-05-24T09:28:00.000Z,SRM: Awaiting Approval
user_016,277128.0,2000000021_00001,2018-05-24T09:28:00.000Z,SRM: Document Completed
batch_00,277128.0,2000000021_00001,2018-05-24T12:21:00.000Z,SRM: In Transfer to Execution Syst.
batch_00,277128.0,2000000021_00001,2018-05-24T12:21:00.000Z,SRM: Ordered
batch_00,277128.0,2000000021_00001,2018-05-24T12:21:00.000Z,SRM: Deleted
user_000,277128.0,2000000021_00001,2018-05-24T12:21:00.000Z,Change Price
NONE,277128.0,2000000021_00001,2018-05-25T21:59:00.000Z,Vendor creates invoice
NONE,277128.0,2000000021_00001,2018-05-27T19:26:00.000Z,Record Service Entry Sheet
user_000,277128.0,2000000021_00001,2018-05-27T19:26:00.000Z,Record Goods Receipt
user_013,277128.0,2000000021_00001,2018-05-28T08:15:00.000Z,Record Invoice Receipt
user_002,277128.0,2000000021_00001,2018-05-31T10:33:00.000Z,Clear Invoice
NONE,277128.0,2000000021_00001,2018-06-25T21:59:00.000Z,Vendor creates invoice
NONE,277128.0,2000000021_00001,2018-06-26T21:19:00.000Z,Record Service Entry Sheet
user_000,277128.0,2000000021_00001,2018-06-26T21:19:00.000Z,Record Goods Receipt
user_012,277128.0,2000000021_00001,2018-06-27T11:22:00.000Z,Record Invoice Receipt
user_002,277128.0,2000000021_00001,2018-06-28T12:05:00.000Z,Clear Invoice
NONE,277128.0,2000000021_00001,2018-07-24T14:02:00.000Z,Record Service Entry Sheet
user_000,277128.0,2000000021_00001,2018-07-24T14:02:00.000Z,Record Goods Receipt
user_012,277128.0,2000000021_00001,2018-07-24T15:45:00.000Z,Record Invoice Receipt
NONE,277128.0,2000000021_00001,2018-07-25T21:59:00.000Z,Vendor creates invoice
user_002,277128.0,2000000021_00001,2018-07-26T16:09:00.000Z,Clear Invoice
NONE,277128.0,2000000021_00001,2018-07-27T11:34:00.000Z,Record Service Entry Sheet
user_000,277128.0,2000000021_00001,2018-07-27T11:34:00.000Z,Record Goods Receipt
user_001,277128.0,2000000021_00001,2018-07-31T06:23:00.000Z,Record Invoice Receipt
NONE,277128.0,2000000021_00001,2018-08-27T21:59:00.000Z,Vendor creates invoice
user_002,277128.0,2000000021_00001,2018-08-30T13:40:00.000Z,Clear Invoice
NONE,277128.0,2000000021_00001,2018-09-25T21:59:00.000Z,Vendor creates invoice
NONE,277128.0,2000000021_00001,2018-09-28T06:42:00.000Z,Record Service Entry Sheet
user_000,277128.0,2000000021_00001,2018-09-28T06:42:00.000Z,Record Goods Receipt
user_001,277128.0,2000000021_00001,2018-10-01T11:28:00.000Z,Record Invoice Receipt
user_002,277128.0,2000000021_00001,2018-10-04T14:50:00.000Z,Clear Invoice
NONE,277128.0,2000000021_00001,2018-10-30T15:20:00.000Z,Record Service Entry Sheet
user_000,277128.0,2000000021_00001,2018-10-30T15:20:00.000Z,Record Goods Receipt
user_012,277128.0,2000000021_00001,2018-10-31T12:38:00.000Z,Record Invoice Receipt
user_002,277128.0,2000000021_00001,2018-11-01T15:27:00.000Z,Clear Invoice
batch_00,4312806.0,2000000022_00001,2018-01-12T08:52:00.000Z,SRM: Created
batch_00,4312806.0,2000000022_00001,2018-01-12T09:52:00.000Z,SRM: Complete
batch_00,4312806.0,2000000022_00001,2018-01-12T09:52:00.000Z,SRM: Awaiting Approval
batch_00,4312806.0,2000000022_00001,2018-01-12T09:52:00.000Z,SRM: Document Completed
batch_00,4312806.0,2000000022_00001,2018-01-12T09:52:00.000Z,SRM: In Transfer to Execution Syst.
batch_00,4312806.0,2000000022_00001,2018-01-12T09:52:00.000Z,SRM: Ordered
user_000,4312806.0,2000000022_00001,2018-01-12T09:52:00.000Z,Create Purchase Order Item
batch_00,4312806.0,2000000022_00001,2018-01-12T09:52:00.000Z,SRM: Change was Transmitted
NONE,4312806.0,2000000022_00001,2018-01-31T22:59:00.000Z,Vendor creates invoice
user_000,4312806.0,2000000022_00001,2018-02-19T08:29:00.000Z,Record Goods Receipt
NONE,4312806.0,2000000022_00001,2018-02-19T08:29:00.000Z,Record Service Entry Sheet
NONE,4312806.0,2000000022_00001,2018-02-28T22:59:00.000Z,Vendor creates invoice
user_001,4312806.0,2000000022_00001,2018-03-06T09:37:00.000Z,Record Invoice Receipt
user_005,4312806.0,2000000022_00001,2018-03-15T13:14:00.000Z,Clear Invoice
user_000,4312806.0,2000000022_00001,2018-03-26T07:54:00.000Z,Record Goods Receipt
NONE,4312806.0,2000000022_00001,2018-03-26T07:54:00.000Z,Record Service Entry Sheet
batch_00,4312806.0,2000000022_00001,2018-03-26T14:00:00.000Z,Record Invoice Receipt
user_002,4312806.0,2000000022_00001,2018-03-29T13:10:00.000Z,Clear Invoice
NONE,4312806.0,2000000022_00001,2018-03-31T21:59:00.000Z,Vendor creates invoice
user_009,4312806.0,2000000022_00001,2018-04-26T05:19:00.000Z,SRM: Created
user_009,4312806.0,2000000022_00001,2018-04-26T07:23:00.000Z,SRM: Complete
user_009,4312806.0,2000000022_00001,2018-04-26T07:23:00.000Z,SRM: Awaiting Approval
user_009,4312806.0,2000000022_00001,2018-04-26T07:23:00.000Z,SRM: Document Completed
batch_00,4312806.0,2000000022_00001,2018-04-26T11:05:00.000Z,SRM: In Transfer to Execution Syst.
batch_00,4312806.0,2000000022_00001,2018-04-26T11:05:00.000Z,SRM: Ordered
batch_00,4312806.0,2000000022_00001,2018-04-26T11:05:00.000Z,SRM: Deleted
user_000,4312806.0,2000000022_00001,2018-04-26T11:05:00.000Z,Change Price
NONE,4312806.0,2000000022_00001,2018-04-26T21:59:00.000Z,Vendor creates invoice
user_000,4312806.0,2000000022_00001,2018-04-29T22:07:00.000Z,Record Goods Receipt
NONE,4312806.0,2000000022_00001,2018-04-29T22:07:00.000Z,Record Service Entry Sheet
NONE,4312806.0,2000000022_00001,2018-04-30T21:59:00.000Z,Vendor creates invoice
user_011,4312806.0,2000000022_00001,2018-05-14T14:36:00.000Z,Record Invoice Receipt
user_002,4312806.0,2000000022_00001,2018-05-17T12:51:00.000Z,Clear Invoice
user_000,4312806.0,2000000022_00001,2018-05-27T21:42:00.000Z,Record Goods Receipt
NONE,4312806.0,2000000022_00001,2018-05-27T21:42:00.000Z,Record Service Entry Sheet
user_011,4312806.0,2000000022_00001,2018-05-31T07:13:00.000Z,Record Invoice Receipt
user_002,4312806.0,2000000022_00001,2018-05-31T10:33:00.000Z,Clear Invoice
NONE,4312806.0,2000000022_00001,2018-05-31T21:59:00.000Z,Vendor creates invoice
user_000,4312806.0,2000000022_00001,2018-06-28T12:56:00.000Z,Record Goods Receipt
NONE,4312806.0,2000000022_00001,2018-06-28T12:56:00.000Z,Record Service Entry Sheet
user_000,4312806.0,2000000022_00001,2018-06-28T12:58:00.000Z,Record Goods Receipt
NONE,4312806.0,2000000022_00001,2018-06-28T12:58:00.000Z,Record Service Entry Sheet
user_000,4312806.0,2000000022_00001,2018-06-28T13:00:00.000Z,Record Goods Receipt
NONE,4312806.0,2000000022_00001,2018-06-28T13:00:00.000Z,Record Service Entry Sheet
NONE,4312806.0,2000000022_00001,2018-06-28T21:59:00.000Z,Vendor creates invoice
user_001,4312806.0,2000000022_00001,2018-06-29T05:18:00.000Z,Record Invoice Receipt
user_001,4312806.0,2000000022_00001,2018-06-29T05:19:00.000Z,Record Invoice Receipt
user_001,4312806.0,2000000022_00001,2018-06-29T05:19:00.000Z,Record Invoice Receipt
user_002,4312806.0,2000000022_00001,2018-07-05T12:13:00.000Z,Clear Invoice
user_009,4312806.0,2000000022_00001,2018-07-27T11:30:00.000Z,SRM: Created
user_009,4312806.0,2000000022_00001,2018-07-27T13:31:00.000Z,SRM: Complete
user_009,4312806.0,2000000022_00001,2018-07-27T13:31:00.000Z,SRM: Awaiting Approval
user_009,4312806.0,2000000022_00001,2018-07-27T13:31:00.000Z,SRM: Document Completed
batch_00,4312806.0,2000000022_00001,2018-07-30T20:58:00.000Z,SRM: In Transfer to Execution Syst.
batch_00,4312806.0,2000000022_00001,2018-07-30T20:58:00.000Z,SRM: Ordered
batch_00,4312806.0,2000000022_00001,2018-07-30T20:58:00.000Z,SRM: Deleted
user_000,4312806.0,2000000022_00001,2018-07-30T20:58:00.000Z,Change Price
NONE,4312806.0,2000000022_00001,2018-07-30T21:59:00.000Z,Vendor creates invoice
user_000,4312806.0,2000000022_00001,2018-07-30T23:16:00.000Z,Record Goods Receipt
NONE,4312806.0,2000000022_00001,2018-07-30T23:16:00.000Z,Record Service Entry Sheet
user_000,4312806.0,2000000022_00001,2018-07-30T23:19:00.000Z,Record Goods Receipt
NONE,4312806.0,2000000022_00001,2018-07-30T23:19:00.000Z,Record Service Entry Sheet
user_000,4312806.0,2000000022_00001,2018-07-30T23:21:00.000Z,Record Goods Receipt
NONE,4312806.0,2000000022_00001,2018-07-30T23:21:00.000Z,Record Service Entry Sheet
user_000,4312806.0,2000000022_00001,2018-07-30T23:23:00.000Z,Record Goods Receipt
NONE,4312806.0,2000000022_00001,2018-07-30T23:23:00.000Z,Record Service Entry Sheet
user_001,4312806.0,2000000022_00001,2018-07-31T09:56:00.000Z,Record Invoice Receipt
user_012,4312806.0,2000000022_00001,2018-07-31T12:32:00.000Z,Record Invoice Receipt
user_012,4312806.0,2000000022_00001,2018-07-31T12:35:00.000Z,Record Invoice Receipt
user_013,4312806.0,2000000022_00001,2018-07-31T15:26:00.000Z,Record Invoice Receipt
user_002,4312806.0,2000000022_00001,2018-08-02T14:07:00.000Z,Clear Invoice
user_000,4312806.0,2000000022_00001,2018-08-30T16:08:00.000Z,Record Goods Receipt
NONE,4312806.0,2000000022_00001,2018-08-30T16:08:00.000Z,Record Service Entry Sheet
user_000,4312806.0,2000000022_00001,2018-08-30T16:13:00.000Z,Record Goods Receipt
NONE,4312806.0,2000000022_00001,2018-08-30T16:13:00.000Z,Record Service Entry Sheet
user_001,4312806.0,2000000022_00001,2018-08-31T12:47:00.000Z,Record Invoice Receipt
user_013,4312806.0,2000000022_00001,2018-08-31T14:22:00.000Z,Record Invoice Receipt
NONE,4312806.0,2000000022_00001,2018-08-31T21:59:00.000Z,Vendor creates invoice
user_002,4312806.0,2000000022_00001,2018-09-06T12:08:00.000Z,Clear Invoice
user_000,4312806.0,2000000022_00001,2018-09-13T08:46:00.000Z,Record Goods Receipt
NONE,4312806.0,2000000022_00001,2018-09-13T08:46:00.000Z,Record Service Entry Sheet
user_011,4312806.0,2000000022_00001,2018-09-25T15:28:00.000Z,Record Invoice Receipt
user_002,4312806.0,2000000022_00001,2018-09-28T08:29:00.000Z,Clear Invoice
user_000,4312806.0,2000000022_00001,2018-09-28T09:08:00.000Z,Record Goods Receipt
NONE,4312806.0,2000000022_00001,2018-09-28T09:08:00.000Z,Record Service Entry Sheet
user_000,4312806.0,2000000022_00001,2018-09-28T09:12:00.000Z,Record Goods Receipt
NONE,4312806.0,2000000022_00001,2018-09-28T09:12:00.000Z,Record Service Entry Sheet
user_000,4312806.0,2000000022_00001,2018-09-28T09:17:00.000Z,Record Goods Receipt
NONE,4312806.0,2000000022_00001,2018-09-28T09:17:00.000Z,Record Service Entry Sheet
batch_00,4312806.0,2000000022_00001,2018-09-28T11:06:00.000Z,Record Invoice Receipt
batch_00,4312806.0,2000000022_00001,2018-09-28T11:06:00.000Z,Record Invoice Receipt
NONE,4312806.0,2000000022_00001,2018-09-30T21:59:00.000Z,Vendor creates invoice
user_012,4312806.0,2000000022_00001,2018-10-01T08:31:00.000Z,Record Invoice Receipt
user_002,4312806.0,2000000022_00001,2018-10-04T14:50:00.000Z,Clear Invoice
user_010,4312806.0,2000000022_00001,2018-10-18T12:04:00.000Z,SRM: Created
user_010,4312806.0,2000000022_00001,2018-10-18T14:05:00.000Z,SRM: Complete
user_010,4312806.0,2000000022_00001,2018-10-18T14:05:00.000Z,SRM: Awaiting Approval
user_010,4312806.0,2000000022_00001,2018-10-18T14:05:00.000Z,SRM: Document Completed
batch_00,4312806.0,2000000022_00001,2018-10-22T04:02:00.000Z,SRM: In Transfer to Execution Syst.
batch_00,4312806.0,2000000022_00001,2018-10-22T04:02:00.000Z,SRM: Ordered
batch_00,4312806.0,2000000022_00001,2018-10-22T04:02:00.000Z,SRM: Deleted
user_000,4312806.0,2000000022_00001,2018-10-22T04:02:00.000Z,Change Price
user_000,4312806.0,2000000022_00001,2018-10-22T14:25:00.000Z,Record Goods Receipt
NONE,4312806.0,2000000022_00001,2018-10-22T14:25:00.000Z,Record Service Entry Sheet
user_000,4312806.0,2000000022_00001,2018-10-30T14:38:00.000Z,Record Goods Receipt
NONE,4312806.0,2000000022_00001,2018-10-30T14:38:00.000Z,Record Service Entry Sheet
user_000,4312806.0,2000000022_00001,2018-10-30T14:41:00.000Z,Record Goods Receipt
NONE,4312806.0,2000000022_00001,2018-10-30T14:41:00.000Z,Record Service Entry Sheet
user_012,4312806.0,2000000022_00001,2018-10-31T11:05:00.000Z,Record Invoice Receipt
user_013,4312806.0,2000000022_00001,2018-10-31T11:47:00.000Z,Record Invoice Receipt
NONE,4312806.0,2000000022_00001,2018-10-31T22:59:00.000Z,Vendor creates invoice
user_002,4312806.0,2000000022_00001,2018-11-01T15:27:00.000Z,Clear Invoice
user_001,4312806.0,2000000022_00001,2018-11-13T09:08:00.000Z,Record Invoice Receipt
user_002,4312806.0,2000000022_00001,2018-11-15T14:35:00.000Z,Clear Invoice
user_000,4312806.0,2000000022_00001,2018-11-21T11:34:00.000Z,Record Goods Receipt
NONE,4312806.0,2000000022_00001,2018-11-21T11:34:00.000Z,Record Service Entry Sheet
user_000,4312806.0,2000000022_00001,2018-11-21T11:38:00.000Z,Record Goods Receipt
NONE,4312806.0,2000000022_00001,2018-11-21T11:38:00.000Z,Record Service Entry Sheet
user_012,4312806.0,2000000022_00001,2018-11-21T15:22:00.000Z,Record Invoice Receipt
user_013,4312806.0,2000000022_00001,2018-11-21T16:36:00.000Z,Record Invoice Receipt
user_002,4312806.0,2000000022_00001,2018-11-29T15:16:00.000Z,Clear Invoice
NONE,4312806.0,2000000022_00001,2018-11-30T22:59:00.000Z,Vendor creates invoice
user_000,4312806.0,2000000022_00001,2018-12-12T11:01:00.000Z,Record Goods Receipt
NONE,4312806.0,2000000022_00001,2018-12-12T11:01:00.000Z,Record Service Entry Sheet
user_000,4312806.0,2000000022_00001,2018-12-12T11:04:00.000Z,Record Goods Receipt
NONE,4312806.0,2000000022_00001,2018-12-12T11:04:00.000Z,Record Service Entry Sheet
user_012,4312806.0,2000000022_00001,2018-12-12T15:51:00.000Z,Record Invoice Receipt
user_013,4312806.0,2000000022_00001,2018-12-12T16:15:00.000Z,Record Invoice Receipt
NONE,4312806.0,2000000022_00001,2019-01-04T22:59:00.000Z,Clear Invoice
user_003,4312806.0,2000000022_00001,2019-01-17T10:59:00.000Z,SRM: In Transfer to Execution Syst.
user_003,4312806.0,2000000022_00001,2019-01-17T10:59:00.000Z,SRM: Transfer Failed (E.Sys.)
batch_00,22251.0,2000000023_00001,2018-01-12T11:58:00.000Z,SRM: Created
batch_00,22251.0,2000000023_00001,2018-01-12T12:58:00.000Z,SRM: Complete
batch_00,22251.0,2000000023_00001,2018-01-12T12:58:00.000Z,SRM: Awaiting Approval
batch_00,22251.0,2000000023_00001,2018-01-12T12:58:00.000Z,SRM: Document Completed
batch_00,22251.0,2000000023_00001,2018-01-12T12:58:00.000Z,SRM: In Transfer to Execution Syst.
batch_00,22251.0,2000000023_00001,2018-01-12T12:58:00.000Z,SRM: Ordered
batch_00,22251.0,2000000023_00001,2018-01-12T12:58:00.000Z,SRM: Change was Transmitted
user_000,22251.0,2000000023_00001,2018-01-12T12:58:00.000Z,Create Purchase Order Item
NONE,22251.0,2000000023_00001,2018-01-19T22:59:00.000Z,Vendor creates invoice
user_000,22251.0,2000000023_00001,2018-02-08T07:06:00.000Z,Record Goods Receipt
NONE,22251.0,2000000023_00001,2018-02-08T07:06:00.000Z,Record Service Entry Sheet
user_001,22251.0,2000000023_00001,2018-02-12T16:01:00.000Z,Record Invoice Receipt
user_005,22251.0,2000000023_00001,2018-03-08T12:22:00.000Z,Clear Invoice
user_003,22251.0,2000000023_00001,2019-01-17T10:59:00.000Z,SRM: In Transfer to Execution Syst.
batch_00,58196.0,2000000024_00001,2018-01-15T07:47:00.000Z,SRM: Created
batch_00,58196.0,2000000024_00001,2018-01-15T08:47:00.000Z,SRM: Complete
batch_00,58196.0,2000000024_00001,2018-01-15T08:47:00.000Z,SRM: Awaiting Approval
batch_00,58196.0,2000000024_00001,2018-01-15T08:47:00.000Z,SRM: Document Completed
batch_00,58196.0,2000000024_00001,2018-01-15T08:47:00.000Z,SRM: In Transfer to Execution Syst.
batch_00,58196.0,2000000024_00001,2018-01-15T08:47:00.000Z,SRM: Ordered
batch_00,58196.0,2000000024_00001,2018-01-15T08:47:00.000Z,SRM: Change was Transmitted
user_000,58196.0,2000000024_00001,2018-01-15T08:47:00.000Z,Create Purchase Order Item
NONE,58196.0,2000000024_00001,2018-02-12T22:59:00.000Z,Vendor creates invoice
NONE,58196.0,2000000024_00001,2018-02-13T22:59:00.000Z,Vendor creates invoice
NONE,58196.0,2000000024_00001,2018-03-13T22:59:00.000Z,Vendor creates invoice
NONE,58196.0,2000000024_00001,2018-04-13T21:59:00.000Z,Vendor creates invoice
user_000,58196.0,2000000024_00001,2018-04-16T13:42:00.000Z,Record Goods Receipt
NONE,58196.0,2000000024_00001,2018-04-16T13:42:00.000Z,Record Service Entry Sheet
user_000,58196.0,2000000024_00001,2018-04-16T13:45:00.000Z,Record Goods Receipt
NONE,58196.0,2000000024_00001,2018-04-16T13:45:00.000Z,Record Service Entry Sheet
user_001,58196.0,2000000024_00001,2018-04-18T07:20:00.000Z,Record Invoice Receipt
user_002,58196.0,2000000024_00001,2018-04-26T09:15:00.000Z,Clear Invoice
user_001,58196.0,2000000024_00001,2018-05-04T15:18:00.000Z,Record Invoice Receipt
NONE,58196.0,2000000024_00001,2018-05-08T21:59:00.000Z,Vendor creates invoice
NONE,58196.0,2000000024_00001,2018-05-18T21:59:00.000Z,Vendor creates invoice
user_002,58196.0,2000000024_00001,2018-05-24T11:36:00.000Z,Clear Invoice
user_000,58196.0,2000000024_00001,2018-07-02T14:43:00.000Z,Record Goods Receipt
NONE,58196.0,2000000024_00001,2018-07-02T14:43:00.000Z,Record Service Entry Sheet
user_012,58196.0,2000000024_00001,2018-07-03T13:10:00.000Z,Record Invoice Receipt
user_002,58196.0,2000000024_00001,2018-07-05T12:13:00.000Z,Clear Invoice
user_000,58196.0,2000000024_00001,2018-07-24T07:36:00.000Z,Record Goods Receipt
NONE,58196.0,2000000024_00001,2018-07-24T07:36:00.000Z,Record Service Entry Sheet
user_000,58196.0,2000000024_00001,2018-07-24T07:39:00.000Z,Record Goods Receipt
NONE,58196.0,2000000024_00001,2018-07-24T07:39:00.000Z,Record Service Entry Sheet
user_000,58196.0,2000000024_00001,2018-07-24T10:29:00.000Z,Record Goods Receipt
NONE,58196.0,2000000024_00001,2018-07-24T10:29:00.000Z,Record Service Entry Sheet
batch_00,58196.0,2000000024_00001,2018-07-24T10:45:00.000Z,Record Invoice Receipt
user_012,58196.0,2000000024_00001,2018-07-25T13:10:00.000Z,Record Invoice Receipt
user_002,58196.0,2000000024_00001,2018-07-26T16:09:00.000Z,Clear Invoice
user_001,58196.0,2000000024_00001,2018-07-31T09:40:00.000Z,Record Invoice Receipt
user_002,58196.0,2000000024_00001,2018-08-02T14:07:00.000Z,Clear Invoice
NONE,58196.0,2000000024_00001,2018-08-15T21:59:00.000Z,Vendor creates invoice
user_000,58196.0,2000000024_00001,2018-12-08T17:32:00.000Z,Record Goods Receipt
NONE,58196.0,2000000024_00001,2018-12-08T17:32:00.000Z,Record Service Entry Sheet
user_004,58196.0,2000000024_00001,2018-12-10T09:13:00.000Z,Record Invoice Receipt
user_002,58196.0,2000000024_00001,2018-12-13T13:09:00.000Z,Clear Invoice
batch_00,1368.0,2000000025_00001,2018-01-15T07:46:00.000Z,SRM: Created
batch_00,1368.0,2000000025_00001,2018-01-15T08:46:00.000Z,SRM: Complete
batch_00,1368.0,2000000025_00001,2018-01-15T08:46:00.000Z,SRM: Awaiting Approval
batch_00,1368.0,2000000025_00001,2018-01-15T08:46:00.000Z,SRM: Document Completed
batch_00,1368.0,2000000025_00001,2018-01-15T08:46:00.000Z,SRM: In Transfer to Execution Syst.
batch_00,1368.0,2000000025_00001,2018-01-15T08:46:00.000Z,SRM: Ordered
batch_00,1368.0,2000000025_00001,2018-01-15T08:46:00.000Z,SRM: Change was Transmitted
user_000,1368.0,2000000025_00001,2018-01-15T08:46:00.000Z,Create Purchase Order Item
NONE,1368.0,2000000025_00001,2018-01-31T22:59:00.000Z,Vendor creates invoice
user_000,1368.0,2000000025_00001,2018-03-28T11:57:00.000Z,Record Goods Receipt
NONE,1368.0,2000000025_00001,2018-03-28T11:57:00.000Z,Record Service Entry Sheet
user_006,1368.0,2000000025_00001,2018-04-03T06:57:00.000Z,Record Invoice Receipt
user_002,1368.0,2000000025_00001,2018-04-05T13:49:00.000Z,Clear Invoice
batch_00,74.0,2000000026_00001,2018-01-15T09:13:00.000Z,SRM: Created
batch_00,74.0,2000000026_00001,2018-01-15T10:13:00.000Z,SRM: Complete
batch_00,74.0,2000000026_00001,2018-01-15T10:13:00.000Z,SRM: Awaiting Approval
batch_00,74.0,2000000026_00001,2018-01-15T10:13:00.000Z,SRM: Document Completed
batch_00,74.0,2000000026_00001,2018-01-15T10:13:00.000Z,SRM: Ordered
batch_00,74.0,2000000026_00001,2018-01-15T10:13:00.000Z,SRM: In Transfer to Execution Syst.
batch_00,74.0,2000000026_00001,2018-01-15T10:13:00.000Z,SRM: Change was Transmitted
user_000,74.0,2000000026_00001,2018-01-15T10:14:00.000Z,Create Purchase Order Item
NONE,74.0,2000000026_00001,2018-01-27T22:59:00.000Z,Vendor creates invoice
user_000,74.0,2000000026_00001,2018-01-30T08:20:00.000Z,Record Goods Receipt
user_001,74.0,2000000026_00001,2018-03-06T10:34:00.000Z,Record Invoice Receipt
user_005,74.0,2000000026_00001,2018-03-08T12:20:00.000Z,Clear Invoice
batch_00,45.0,2000000026_00002,2018-01-15T09:13:00.000Z,SRM: Created
batch_00,45.0,2000000026_00002,2018-01-15T10:13:00.000Z,SRM: Complete
batch_00,45.0,2000000026_00002,2018-01-15T10:13:00.000Z,SRM: Awaiting Approval
batch_00,45.0,2000000026_00002,2018-01-15T10:13:00.000Z,SRM: Document Completed
batch_00,45.0,2000000026_00002,2018-01-15T10:13:00.000Z,SRM: Ordered
batch_00,45.0,2000000026_00002,2018-01-15T10:13:00.000Z,SRM: In Transfer to Execution Syst.
batch_00,45.0,2000000026_00002,2018-01-15T10:13:00.000Z,SRM: Change was Transmitted
user_000,45.0,2000000026_00002,2018-01-15T10:14:00.000Z,Create Purchase Order Item
NONE,45.0,2000000026_00002,2018-01-27T22:59:00.000Z,Vendor creates invoice
user_000,45.0,2000000026_00002,2018-01-30T08:20:00.000Z,Record Goods Receipt
user_001,45.0,2000000026_00002,2018-03-06T10:34:00.000Z,Record Invoice Receipt
user_005,45.0,2000000026_00002,2018-03-08T12:20:00.000Z,Clear Invoice
batch_00,6754.0,2000000027_00001,2018-01-15T11:52:00.000Z,SRM: Created
batch_00,6754.0,2000000027_00001,2018-01-15T12:52:00.000Z,SRM: Complete
batch_00,6754.0,2000000027_00001,2018-01-15T12:52:00.000Z,SRM: Awaiting Approval
batch_00,6754.0,2000000027_00001,2018-01-15T12:52:00.000Z,SRM: Document Completed
batch_00,6754.0,2000000027_00001,2018-01-15T12:52:00.000Z,SRM: In Transfer to Execution Syst.
batch_00,6754.0,2000000027_00001,2018-01-15T12:52:00.000Z,SRM: Ordered
batch_00,6754.0,2000000027_00001,2018-01-15T12:52:00.000Z,SRM: Change was Transmitted
user_000,6754.0,2000000027_00001,2018-01-15T12:52:00.000Z,Create Purchase Order Item
NONE,6754.0,2000000027_00001,2018-08-02T21:59:00.000Z,Vendor creates invoice
user_000,6754.0,2000000027_00001,2018-08-27T11:29:00.000Z,Record Goods Receipt
NONE,6754.0,2000000027_00001,2018-08-27T11:29:00.000Z,Record Service Entry Sheet
NONE,6754.0,2000000027_00001,2018-08-31T21:59:00.000Z,Vendor creates invoice
user_000,6754.0,2000000027_00001,2018-09-05T13:02:00.000Z,Record Goods Receipt
NONE,6754.0,2000000027_00001,2018-09-05T13:02:00.000Z,Record Service Entry Sheet
user_001,6754.0,2000000027_00001,2018-09-07T07:06:00.000Z,Record Invoice Receipt
user_013,6754.0,2000000027_00001,2018-09-11T11:09:00.000Z,Record Invoice Receipt
NONE,6754.0,2000000027_00001,2018-09-28T21:59:00.000Z,Vendor creates invoice
user_000,6754.0,2000000027_00001,2018-10-01T13:40:00.000Z,Record Goods Receipt
NONE,6754.0,2000000027_00001,2018-10-01T13:40:00.000Z,Record Service Entry Sheet
user_002,6754.0,2000000027_00001,2018-10-04T14:50:00.000Z,Clear Invoice
user_020,6754.0,2000000027_00001,2018-10-15T11:13:00.000Z,Record Invoice Receipt
NONE,6754.0,2000000027_00001,2018-10-31T22:59:00.000Z,Vendor creates invoice
user_002,6754.0,2000000027_00001,2018-11-08T15:45:00.000Z,Clear Invoice
user_000,6754.0,2000000027_00001,2018-11-16T12:33:00.000Z,Record Goods Receipt
NONE,6754.0,2000000027_00001,2018-11-16T12:33:00.000Z,Record Service Entry Sheet
user_012,6754.0,2000000027_00001,2018-11-29T08:57:00.000Z,Record Invoice Receipt
NONE,6754.0,2000000027_00001,2018-11-30T22:59:00.000Z,Vendor creates invoice
user_000,6754.0,2000000027_00001,2018-12-04T07:53:00.000Z,Record Goods Receipt
NONE,6754.0,2000000027_00001,2018-12-04T07:53:00.000Z,Record Service Entry Sheet
user_002,6754.0,2000000027_00001,2018-12-07T08:08:00.000Z,Clear Invoice
NONE,6754.0,2000000027_00001,2018-12-10T22:59:00.000Z,Vendor creates invoice
user_001,6754.0,2000000027_00001,2018-12-11T03:57:00.000Z,Record Invoice Receipt
user_000,6754.0,2000000027_00001,2018-12-12T12:11:00.000Z,Record Goods Receipt
NONE,6754.0,2000000027_00001,2018-12-12T12:11:00.000Z,Record Service Entry Sheet
user_020,6754.0,2000000027_00001,2018-12-28T13:20:00.000Z,Record Invoice Receipt
user_002,6754.0,2000000027_00001,2019-01-10T14:45:00.000Z,Clear Invoice
batch_00,6754.0,2000000028_00001,2018-01-15T11:52:00.000Z,SRM: Created
batch_00,6754.0,2000000028_00001,2018-01-15T12:52:00.000Z,SRM: Complete
batch_00,6754.0,2000000028_00001,2018-01-15T12:52:00.000Z,SRM: Awaiting Approval
batch_00,6754.0,2000000028_00001,2018-01-15T12:52:00.000Z,SRM: Document Completed
batch_00,6754.0,2000000028_00001,2018-01-15T12:52:00.000Z,SRM: In Transfer to Execution Syst.
batch_00,6754.0,2000000028_00001,2018-01-15T12:52:00.000Z,SRM: Ordered
batch_00,6754.0,2000000028_00001,2018-01-15T12:52:00.000Z,SRM: Change was Transmitted
user_000,6754.0,2000000028_00001,2018-01-15T12:52:00.000Z,Create Purchase Order Item
NONE,6754.0,2000000028_00001,2018-02-05T22:59:00.000Z,Vendor creates invoice
user_000,6754.0,2000000028_00001,2018-02-07T09:03:00.000Z,Record Goods Receipt
NONE,6754.0,2000000028_00001,2018-02-07T09:03:00.000Z,Record Service Entry Sheet
NONE,6754.0,2000000028_00001,2018-02-28T22:59:00.000Z,Vendor creates invoice
user_000,6754.0,2000000028_00001,2018-03-02T12:15:00.000Z,Record Goods Receipt
NONE,6754.0,2000000028_00001,2018-03-02T12:15:00.000Z,Record Service Entry Sheet
user_013,6754.0,2000000028_00001,2018-03-13T15:18:00.000Z,Record Invoice Receipt
user_007,6754.0,2000000028_00001,2018-03-19T08:37:00.000Z,Record Invoice Receipt
user_002,6754.0,2000000028_00001,2018-04-05T13:50:00.000Z,Clear Invoice
NONE,6754.0,2000000028_00001,2018-04-17T21:59:00.000Z,Vendor creates invoice
NONE,6754.0,2000000028_00001,2018-04-17T21:59:00.000Z,Vendor creates debit memo
user_000,6754.0,2000000028_00001,2018-04-24T11:57:00.000Z,Record Goods Receipt
NONE,6754.0,2000000028_00001,2018-04-24T11:57:00.000Z,Record Service Entry Sheet
NONE,6754.0,2000000028_00001,2018-04-30T21:59:00.000Z,Vendor creates invoice
NONE,6754.0,2000000028_00001,2018-04-30T21:59:00.000Z,Vendor creates debit memo
user_000,6754.0,2000000028_00001,2018-05-15T05:20:00.000Z,Record Goods Receipt
NONE,6754.0,2000000028_00001,2018-05-15T05:20:00.000Z,Record Service Entry Sheet
user_013,6754.0,2000000028_00001,2018-05-21T12:59:00.000Z,Record Invoice Receipt
user_001,6754.0,2000000028_00001,2018-05-23T15:53:00.000Z,Record Invoice Receipt
NONE,6754.0,2000000028_00001,2018-05-31T21:59:00.000Z,Vendor creates invoice
user_002,6754.0,2000000028_00001,2018-06-07T11:12:00.000Z,Clear Invoice
user_000,6754.0,2000000028_00001,2018-06-08T06:13:00.000Z,Record Goods Receipt
NONE,6754.0,2000000028_00001,2018-06-08T06:13:00.000Z,Record Service Entry Sheet
user_001,6754.0,2000000028_00001,2018-06-21T09:33:00.000Z,Record Invoice Receipt
NONE,6754.0,2000000028_00001,2018-06-29T21:59:00.000Z,Vendor creates invoice
user_002,6754.0,2000000028_00001,2018-07-05T12:12:00.000Z,Clear Invoice
user_000,6754.0,2000000028_00001,2018-07-10T11:34:00.000Z,Record Goods Receipt
NONE,6754.0,2000000028_00001,2018-07-10T11:34:00.000Z,Record Service Entry Sheet
user_013,6754.0,2000000028_00001,2018-07-23T13:47:00.000Z,Record Invoice Receipt
user_002,6754.0,2000000028_00001,2018-08-09T12:30:00.000Z,Clear Invoice
user_012,6754.0,2000000028_00001,2018-10-25T09:40:00.000Z,Cancel Invoice Receipt
user_012,6754.0,2000000028_00001,2018-10-25T10:00:00.000Z,Record Invoice Receipt
user_012,6754.0,2000000028_00001,2018-10-25T10:03:00.000Z,Clear Invoice
user_013,6754.0,2000000028_00001,2018-10-30T10:57:00.000Z,Cancel Invoice Receipt
user_013,6754.0,2000000028_00001,2018-10-30T10:58:00.000Z,Record Invoice Receipt
user_013,6754.0,2000000028_00001,2018-10-30T11:19:00.000Z,Clear Invoice
batch_00,83.0,2000000029_00001,2018-01-15T11:54:00.000Z,SRM: Created
batch_00,83.0,2000000029_00001,2018-01-15T12:54:00.000Z,SRM: Complete
batch_00,83.0,2000000029_00001,2018-01-15T12:54:00.000Z,SRM: Awaiting Approval
batch_00,83.0,2000000029_00001,2018-01-15T12:54:00.000Z,SRM: Document Completed
batch_00,83.0,2000000029_00001,2018-01-15T12:54:00.000Z,SRM: In Transfer to Execution Syst.
batch_00,83.0,2000000029_00001,2018-01-15T12:54:00.000Z,SRM: Ordered
batch_00,83.0,2000000029_00001,2018-01-15T12:54:00.000Z,SRM: Change was Transmitted
user_000,83.0,2000000029_00001,2018-01-15T12:54:00.000Z,Create Purchase Order Item
NONE,83.0,2000000029_00001,2018-01-15T22:59:00.000Z,Vendor creates invoice
user_000,83.0,2000000029_00001,2018-01-17T09:39:00.000Z,Record Goods Receipt
user_001,83.0,2000000029_00001,2018-02-12T14:38:00.000Z,Record Invoice Receipt
user_005,83.0,2000000029_00001,2018-03-08T12:21:00.000Z,Clear Invoice
batch_00,19.0,2000000029_00002,2018-01-15T11:54:00.000Z,SRM: Created
batch_00,19.0,2000000029_00002,2018-01-15T12:54:00.000Z,SRM: Complete
batch_00,19.0,2000000029_00002,2018-01-15T12:54:00.000Z,SRM: Awaiting Approval
batch_00,19.0,2000000029_00002,2018-01-15T12:54:00.000Z,SRM: Document Completed
batch_00,19.0,2000000029_00002,2018-01-15T12:54:00.000Z,SRM: In Transfer to Execution Syst.
batch_00,19.0,2000000029_00002,2018-01-15T12:54:00.000Z,SRM: Ordered
batch_00,19.0,2000000029_00002,2018-01-15T12:54:00.000Z,SRM: Change was Transmitted
user_000,19.0,2000000029_00002,2018-01-15T12:54:00.000Z,Create Purchase Order Item
NONE,19.0,2000000029_00002,2018-01-15T22:59:00.000Z,Vendor creates invoice
user_000,19.0,2000000029_00002,2018-01-17T09:39:00.000Z,Record Goods Receipt
user_001,19.0,2000000029_00002,2018-02-12T14:38:00.000Z,Record Invoice Receipt
user_005,19.0,2000000029_00002,2018-03-08T12:21:00.000Z,Clear Invoice
batch_00,5.0,2000000029_00003,2018-01-15T11:54:00.000Z,SRM: Created
batch_00,5.0,2000000029_00003,2018-01-15T12:54:00.000Z,SRM: Complete
batch_00,5.0,2000000029_00003,2018-01-15T12:54:00.000Z,SRM: Awaiting Approval
batch_00,5.0,2000000029_00003,2018-01-15T12:54:00.000Z,SRM: Document Completed
batch_00,5.0,2000000029_00003,2018-01-15T12:54:00.000Z,SRM: In Transfer to Execution Syst.
batch_00,5.0,2000000029_00003,2018-01-15T12:54:00.000Z,SRM: Ordered
batch_00,5.0,2000000029_00003,2018-01-15T12:54:00.000Z,SRM: Change was Transmitted
user_000,5.0,2000000029_00003,2018-01-15T12:54:00.000Z,Create Purchase Order Item
NONE,5.0,2000000029_00003,2018-01-15T22:59:00.000Z,Vendor creates invoice
user_000,5.0,2000000029_00003,2018-01-17T09:39:00.000Z,Record Goods Receipt
user_001,5.0,2000000029_00003,2018-02-12T14:38:00.000Z,Record Invoice Receipt
user_005,5.0,2000000029_00003,2018-03-08T12:21:00.000Z,Clear Invoice
batch_00,549.0,2000000030_00001,2018-01-15T13:51:00.000Z,SRM: Created
batch_00,549.0,2000000030_00001,2018-01-15T14:51:00.000Z,SRM: Complete
batch_00,549.0,2000000030_00001,2018-01-15T14:51:00.000Z,SRM: Awaiting Approval
batch_00,549.0,2000000030_00001,2018-01-15T14:51:00.000Z,SRM: Document Completed
batch_00,549.0,2000000030_00001,2018-01-15T14:51:00.000Z,SRM: In Transfer to Execution Syst.
batch_00,549.0,2000000030_00001,2018-01-15T14:51:00.000Z,SRM: Ordered
user_000,549.0,2000000030_00001,2018-01-15T14:51:00.000Z,Create Purchase Order Item
batch_00,549.0,2000000030_00001,2018-01-15T14:51:00.000Z,SRM: Change was Transmitted
NONE,549.0,2000000030_00001,2018-01-17T13:41:00.000Z,Record Service Entry Sheet
user_000,549.0,2000000030_00001,2018-01-17T13:41:00.000Z,Record Goods Receipt
NONE,549.0,2000000030_00001,2018-01-22T22:59:00.000Z,Vendor creates invoice
batch_00,549.0,2000000030_00001,2018-03-08T14:38:00.000Z,SRM: In Transfer to Execution Syst.
user_000,549.0,2000000030_00001,2018-03-08T14:38:00.000Z,Change Price
batch_01,549.0,2000000030_00001,2018-07-19T00:17:00.000Z,Record Invoice Receipt
NONE,549.0,2000000030_00001,2018-07-26T13:37:00.000Z,Record Service Entry Sheet
user_000,549.0,2000000030_00001,2018-07-26T13:37:00.000Z,Record Goods Receipt
user_015,1098.0,2000000030_00001,2018-07-26T13:57:00.000Z,Record Invoice Receipt
user_002,549.0,2000000030_00001,2018-08-02T14:06:00.000Z,Clear Invoice
batch_00,22.0,2000000031_00001,2018-01-15T13:51:00.000Z,SRM: Created
batch_00,22.0,2000000031_00001,2018-01-15T14:51:00.000Z,SRM: Complete
batch_00,22.0,2000000031_00001,2018-01-15T14:51:00.000Z,SRM: Awaiting Approval
batch_00,22.0,2000000031_00001,2018-01-15T14:51:00.000Z,SRM: Document Completed
batch_00,22.0,2000000031_00001,2018-01-15T14:51:00.000Z,SRM: In Transfer to Execution Syst.
batch_00,22.0,2000000031_00001,2018-01-15T14:51:00.000Z,SRM: Ordered
batch_00,22.0,2000000031_00001,2018-01-15T14:51:00.000Z,SRM: Change was Transmitted
user_000,22.0,2000000031_00001,2018-01-15T14:51:00.000Z,Create Purchase Order Item
NONE,22.0,2000000031_00001,2018-01-17T22:59:00.000Z,Vendor creates invoice
user_000,22.0,2000000031_00001,2018-01-22T12:20:00.000Z,Record Goods Receipt
user_007,22.0,2000000031_00001,2018-01-23T12:36:00.000Z,Record Invoice Receipt
user_002,22.0,2000000031_00001,2018-03-29T13:06:00.000Z,Clear Invoice
batch_00,106.0,2000000032_00001,2018-01-15T14:53:00.000Z,SRM: Created
batch_00,106.0,2000000032_00001,2018-01-15T15:53:00.000Z,SRM: Complete
batch_00,106.0,2000000032_00001,2018-01-15T15:53:00.000Z,SRM: Awaiting Approval
batch_00,106.0,2000000032_00001,2018-01-15T15:53:00.000Z,SRM: Document Completed
batch_00,106.0,2000000032_00001,2018-01-15T15:53:00.000Z,SRM: Ordered
batch_00,106.0,2000000032_00001,2018-01-15T15:53:00.000Z,SRM: In Transfer to Execution Syst.
batch_00,106.0,2000000032_00001,2018-01-15T15:53:00.000Z,SRM: Change was Transmitted
user_000,106.0,2000000032_00001,2018-01-15T15:53:00.000Z,Create Purchase Order Item
NONE,106.0,2000000032_00001,2018-01-16T22:59:00.000Z,Vendor creates invoice
user_000,106.0,2000000032_00001,2018-01-19T09:04:00.000Z,Record Goods Receipt
user_001,106.0,2000000032_00001,2018-02-12T14:37:00.000Z,Record Invoice Receipt
user_005,106.0,2000000032_00001,2018-03-08T12:21:00.000Z,Clear Invoice
batch_00,12852.0,2000000033_00001,2018-01-15T19:18:00.000Z,SRM: Created
batch_00,12852.0,2000000033_00001,2018-01-15T20:18:00.000Z,SRM: Complete
batch_00,12852.0,2000000033_00001,2018-01-15T20:18:00.000Z,SRM: Awaiting Approval
batch_00,12852.0,2000000033_00001,2018-01-15T20:18:00.000Z,SRM: Document Completed
batch_00,12852.0,2000000033_00001,2018-01-15T20:18:00.000Z,SRM: Ordered
batch_00,12852.0,2000000033_00001,2018-01-15T20:18:00.000Z,SRM: Change was Transmitted
batch_00,12852.0,2000000033_00001,2018-01-15T20:18:00.000Z,SRM: In Transfer to Execution Syst.
user_000,12852.0,2000000033_00001,2018-01-15T20:18:00.000Z,Create Purchase Order Item
NONE,12852.0,2000000033_00001,2018-04-03T21:59:00.000Z,Vendor creates invoice
user_000,12852.0,2000000033_00001,2018-04-30T13:21:00.000Z,Record Goods Receipt
NONE,12852.0,2000000033_00001,2018-04-30T13:21:00.000Z,Record Service Entry Sheet
user_012,12852.0,2000000033_00001,2018-05-21T15:05:00.000Z,Record Invoice Receipt
user_002,12852.0,2000000033_00001,2018-06-07T11:12:00.000Z,Clear Invoice
batch_00,277128.0,2000000034_00001,2018-01-16T09:23:00.000Z,SRM: Created
batch_00,277128.0,2000000034_00001,2018-01-16T10:23:00.000Z,SRM: Complete
batch_00,277128.0,2000000034_00001,2018-01-16T10:23:00.000Z,SRM: Awaiting Approval
batch_00,277128.0,2000000034_00001,2018-01-16T10:23:00.000Z,SRM: Document Completed
batch_00,277128.0,2000000034_00001,2018-01-16T10:23:00.000Z,SRM: Ordered
batch_00,277128.0,2000000034_00001,2018-01-16T10:23:00.000Z,SRM: In Transfer to Execution Syst.
batch_00,277128.0,2000000034_00001,2018-01-16T10:23:00.000Z,SRM: Change was Transmitted
user_000,277128.0,2000000034_00001,2018-01-16T10:23:00.000Z,Create Purchase Order Item
NONE,277128.0,2000000034_00001,2018-01-29T22:59:00.000Z,Vendor creates invoice
user_000,277128.0,2000000034_00001,2018-02-01T13:26:00.000Z,Record Goods Receipt
NONE,277128.0,2000000034_00001,2018-02-01T13:26:00.000Z,Record Service Entry Sheet
batch_00,277128.0,2000000034_00001,2018-02-05T15:15:00.000Z,Record Invoice Receipt
user_002,277128.0,2000000034_00001,2018-02-22T15:18:00.000Z,Clear Invoice
NONE,277128.0,2000000034_00001,2018-02-26T22:59:00.000Z,Vendor creates invoice
user_000,277128.0,2000000034_00001,2018-03-14T08:20:00.000Z,Record Goods Receipt
NONE,277128.0,2000000034_00001,2018-03-14T08:20:00.000Z,Record Service Entry Sheet
batch_00,277128.0,2000000034_00001,2018-03-14T12:02:00.000Z,Record Invoice Receipt
NONE,277128.0,2000000034_00001,2018-03-26T21:59:00.000Z,Vendor creates invoice
user_002,277128.0,2000000034_00001,2018-03-29T13:10:00.000Z,Clear Invoice
user_000,277128.0,2000000034_00001,2018-04-13T08:35:00.000Z,Record Goods Receipt
NONE,277128.0,2000000034_00001,2018-04-13T08:35:00.000Z,Record Service Entry Sheet
user_011,277128.0,2000000034_00001,2018-04-13T09:19:00.000Z,Record Invoice Receipt
NONE,277128.0,2000000034_00001,2018-04-25T21:59:00.000Z,Vendor creates invoice
user_002,277128.0,2000000034_00001,2018-04-26T09:15:00.000Z,Clear Invoice
user_000,277128.0,2000000034_00001,2018-05-02T06:25:00.000Z,Record Goods Receipt
NONE,277128.0,2000000034_00001,2018-05-02T06:25:00.000Z,Record Service Entry Sheet
user_013,277128.0,2000000034_00001,2018-05-14T13:23:00.000Z,Record Invoice Receipt
user_002,277128.0,2000000034_00001,2018-05-24T11:36:00.000Z,Clear Invoice
NONE,277128.0,2000000034_00001,2018-05-25T21:59:00.000Z,Vendor creates invoice
user_000,277128.0,2000000034_00001,2018-06-07T14:02:00.000Z,Record Goods Receipt
NONE,277128.0,2000000034_00001,2018-06-07T14:02:00.000Z,Record Service Entry Sheet
user_011,277128.0,2000000034_00001,2018-06-08T04:50:00.000Z,Record Invoice Receipt
NONE,277128.0,2000000034_00001,2018-06-25T21:59:00.000Z,Vendor creates invoice
user_002,277128.0,2000000034_00001,2018-06-28T12:05:00.000Z,Clear Invoice
user_022,277128.0,2000000034_00001,2018-07-02T10:33:00.000Z,SRM: Created
user_022,277128.0,2000000034_00001,2018-07-02T12:36:00.000Z,SRM: Complete
user_022,277128.0,2000000034_00001,2018-07-02T12:36:00.000Z,SRM: Awaiting Approval
user_022,277128.0,2000000034_00001,2018-07-02T12:36:00.000Z,SRM: Document Completed
batch_00,277128.0,2000000034_00001,2018-07-02T13:56:00.000Z,SRM: Ordered
batch_00,277128.0,2000000034_00001,2018-07-02T13:56:00.000Z,SRM: In Transfer to Execution Syst.
batch_00,277128.0,2000000034_00001,2018-07-02T13:56:00.000Z,SRM: Deleted
user_000,277128.0,2000000034_00001,2018-07-02T13:56:00.000Z,Change Price
user_000,277128.0,2000000034_00001,2018-07-24T10:19:00.000Z,Record Goods Receipt
NONE,277128.0,2000000034_00001,2018-07-24T10:19:00.000Z,Record Service Entry Sheet
user_001,277128.0,2000000034_00001,2018-07-25T09:05:00.000Z,Record Invoice Receipt
NONE,277128.0,2000000034_00001,2018-07-25T21:59:00.000Z,Vendor creates invoice
user_002,277128.0,2000000034_00001,2018-07-26T16:09:00.000Z,Clear Invoice
NONE,277128.0,2000000034_00001,2018-08-27T21:59:00.000Z,Vendor creates invoice
user_000,277128.0,2000000034_00001,2018-09-06T13:56:00.000Z,Record Goods Receipt
NONE,277128.0,2000000034_00001,2018-09-06T13:56:00.000Z,Record Service Entry Sheet
user_011,277128.0,2000000034_00001,2018-09-10T07:21:00.000Z,Record Invoice Receipt
user_002,277128.0,2000000034_00001,2018-09-28T08:29:00.000Z,Clear Invoice
NONE,277128.0,2000000034_00001,2018-10-25T21:59:00.000Z,Vendor creates invoice
user_000,277128.0,2000000034_00001,2018-11-01T16:36:00.000Z,Record Goods Receipt
NONE,277128.0,2000000034_00001,2018-11-01T16:36:00.000Z,Record Service Entry Sheet
user_007,277128.0,2000000034_00001,2018-11-05T10:33:00.000Z,Record Invoice Receipt
user_002,277128.0,2000000034_00001,2018-11-08T15:45:00.000Z,Clear Invoice
user_000,277128.0,2000000034_00001,2018-11-18T09:25:00.000Z,Record Goods Receipt
NONE,277128.0,2000000034_00001,2018-11-18T09:25:00.000Z,Record Service Entry Sheet
user_000,277128.0,2000000034_00001,2018-11-18T09:42:00.000Z,Record Goods Receipt
NONE,277128.0,2000000034_00001,2018-11-18T09:42:00.000Z,Record Service Entry Sheet
user_001,277128.0,2000000034_00001,2018-11-21T15:17:00.000Z,Record Invoice Receipt
user_002,277128.0,2000000034_00001,2018-11-29T15:16:00.000Z,Clear Invoice
batch_00,3065.0,2000000035_00001,2018-01-16T12:10:00.000Z,SRM: Created
batch_00,3065.0,2000000035_00001,2018-01-16T13:10:00.000Z,SRM: Complete
batch_00,3065.0,2000000035_00001,2018-01-16T13:10:00.000Z,SRM: Awaiting Approval
batch_00,3065.0,2000000035_00001,2018-01-16T13:10:00.000Z,SRM: Document Completed
batch_00,3065.0,2000000035_00001,2018-01-16T13:10:00.000Z,SRM: In Transfer to Execution Syst.
batch_00,3065.0,2000000035_00001,2018-01-16T13:10:00.000Z,SRM: Ordered
user_000,3065.0,2000000035_00001,2018-01-16T13:10:00.000Z,Create Purchase Order Item
batch_00,3065.0,2000000035_00001,2018-01-16T13:10:00.000Z,SRM: Change was Transmitted
NONE,3065.0,2000000035_00001,2018-01-18T22:59:00.000Z,Vendor creates invoice
NONE,3065.0,2000000035_00001,2018-01-22T07:26:00.000Z,Record Service Entry Sheet
user_000,3065.0,2000000035_00001,2018-01-22T07:26:00.000Z,Record Goods Receipt
user_011,3065.0,2000000035_00001,2018-01-22T11:49:00.000Z,Record Invoice Receipt
user_005,3065.0,2000000035_00001,2018-03-08T12:22:00.000Z,Clear Invoice
user_003,3065.0,2000000035_00001,2019-01-17T10:59:00.000Z,SRM: In Transfer to Execution Syst.
user_003,3065.0,2000000035_00001,2019-01-17T10:59:00.000Z,SRM: Transfer Failed (E.Sys.)
batch_00,6903.0,2000000036_00001,2018-01-16T12:33:00.000Z,SRM: Created
batch_00,6903.0,2000000036_00001,2018-01-16T13:33:00.000Z,SRM: Complete
batch_00,6903.0,2000000036_00001,2018-01-16T13:33:00.000Z,SRM: Awaiting Approval
batch_00,6903.0,2000000036_00001,2018-01-16T13:33:00.000Z,SRM: Document Completed
batch_00,6903.0,2000000036_00001,2018-01-16T13:33:00.000Z,SRM: In Transfer to Execution Syst.
batch_00,6903.0,2000000036_00001,2018-01-16T13:33:00.000Z,SRM: Ordered
batch_00,6903.0,2000000036_00001,2018-01-16T13:33:00.000Z,SRM: Change was Transmitted
user_000,6903.0,2000000036_00001,2018-01-16T13:33:00.000Z,Create Purchase Order Item
NONE,6903.0,2000000036_00001,2018-01-30T22:59:00.000Z,Vendor creates invoice
user_000,6903.0,2000000036_00001,2018-02-06T07:53:00.000Z,Record Goods Receipt
NONE,6903.0,2000000036_00001,2018-02-06T07:53:00.000Z,Record Service Entry Sheet
user_012,6903.0,2000000036_00001,2018-09-10T15:41:00.000Z,Record Invoice Receipt
user_002,6903.0,2000000036_00001,2018-09-13T14:42:00.000Z,Clear Invoice
user_003,6903.0,2000000036_00001,2019-01-17T10:59:00.000Z,SRM: In Transfer to Execution Syst.
user_003,6903.0,2000000036_00001,2019-01-17T10:59:00.000Z,SRM: Transfer Failed (E.Sys.)
batch_00,938.0,2000000037_00001,2018-01-16T13:39:00.000Z,SRM: Created
batch_00,938.0,2000000037_00001,2018-01-16T14:39:00.000Z,SRM: Complete
batch_00,938.0,2000000037_00001,2018-01-16T14:39:00.000Z,SRM: Awaiting Approval
batch_00,938.0,2000000037_00001,2018-01-16T14:39:00.000Z,SRM: Document Completed
batch_00,938.0,2000000037_00001,2018-01-16T14:39:00.000Z,SRM: Ordered
batch_00,938.0,2000000037_00001,2018-01-16T14:39:00.000Z,SRM: In Transfer to Execution Syst.
batch_00,938.0,2000000037_00001,2018-01-16T14:39:00.000Z,SRM: Change was Transmitted
user_000,938.0,2000000037_00001,2018-01-16T14:39:00.000Z,Create Purchase Order Item
NONE,938.0,2000000037_00001,2018-01-19T22:59:00.000Z,Vendor creates invoice
user_000,938.0,2000000037_00001,2018-01-22T11:44:00.000Z,Record Goods Receipt
batch_00,938.0,2000000037_00001,2018-02-08T10:38:00.000Z,Record Invoice Receipt
user_002,938.0,2000000037_00001,2018-03-29T13:06:00.000Z,Clear Invoice
batch_00,34.0,2000000037_00002,2018-01-16T13:39:00.000Z,SRM: Created
batch_00,34.0,2000000037_00002,2018-01-16T14:39:00.000Z,SRM: Complete
batch_00,34.0,2000000037_00002,2018-01-16T14:39:00.000Z,SRM: Awaiting Approval
batch_00,34.0,2000000037_00002,2018-01-16T14:39:00.000Z,SRM: Document Completed
batch_00,34.0,2000000037_00002,2018-01-16T14:39:00.000Z,SRM: Ordered
batch_00,34.0,2000000037_00002,2018-01-16T14:39:00.000Z,SRM: In Transfer to Execution Syst.
batch_00,34.0,2000000037_00002,2018-01-16T14:39:00.000Z,SRM: Change was Transmitted
user_000,34.0,2000000037_00002,2018-01-16T14:39:00.000Z,Create Purchase Order Item
NONE,34.0,2000000037_00002,2018-01-18T22:59:00.000Z,Vendor creates invoice
user_000,34.0,2000000037_00002,2018-01-22T11:44:00.000Z,Record Goods Receipt
batch_00,34.0,2000000037_00002,2018-02-08T08:53:00.000Z,Record Invoice Receipt
user_002,34.0,2000000037_00002,2018-03-29T13:06:00.000Z,Clear Invoice
batch_00,63.0,2000000037_00003,2018-01-16T13:39:00.000Z,SRM: Created
batch_00,63.0,2000000037_00003,2018-01-16T14:39:00.000Z,SRM: Complete
batch_00,63.0,2000000037_00003,2018-01-16T14:39:00.000Z,SRM: Awaiting Approval
batch_00,63.0,2000000037_00003,2018-01-16T14:39:00.000Z,SRM: Document Completed
batch_00,63.0,2000000037_00003,2018-01-16T14:39:00.000Z,SRM: Ordered
batch_00,63.0,2000000037_00003,2018-01-16T14:39:00.000Z,SRM: In Transfer to Execution Syst.
batch_00,63.0,2000000037_00003,2018-01-16T14:39:00.000Z,SRM: Change was Transmitted
user_000,63.0,2000000037_00003,2018-01-16T14:39:00.000Z,Create Purchase Order Item
NONE,63.0,2000000037_00003,2018-01-18T22:59:00.000Z,Vendor creates invoice
user_000,63.0,2000000037_00003,2018-01-22T11:44:00.000Z,Record Goods Receipt
batch_00,63.0,2000000037_00003,2018-02-08T08:53:00.000Z,Record Invoice Receipt
user_002,63.0,2000000037_00003,2018-03-29T13:06:00.000Z,Clear Invoice
batch_00,57.0,2000000038_00001,2018-01-16T13:39:00.000Z,SRM: Created
batch_00,57.0,2000000038_00001,2018-01-16T14:39:00.000Z,SRM: Complete
batch_00,57.0,2000000038_00001,2018-01-16T14:39:00.000Z,SRM: Awaiting Approval
batch_00,57.0,2000000038_00001,2018-01-16T14:39:00.000Z,SRM: Document Completed
batch_00,57.0,2000000038_00001,2018-01-16T14:39:00.000Z,SRM: In Transfer to Execution Syst.
batch_00,57.0,2000000038_00001,2018-01-16T14:39:00.000Z,SRM: Ordered
batch_00,57.0,2000000038_00001,2018-01-16T14:39:00.000Z,SRM: Change was Transmitted
user_000,57.0,2000000038_00001,2018-01-16T14:39:00.000Z,Create Purchase Order Item
NONE,57.0,2000000038_00001,2018-01-17T22:59:00.000Z,Vendor creates invoice
user_000,57.0,2000000038_00001,2018-01-22T11:45:00.000Z,Record Goods Receipt
user_001,57.0,2000000038_00001,2018-03-09T16:07:00.000Z,Record Invoice Receipt
user_002,57.0,2000000038_00001,2018-03-29T13:07:00.000Z,Clear Invoice
batch_00,428.0,2000000039_00001,2018-01-16T15:40:00.000Z,SRM: Created
batch_00,428.0,2000000039_00001,2018-01-16T16:40:00.000Z,SRM: Complete
batch_00,428.0,2000000039_00001,2018-01-16T16:40:00.000Z,SRM: Awaiting Approval
batch_00,428.0,2000000039_00001,2018-01-16T16:40:00.000Z,SRM: Document Completed
batch_00,428.0,2000000039_00001,2018-01-16T16:40:00.000Z,SRM: In Transfer to Execution Syst.
batch_00,428.0,2000000039_00001,2018-01-16T16:40:00.000Z,SRM: Ordered
batch_00,428.0,2000000039_00001,2018-01-16T16:40:00.000Z,SRM: Change was Transmitted
user_000,428.0,2000000039_00001,2018-01-16T16:40:00.000Z,Create Purchase Order Item
NONE,428.0,2000000039_00001,2018-01-17T22:59:00.000Z,Vendor creates invoice
user_000,428.0,2000000039_00001,2018-01-22T11:46:00.000Z,Record Goods Receipt
user_001,428.0,2000000039_00001,2018-01-23T15:37:00.000Z,Record Invoice Receipt
user_005,428.0,2000000039_00001,2018-03-08T12:20:00.000Z,Clear Invoice
batch_00,127.0,2000000039_00002,2018-01-16T15:40:00.000Z,SRM: Created
batch_00,127.0,2000000039_00002,2018-01-16T16:40:00.000Z,SRM: Complete
batch_00,127.0,2000000039_00002,2018-01-16T16:40:00.000Z,SRM: Awaiting Approval
batch_00,127.0,2000000039_00002,2018-01-16T16:40:00.000Z,SRM: Document Completed
batch_00,127.0,2000000039_00002,2018-01-16T16:40:00.000Z,SRM: In Transfer to Execution Syst.
batch_00,127.0,2000000039_00002,2018-01-16T16:40:00.000Z,SRM: Ordered
batch_00,127.0,2000000039_00002,2018-01-16T16:40:00.000Z,SRM: Change was Transmitted
user_000,127.0,2000000039_00002,2018-01-16T16:40:00.000Z,Create Purchase Order Item
NONE,127.0,2000000039_00002,2018-01-17T22:59:00.000Z,Vendor creates invoice
user_000,127.0,2000000039_00002,2018-01-22T11:46:00.000Z,Record Goods Receipt
user_001,127.0,2000000039_00002,2018-01-23T15:37:00.000Z,Record Invoice Receipt
user_005,127.0,2000000039_00002,2018-03-08T12:20:00.000Z,Clear Invoice
batch_00,3464.0,2000000040_00001,2018-01-16T15:41:00.000Z,SRM: Created
batch_00,3464.0,2000000040_00001,2018-01-16T16:41:00.000Z,SRM: Complete
batch_00,3464.0,2000000040_00001,2018-01-16T16:41:00.000Z,SRM: Awaiting Approval
batch_00,3464.0,2000000040_00001,2018-01-16T16:41:00.000Z,SRM: Document Completed
batch_00,3464.0,2000000040_00001,2018-01-16T16:41:00.000Z,SRM: Ordered
batch_00,3464.0,2000000040_00001,2018-01-16T16:41:00.000Z,SRM: In Transfer to Execution Syst.
batch_00,3464.0,2000000040_00001,2018-01-16T16:41:00.000Z,SRM: Change was Transmitted
user_000,3464.0,2000000040_00001,2018-01-16T16:41:00.000Z,Create Purchase Order Item
NONE,3464.0,2000000040_00001,2018-01-20T22:59:00.000Z,Vendor creates invoice
user_000,3464.0,2000000040_00001,2018-03-27T13:08:00.000Z,Record Goods Receipt
NONE,3464.0,2000000040_00001,2018-03-27T13:08:00.000Z,Record Service Entry Sheet
user_006,3464.0,2000000040_00001,2018-04-03T04:06:00.000Z,Record Invoice Receipt
NONE,3464.0,2000000040_00001,2018-04-03T21:59:00.000Z,Vendor creates invoice
user_002,3464.0,2000000040_00001,2018-04-05T13:49:00.000Z,Clear Invoice
NONE,3464.0,2000000040_00001,2018-07-03T21:59:00.000Z,Vendor creates invoice
user_000,3464.0,2000000040_00001,2018-07-10T11:17:00.000Z,Record Goods Receipt
NONE,3464.0,2000000040_00001,2018-07-10T11:17:00.000Z,Record Service Entry Sheet
user_000,3464.0,2000000040_00001,2018-07-10T11:25:00.000Z,Record Goods Receipt
NONE,3464.0,2000000040_00001,2018-07-10T11:25:00.000Z,Record Service Entry Sheet
user_001,3464.0,2000000040_00001,2018-07-25T07:18:00.000Z,Record Invoice Receipt
user_012,3464.0,2000000040_00001,2018-08-21T10:56:00.000Z,Record Invoice Receipt
user_002,3464.0,2000000040_00001,2018-08-23T11:39:00.000Z,Clear Invoice
user_002,3464.0,2000000040_00001,2018-08-23T11:39:00.000Z,Clear Invoice
user_021,3464.0,2000000040_00001,2018-12-21T05:47:00.000Z,SRM: Created
user_021,3464.0,2000000040_00001,2018-12-21T06:50:00.000Z,SRM: Complete
user_021,3464.0,2000000040_00001,2018-12-21T06:50:00.000Z,SRM: Awaiting Approval
user_021,3464.0,2000000040_00001,2018-12-21T06:50:00.000Z,SRM: Document Completed
batch_00,3464.0,2000000040_00001,2018-12-21T08:13:00.000Z,SRM: Ordered
batch_00,3464.0,2000000040_00001,2018-12-21T08:13:00.000Z,SRM: In Transfer to Execution Syst.
batch_00,3464.0,2000000040_00001,2018-12-21T08:13:00.000Z,SRM: Deleted
user_000,3464.0,2000000040_00001,2019-01-09T14:08:00.000Z,Record Goods Receipt
NONE,3464.0,2000000040_00001,2019-01-09T14:08:00.000Z,Record Service Entry Sheet
batch_00,260.0,2000000041_00001,2018-01-16T15:41:00.000Z,SRM: Created
batch_00,260.0,2000000041_00001,2018-01-16T16:41:00.000Z,SRM: Complete
batch_00,260.0,2000000041_00001,2018-01-16T16:41:00.000Z,SRM: Awaiting Approval
batch_00,260.0,2000000041_00001,2018-01-16T16:41:00.000Z,SRM: Document Completed
batch_00,260.0,2000000041_00001,2018-01-16T16:41:00.000Z,SRM: In Transfer to Execution Syst.
batch_00,260.0,2000000041_00001,2018-01-16T16:41:00.000Z,SRM: Ordered
user_000,260.0,2000000041_00001,2018-01-16T16:41:00.000Z,Create Purchase Order Item
batch_00,260.0,2000000041_00001,2018-01-16T16:41:00.000Z,SRM: Change was Transmitted
NONE,260.0,2000000041_00001,2018-01-18T22:59:00.000Z,Vendor creates invoice
user_000,260.0,2000000041_00001,2018-01-23T11:53:00.000Z,Record Goods Receipt
NONE,260.0,2000000041_00001,2018-01-23T11:53:00.000Z,Record Service Entry Sheet
user_001,260.0,2000000041_00001,2018-02-01T15:09:00.000Z,Record Invoice Receipt
user_002,260.0,2000000041_00001,2018-02-08T13:44:00.000Z,Clear Invoice
batch_00,45.0,2000000042_00001,2018-01-16T15:41:00.000Z,SRM: Created
batch_00,45.0,2000000042_00001,2018-01-16T16:41:00.000Z,SRM: Complete
batch_00,45.0,2000000042_00001,2018-01-16T16:41:00.000Z,SRM: Awaiting Approval
batch_00,45.0,2000000042_00001,2018-01-16T16:41:00.000Z,SRM: Document Completed
batch_00,45.0,2000000042_00001,2018-01-16T16:41:00.000Z,SRM: In Transfer to Execution Syst.
batch_00,45.0,2000000042_00001,2018-01-16T16:41:00.000Z,SRM: Ordered
batch_00,45.0,2000000042_00001,2018-01-16T16:41:00.000Z,SRM: Change was Transmitted
user_000,45.0,2000000042_00001,2018-01-16T16:41:00.000Z,Create Purchase Order Item
NONE,45.0,2000000042_00001,2018-01-18T22:59:00.000Z,Vendor creates invoice
user_000,45.0,2000000042_00001,2018-01-23T11:54:00.000Z,Record Goods Receipt
NONE,45.0,2000000042_00001,2018-01-23T11:54:00.000Z,Record Service Entry Sheet
user_008,45.0,2000000042_00001,2018-01-25T16:38:00.000Z,Record Invoice Receipt
user_002,45.0,2000000042_00001,2018-02-08T13:44:00.000Z,Clear Invoice
batch_00,64.0,2000000043_00001,2018-01-17T06:12:00.000Z,SRM: Created
batch_00,64.0,2000000043_00001,2018-01-17T07:12:00.000Z,SRM: Complete
batch_00,64.0,2000000043_00001,2018-01-17T07:12:00.000Z,SRM: Awaiting Approval
batch_00,64.0,2000000043_00001,2018-01-17T07:12:00.000Z,SRM: Document Completed
batch_00,64.0,2000000043_00001,2018-01-17T07:12:00.000Z,SRM: In Transfer to Execution Syst.
batch_00,64.0,2000000043_00001,2018-01-17T07:12:00.000Z,SRM: Ordered
batch_00,64.0,2000000043_00001,2018-01-17T07:12:00.000Z,SRM: Change was Transmitted
user_000,64.0,2000000043_00001,2018-01-17T07:12:00.000Z,Create Purchase Order Item
batch_00,181.0,2000000044_00001,2018-01-17T06:13:00.000Z,SRM: Created
batch_00,181.0,2000000044_00001,2018-01-17T07:13:00.000Z,SRM: Complete
batch_00,181.0,2000000044_00001,2018-01-17T07:13:00.000Z,SRM: Awaiting Approval
batch_00,181.0,2000000044_00001,2018-01-17T07:13:00.000Z,SRM: Document Completed
batch_00,181.0,2000000044_00001,2018-01-17T07:13:00.000Z,SRM: In Transfer to Execution Syst.
batch_00,181.0,2000000044_00001,2018-01-17T07:13:00.000Z,SRM: Ordered
batch_00,181.0,2000000044_00001,2018-01-17T07:13:00.000Z,SRM: Change was Transmitted
user_000,181.0,2000000044_00001,2018-01-17T07:13:00.000Z,Create Purchase Order Item
NONE,181.0,2000000044_00001,2018-01-18T22:59:00.000Z,Vendor creates invoice
user_000,181.0,2000000044_00001,2018-01-19T07:56:00.000Z,Record Goods Receipt
user_008,181.0,2000000044_00001,2018-02-08T09:49:00.000Z,Record Invoice Receipt
user_002,181.0,2000000044_00001,2018-03-29T13:06:00.000Z,Clear Invoice
batch_00,646.0,2000000045_00001,2018-01-17T08:35:00.000Z,SRM: Created
batch_00,646.0,2000000045_00001,2018-01-17T09:35:00.000Z,SRM: Complete
batch_00,646.0,2000000045_00001,2018-01-17T09:35:00.000Z,SRM: Awaiting Approval
batch_00,646.0,2000000045_00001,2018-01-17T09:35:00.000Z,SRM: Document Completed
batch_00,646.0,2000000045_00001,2018-01-17T09:35:00.000Z,SRM: Ordered
batch_00,646.0,2000000045_00001,2018-01-17T09:35:00.000Z,SRM: Change was Transmitted
batch_00,646.0,2000000045_00001,2018-01-17T09:35:00.000Z,SRM: In Transfer to Execution Syst.
user_000,646.0,2000000045_00001,2018-01-17T09:35:00.000Z,Create Purchase Order Item
NONE,646.0,2000000045_00001,2018-01-17T22:59:00.000Z,Vendor creates invoice
user_000,646.0,2000000045_00001,2018-01-19T11:18:00.000Z,Record Goods Receipt
user_001,646.0,2000000045_00001,2018-02-15T13:09:00.000Z,Record Invoice Receipt
user_005,646.0,2000000045_00001,2018-03-08T12:21:00.000Z,Clear Invoice
batch_00,49.0,2000000045_00002,2018-01-17T08:35:00.000Z,SRM: Created
batch_00,49.0,2000000045_00002,2018-01-17T09:35:00.000Z,SRM: Complete
batch_00,49.0,2000000045_00002,2018-01-17T09:35:00.000Z,SRM: Awaiting Approval
batch_00,49.0,2000000045_00002,2018-01-17T09:35:00.000Z,SRM: Document Completed
batch_00,49.0,2000000045_00002,2018-01-17T09:35:00.000Z,SRM: Ordered
batch_00,49.0,2000000045_00002,2018-01-17T09:35:00.000Z,SRM: Change was Transmitted
batch_00,49.0,2000000045_00002,2018-01-17T09:35:00.000Z,SRM: In Transfer to Execution Syst.
user_000,49.0,2000000045_00002,2018-01-17T09:35:00.000Z,Create Purchase Order Item
NONE,49.0,2000000045_00002,2018-01-17T22:59:00.000Z,Vendor creates invoice
user_000,49.0,2000000045_00002,2018-01-19T11:18:00.000Z,Record Goods Receipt
user_001,49.0,2000000045_00002,2018-02-15T13:09:00.000Z,Record Invoice Receipt
user_005,49.0,2000000045_00002,2018-03-08T12:21:00.000Z,Clear Invoice
batch_00,173.0,2000000046_00001,2018-01-17T09:54:00.000Z,SRM: Created
batch_00,173.0,2000000046_00001,2018-01-17T10:54:00.000Z,SRM: Complete
batch_00,173.0,2000000046_00001,2018-01-17T10:54:00.000Z,SRM: Awaiting Approval
batch_00,173.0,2000000046_00001,2018-01-17T10:54:00.000Z,SRM: Document Completed
batch_00,173.0,2000000046_00001,2018-01-17T10:54:00.000Z,SRM: Ordered
batch_00,173.0,2000000046_00001,2018-01-17T10:54:00.000Z,SRM: In Transfer to Execution Syst.
user_000,173.0,2000000046_00001,2018-01-17T10:54:00.000Z,Create Purchase Order Item
batch_00,173.0,2000000046_00001,2018-01-17T10:54:00.000Z,SRM: Change was Transmitted
user_000,173.0,2000000046_00001,2018-01-24T10:39:00.000Z,Record Goods Receipt
NONE,173.0,2000000046_00001,2018-01-24T10:39:00.000Z,Record Service Entry Sheet
NONE,173.0,2000000046_00001,2018-01-29T22:59:00.000Z,Vendor creates invoice
user_001,173.0,2000000046_00001,2018-02-07T13:46:00.000Z,Record Invoice Receipt
user_002,173.0,2000000046_00001,2018-02-08T13:44:00.000Z,Clear Invoice
batch_00,649519.0,2000000047_00001,2018-01-17T13:55:00.000Z,SRM: Created
batch_00,649519.0,2000000047_00001,2018-01-17T14:55:00.000Z,SRM: Complete
batch_00,649519.0,2000000047_00001,2018-01-17T14:55:00.000Z,SRM: Awaiting Approval
batch_00,649519.0,2000000047_00001,2018-01-17T14:55:00.000Z,SRM: Document Completed
batch_00,649519.0,2000000047_00001,2018-01-17T14:55:00.000Z,SRM: In Transfer to Execution Syst.
batch_00,649519.0,2000000047_00001,2018-01-17T14:55:00.000Z,SRM: Ordered
batch_00,649519.0,2000000047_00001,2018-01-17T14:55:00.000Z,SRM: Change was Transmitted
user_000,649519.0,2000000047_00001,2018-01-17T14:55:00.000Z,Create Purchase Order Item
NONE,649519.0,2000000047_00001,2018-02-01T22:59:00.000Z,Vendor creates invoice
user_000,649519.0,2000000047_00001,2018-02-09T09:58:00.000Z,Record Goods Receipt
NONE,649519.0,2000000047_00001,2018-02-09T09:58:00.000Z,Record Service Entry Sheet
NONE,649519.0,2000000047_00001,2018-02-13T22:59:00.000Z,Vendor creates invoice
NONE,649519.0,2000000047_00001,2018-02-13T22:59:00.000Z,Vendor creates debit memo
user_000,649519.0,2000000047_00001,2018-02-14T13:48:00.000Z,Record Goods Receipt
NONE,649519.0,2000000047_00001,2018-02-14T13:48:00.000Z,Record Service Entry Sheet
user_000,649519.0,2000000047_00001,2018-02-14T13:56:00.000Z,Record Goods Receipt
NONE,649519.0,2000000047_00001,2018-02-14T13:56:00.000Z,Record Service Entry Sheet
user_012,649519.0,2000000047_00001,2018-02-19T09:44:00.000Z,Record Invoice Receipt
user_006,649519.0,2000000047_00001,2018-02-19T15:12:00.000Z,Record Invoice Receipt
user_006,649519.0,2000000047_00001,2018-02-19T15:13:00.000Z,Remove Payment Block
user_001,649519.0,2000000047_00001,2018-02-21T16:19:00.000Z,Record Invoice Receipt
user_002,649519.0,2000000047_00001,2018-02-22T15:18:00.000Z,Clear Invoice
user_011,649519.0,2000000047_00001,2018-02-27T13:34:00.000Z,Cancel Invoice Receipt
user_011,649519.0,2000000047_00001,2018-02-27T13:35:00.000Z,Clear Invoice
user_011,649519.0,2000000047_00001,2018-02-27T13:40:00.000Z,Record Invoice Receipt
NONE,649519.0,2000000047_00001,2018-03-01T22:59:00.000Z,Vendor creates invoice
user_000,649519.0,2000000047_00001,2018-03-05T14:29:00.000Z,Record Goods Receipt
NONE,649519.0,2000000047_00001,2018-03-05T14:29:00.000Z,Record Service Entry Sheet
NONE,649519.0,2000000047_00001,2018-03-05T22:59:00.000Z,Vendor creates invoice
user_000,649519.0,2000000047_00001,2018-03-06T08:50:00.000Z,Record Goods Receipt
NONE,649519.0,2000000047_00001,2018-03-06T08:50:00.000Z,Record Service Entry Sheet
user_007,649519.0,2000000047_00001,2018-03-07T11:40:00.000Z,Record Invoice Receipt
user_000,649519.0,2000000047_00001,2018-03-07T12:33:00.000Z,Record Goods Receipt
NONE,649519.0,2000000047_00001,2018-03-07T12:33:00.000Z,Record Service Entry Sheet
user_005,649519.0,2000000047_00001,2018-03-08T12:22:00.000Z,Clear Invoice
user_001,649519.0,2000000047_00001,2018-03-09T15:31:00.000Z,Record Invoice Receipt
user_001,649519.0,2000000047_00001,2018-03-13T15:26:00.000Z,Record Invoice Receipt
user_000,649519.0,2000000047_00001,2018-03-14T08:22:00.000Z,Record Goods Receipt
NONE,649519.0,2000000047_00001,2018-03-14T08:22:00.000Z,Record Service Entry Sheet
user_004,649519.0,2000000047_00001,2018-03-15T09:42:00.000Z,Record Invoice Receipt
user_005,649519.0,2000000047_00001,2018-03-15T13:13:00.000Z,Clear Invoice
user_006,649519.0,2000000047_00001,2018-03-17T06:59:00.000Z,Remove Payment Block
user_005,649519.0,2000000047_00001,2018-03-22T12:32:00.000Z,Clear Invoice
user_002,649519.0,2000000047_00001,2018-03-29T13:10:00.000Z,Clear Invoice
NONE,649519.0,2000000047_00001,2018-04-01T21:59:00.000Z,Vendor creates invoice
user_000,649519.0,2000000047_00001,2018-04-04T13:58:00.000Z,Record Goods Receipt
NONE,649519.0,2000000047_00001,2018-04-04T13:58:00.000Z,Record Service Entry Sheet
NONE,649519.0,2000000047_00001,2018-04-05T21:59:00.000Z,Vendor creates invoice
user_000,649519.0,2000000047_00001,2018-04-09T11:37:00.000Z,Record Goods Receipt
NONE,649519.0,2000000047_00001,2018-04-09T11:37:00.000Z,Record Service Entry Sheet
user_000,649519.0,2000000047_00001,2018-04-09T11:40:00.000Z,Record Goods Receipt
NONE,649519.0,2000000047_00001,2018-04-09T11:40:00.000Z,Record Service Entry Sheet
user_013,649519.0,2000000047_00001,2018-04-12T08:55:00.000Z,Record Invoice Receipt
user_001,649519.0,2000000047_00001,2018-04-16T09:28:00.000Z,Record Invoice Receipt
user_011,649519.0,2000000047_00001,2018-04-16T09:58:00.000Z,Record Invoice Receipt
user_023,649519.0,2000000047_00001,2018-04-23T11:19:00.000Z,Remove Payment Block
user_002,649519.0,2000000047_00001,2018-04-26T09:15:00.000Z,Clear Invoice
user_002,649519.0,2000000047_00001,2018-04-26T09:15:00.000Z,Clear Invoice
NONE,649519.0,2000000047_00001,2018-04-30T21:59:00.000Z,Vendor creates invoice
user_000,649519.0,2000000047_00001,2018-05-01T08:32:00.000Z,Record Goods Receipt
NONE,649519.0,2000000047_00001,2018-05-01T08:32:00.000Z,Record Service Entry Sheet
NONE,649519.0,2000000047_00001,2018-05-02T21:59:00.000Z,Vendor creates invoice
NONE,649519.0,2000000047_00001,2018-05-02T21:59:00.000Z,Vendor creates debit memo
user_000,649519.0,2000000047_00001,2018-05-03T08:16:00.000Z,Record Goods Receipt
NONE,649519.0,2000000047_00001,2018-05-03T08:16:00.000Z,Record Service Entry Sheet
user_000,649519.0,2000000047_00001,2018-05-03T08:18:00.000Z,Record Goods Receipt
NONE,649519.0,2000000047_00001,2018-05-03T08:18:00.000Z,Record Service Entry Sheet
NONE,649519.0,2000000047_00001,2018-05-03T21:59:00.000Z,Vendor creates invoice
NONE,649519.0,2000000047_00001,2018-05-03T21:59:00.000Z,Vendor creates debit memo
NONE,649519.0,2000000047_00001,2018-05-07T21:59:00.000Z,Vendor creates invoice
user_000,649519.0,2000000047_00001,2018-05-08T07:11:00.000Z,Record Goods Receipt
NONE,649519.0,2000000047_00001,2018-05-08T07:11:00.000Z,Record Service Entry Sheet
user_000,649519.0,2000000047_00001,2018-05-08T07:12:00.000Z,Record Goods Receipt
NONE,649519.0,2000000047_00001,2018-05-08T07:12:00.000Z,Record Service Entry Sheet
user_000,649519.0,2000000047_00001,2018-05-08T07:20:00.000Z,Record Goods Receipt
NONE,649519.0,2000000047_00001,2018-05-08T07:20:00.000Z,Record Service Entry Sheet
user_012,649519.0,2000000047_00001,2018-05-08T10:52:00.000Z,Record Invoice Receipt
user_000,649519.0,2000000047_00001,2018-05-09T06:54:00.000Z,Record Goods Receipt
NONE,649519.0,2000000047_00001,2018-05-09T06:54:00.000Z,Record Service Entry Sheet
user_012,649519.0,2000000047_00001,2018-05-09T10:00:00.000Z,Record Invoice Receipt
user_012,649519.0,2000000047_00001,2018-05-09T10:02:00.000Z,Record Invoice Receipt
user_012,649519.0,2000000047_00001,2018-05-09T10:09:00.000Z,Record Invoice Receipt
user_007,649519.0,2000000047_00001,2018-05-16T10:02:00.000Z,Record Invoice Receipt
user_002,649519.0,2000000047_00001,2018-05-24T11:36:00.000Z,Clear Invoice
user_000,649519.0,2000000047_00001,2018-05-24T11:56:00.000Z,Record Goods Receipt
NONE,649519.0,2000000047_00001,2018-05-24T11:56:00.000Z,Record Service Entry Sheet
NONE,649519.0,2000000047_00001,2018-05-25T21:59:00.000Z,Vendor creates invoice
user_000,649519.0,2000000047_00001,2018-05-28T09:46:00.000Z,Record Goods Receipt
NONE,649519.0,2000000047_00001,2018-05-28T09:46:00.000Z,Record Service Entry Sheet
user_000,649519.0,2000000047_00001,2018-05-28T09:48:00.000Z,Record Goods Receipt
NONE,649519.0,2000000047_00001,2018-05-28T09:48:00.000Z,Record Service Entry Sheet
user_000,649519.0,2000000047_00001,2018-05-28T09:50:00.000Z,Record Goods Receipt
NONE,649519.0,2000000047_00001,2018-05-28T09:50:00.000Z,Record Service Entry Sheet
user_013,649519.0,2000000047_00001,2018-05-28T11:33:00.000Z,Record Invoice Receipt
user_013,649519.0,2000000047_00001,2018-05-28T11:35:00.000Z,Record Invoice Receipt
user_004,649519.0,2000000047_00001,2018-05-28T14:53:00.000Z,Cancel Invoice Receipt
user_004,649519.0,2000000047_00001,2018-05-28T14:54:00.000Z,Clear Invoice
user_004,649519.0,2000000047_00001,2018-05-28T14:56:00.000Z,Record Invoice Receipt
user_004,649519.0,2000000047_00001,2018-05-28T14:59:00.000Z,Clear Invoice
user_004,649519.0,2000000047_00001,2018-05-28T14:59:00.000Z,Cancel Invoice Receipt
user_004,649519.0,2000000047_00001,2018-05-28T15:02:00.000Z,Record Invoice Receipt
user_004,649519.0,2000000047_00001,2018-05-28T15:05:00.000Z,Clear Invoice
user_004,649519.0,2000000047_00001,2018-05-28T15:05:00.000Z,Cancel Invoice Receipt
user_004,649519.0,2000000047_00001,2018-05-28T15:08:00.000Z,Record Invoice Receipt
user_004,649519.0,2000000047_00001,2018-05-28T15:12:00.000Z,Clear Invoice
user_004,649519.0,2000000047_00001,2018-05-28T15:12:00.000Z,Cancel Invoice Receipt
user_004,649519.0,2000000047_00001,2018-05-28T15:14:00.000Z,Record Invoice Receipt
user_012,649519.0,2000000047_00001,2018-05-28T16:09:00.000Z,Record Invoice Receipt
user_013,649519.0,2000000047_00001,2018-05-29T08:10:00.000Z,Record Invoice Receipt
user_012,649519.0,2000000047_00001,2018-05-29T08:43:00.000Z,Record Invoice Receipt
user_012,649519.0,2000000047_00001,2018-05-29T12:32:00.000Z,Record Invoice Receipt
user_002,649519.0,2000000047_00001,2018-05-31T10:33:00.000Z,Clear Invoice
user_002,649519.0,2000000047_00001,2018-05-31T10:33:00.000Z,Clear Invoice
user_002,649519.0,2000000047_00001,2018-05-31T15:11:00.000Z,Clear Invoice
NONE,649519.0,2000000047_00001,2018-06-04T21:59:00.000Z,Vendor creates invoice
NONE,649519.0,2000000047_00001,2018-06-05T21:59:00.000Z,Vendor creates invoice
user_000,649519.0,2000000047_00001,2018-06-07T11:34:00.000Z,Record Goods Receipt
NONE,649519.0,2000000047_00001,2018-06-07T11:34:00.000Z,Record Service Entry Sheet
user_000,649519.0,2000000047_00001,2018-06-07T11:41:00.000Z,Record Goods Receipt
NONE,649519.0,2000000047_00001,2018-06-07T11:41:00.000Z,Record Service Entry Sheet
user_000,649519.0,2000000047_00001,2018-06-12T14:29:00.000Z,Record Goods Receipt
NONE,649519.0,2000000047_00001,2018-06-12T14:29:00.000Z,Record Service Entry Sheet
NONE,649519.0,2000000047_00001,2018-06-12T21:59:00.000Z,Vendor creates invoice
user_013,649519.0,2000000047_00001,2018-06-13T12:58:00.000Z,Record Invoice Receipt
user_002,649519.0,2000000047_00001,2018-06-14T13:01:00.000Z,Clear Invoice
user_000,649519.0,2000000047_00001,2018-06-14T15:03:00.000Z,Record Goods Receipt
NONE,649519.0,2000000047_00001,2018-06-14T15:03:00.000Z,Record Service Entry Sheet
user_013,649519.0,2000000047_00001,2018-06-15T12:46:00.000Z,Record Invoice Receipt
user_001,649519.0,2000000047_00001,2018-06-18T04:39:00.000Z,Record Invoice Receipt
user_012,649519.0,2000000047_00001,2018-06-18T14:30:00.000Z,Record Invoice Receipt
user_000,649519.0,2000000047_00001,2018-06-19T14:28:00.000Z,Record Goods Receipt
NONE,649519.0,2000000047_00001,2018-06-19T14:28:00.000Z,Record Service Entry Sheet
user_012,649519.0,2000000047_00001,2018-06-22T09:09:00.000Z,Record Invoice Receipt
user_002,649519.0,2000000047_00001,2018-06-28T12:04:00.000Z,Clear Invoice
user_002,649519.0,2000000047_00001,2018-06-28T12:04:00.000Z,Clear Invoice
user_023,649519.0,2000000047_00001,2018-07-02T09:08:00.000Z,Remove Payment Block
NONE,649519.0,2000000047_00001,2018-07-03T21:59:00.000Z,Vendor creates invoice
NONE,649519.0,2000000047_00001,2018-07-04T21:59:00.000Z,Vendor creates invoice
user_000,649519.0,2000000047_00001,2018-07-05T08:07:00.000Z,Record Goods Receipt
NONE,649519.0,2000000047_00001,2018-07-05T08:07:00.000Z,Record Service Entry Sheet
user_000,649519.0,2000000047_00001,2018-07-05T08:16:00.000Z,Record Goods Receipt
NONE,649519.0,2000000047_00001,2018-07-05T08:16:00.000Z,Record Service Entry Sheet
user_000,649519.0,2000000047_00001,2018-07-05T08:19:00.000Z,Record Goods Receipt
NONE,649519.0,2000000047_00001,2018-07-05T08:19:00.000Z,Record Service Entry Sheet
user_002,649519.0,2000000047_00001,2018-07-05T12:11:00.000Z,Clear Invoice
user_002,649519.0,2000000047_00001,2018-07-05T12:12:00.000Z,Clear Invoice
user_001,649519.0,2000000047_00001,2018-07-06T14:39:00.000Z,Record Invoice Receipt
user_000,649519.0,2000000047_00001,2018-07-11T10:38:00.000Z,Record Goods Receipt
NONE,649519.0,2000000047_00001,2018-07-11T10:38:00.000Z,Record Service Entry Sheet
NONE,649519.0,2000000047_00001,2018-07-11T21:59:00.000Z,Vendor creates invoice
user_013,649519.0,2000000047_00001,2018-07-12T12:59:00.000Z,Record Invoice Receipt
user_013,649519.0,2000000047_00001,2018-07-13T11:20:00.000Z,Record Invoice Receipt
user_013,649519.0,2000000047_00001,2018-07-16T12:37:00.000Z,Record Invoice Receipt
user_000,649519.0,2000000047_00001,2018-07-17T11:30:00.000Z,Record Goods Receipt
NONE,649519.0,2000000047_00001,2018-07-17T11:30:00.000Z,Record Service Entry Sheet
user_002,649519.0,2000000047_00001,2018-07-26T16:07:00.000Z,Clear Invoice
user_023,649519.0,2000000047_00001,2018-07-30T07:18:00.000Z,Remove Payment Block
user_002,649519.0,2000000047_00001,2018-08-02T14:07:00.000Z,Clear Invoice
NONE,649519.0,2000000047_00001,2018-08-03T21:59:00.000Z,Vendor creates invoice
user_000,649519.0,2000000047_00001,2018-08-06T15:03:00.000Z,Record Goods Receipt
NONE,649519.0,2000000047_00001,2018-08-06T15:03:00.000Z,Record Service Entry Sheet
NONE,649519.0,2000000047_00001,2018-08-09T21:59:00.000Z,Vendor creates invoice
user_012,649519.0,2000000047_00001,2018-08-10T09:16:00.000Z,Record Invoice Receipt
user_001,649519.0,2000000047_00001,2018-08-17T15:35:00.000Z,Cancel Invoice Receipt
user_001,649519.0,2000000047_00001,2018-08-17T15:41:00.000Z,Record Invoice Receipt
user_015,649519.0,2000000047_00001,2018-08-17T15:42:00.000Z,Remove Payment Block
user_001,649519.0,2000000047_00001,2018-08-17T15:43:00.000Z,Clear Invoice
user_023,649519.0,2000000047_00001,2018-08-20T07:58:00.000Z,Remove Payment Block
user_000,649519.0,2000000047_00001,2018-08-20T11:27:00.000Z,Record Goods Receipt
NONE,649519.0,2000000047_00001,2018-08-20T11:27:00.000Z,Record Service Entry Sheet
user_000,649519.0,2000000047_00001,2018-08-20T11:33:00.000Z,Record Goods Receipt
NONE,649519.0,2000000047_00001,2018-08-20T11:33:00.000Z,Record Service Entry Sheet
user_012,649519.0,2000000047_00001,2018-08-21T09:44:00.000Z,Record Invoice Receipt
user_012,649519.0,2000000047_00001,2018-08-21T11:29:00.000Z,Record Invoice Receipt
user_015,649519.0,2000000047_00001,2018-08-21T11:32:00.000Z,Record Invoice Receipt
user_002,649519.0,2000000047_00001,2018-08-23T11:39:00.000Z,Clear Invoice
user_002,649519.0,2000000047_00001,2018-08-23T11:40:00.000Z,Clear Invoice
NONE,649519.0,2000000047_00001,2018-08-29T21:59:00.000Z,Vendor creates invoice
user_002,649519.0,2000000047_00001,2018-08-30T13:38:00.000Z,Clear Invoice
NONE,649519.0,2000000047_00001,2018-09-04T21:59:00.000Z,Vendor creates invoice
user_000,649519.0,2000000047_00001,2018-09-06T07:48:00.000Z,Record Goods Receipt
NONE,649519.0,2000000047_00001,2018-09-06T07:48:00.000Z,Record Service Entry Sheet
user_000,649519.0,2000000047_00001,2018-09-06T07:52:00.000Z,Record Goods Receipt
NONE,649519.0,2000000047_00001,2018-09-06T07:52:00.000Z,Record Service Entry Sheet
user_020,649519.0,2000000047_00001,2018-09-06T14:59:00.000Z,Record Invoice Receipt
NONE,649519.0,2000000047_00001,2018-09-06T21:59:00.000Z,Vendor creates invoice
user_000,649519.0,2000000047_00001,2018-09-07T08:05:00.000Z,Record Goods Receipt
NONE,649519.0,2000000047_00001,2018-09-07T08:05:00.000Z,Record Service Entry Sheet
user_001,649519.0,2000000047_00001,2018-09-07T14:34:00.000Z,Record Invoice Receipt
user_001,649519.0,2000000047_00001,2018-09-12T05:07:00.000Z,Record Invoice Receipt
user_000,649519.0,2000000047_00001,2018-09-13T13:50:00.000Z,Record Goods Receipt
NONE,649519.0,2000000047_00001,2018-09-13T13:50:00.000Z,Record Service Entry Sheet
user_012,649519.0,2000000047_00001,2018-09-17T09:39:00.000Z,Record Invoice Receipt
user_002,649519.0,2000000047_00001,2018-09-20T14:13:00.000Z,Clear Invoice
user_015,649519.0,2000000047_00001,2018-09-24T08:09:00.000Z,Remove Payment Block
user_002,649519.0,2000000047_00001,2018-09-28T08:27:00.000Z,Clear Invoice
user_002,649519.0,2000000047_00001,2018-09-28T08:28:00.000Z,Clear Invoice
NONE,649519.0,2000000047_00001,2018-10-02T21:59:00.000Z,Vendor creates invoice
user_000,649519.0,2000000047_00001,2018-10-04T07:26:00.000Z,Record Goods Receipt
NONE,649519.0,2000000047_00001,2018-10-04T07:26:00.000Z,Record Service Entry Sheet
user_000,649519.0,2000000047_00001,2018-10-04T11:35:00.000Z,Record Goods Receipt
NONE,649519.0,2000000047_00001,2018-10-04T11:35:00.000Z,Record Service Entry Sheet
user_019,649519.0,2000000047_00001,2018-10-05T08:33:00.000Z,Record Invoice Receipt
user_000,649519.0,2000000047_00001,2018-10-08T07:50:00.000Z,Record Goods Receipt
NONE,649519.0,2000000047_00001,2018-10-08T07:50:00.000Z,Record Service Entry Sheet
user_001,649519.0,2000000047_00001,2018-10-08T10:20:00.000Z,Record Invoice Receipt
user_013,649519.0,2000000047_00001,2018-10-08T11:49:00.000Z,Record Invoice Receipt
user_015,649519.0,2000000047_00001,2018-10-08T13:09:00.000Z,Remove Payment Block
NONE,649519.0,2000000047_00001,2018-10-09T21:59:00.000Z,Vendor creates invoice
user_000,649519.0,2000000047_00001,2018-10-11T07:02:00.000Z,Record Goods Receipt
NONE,649519.0,2000000047_00001,2018-10-11T07:02:00.000Z,Record Service Entry Sheet
user_012,649519.0,2000000047_00001,2018-10-12T13:25:00.000Z,Record Invoice Receipt
user_005,649519.0,2000000047_00001,2018-10-26T09:02:00.000Z,Clear Invoice
user_005,649519.0,2000000047_00001,2018-10-26T09:03:00.000Z,Clear Invoice
user_002,649519.0,2000000047_00001,2018-11-01T15:26:00.000Z,Clear Invoice
NONE,649519.0,2000000047_00001,2018-11-02T22:59:00.000Z,Vendor creates invoice
user_000,649519.0,2000000047_00001,2018-11-05T08:15:00.000Z,Record Goods Receipt
NONE,649519.0,2000000047_00001,2018-11-05T08:15:00.000Z,Record Service Entry Sheet
NONE,649519.0,2000000047_00001,2018-11-05T22:59:00.000Z,Vendor creates invoice
user_014,649519.0,2000000047_00001,2018-11-08T13:09:00.000Z,SRM: Created
user_014,649519.0,2000000047_00001,2018-11-08T14:09:00.000Z,SRM: Complete
user_014,649519.0,2000000047_00001,2018-11-08T14:09:00.000Z,SRM: Awaiting Approval
user_014,649519.0,2000000047_00001,2018-11-08T14:09:00.000Z,SRM: Document Completed
NONE,649519.0,2000000047_00001,2018-11-08T22:59:00.000Z,Vendor creates invoice
user_000,649519.0,2000000047_00001,2018-11-12T10:26:00.000Z,Record Goods Receipt
NONE,649519.0,2000000047_00001,2018-11-12T10:26:00.000Z,Record Service Entry Sheet
user_020,649519.0,2000000047_00001,2018-11-12T14:50:00.000Z,Record Invoice Receipt
batch_00,649519.0,2000000047_00001,2018-11-12T19:43:00.000Z,SRM: In Transfer to Execution Syst.
batch_00,649519.0,2000000047_00001,2018-11-12T19:43:00.000Z,SRM: Ordered
batch_00,649519.0,2000000047_00001,2018-11-12T19:43:00.000Z,SRM: Deleted
user_000,649519.0,2000000047_00001,2018-11-13T07:54:00.000Z,Record Goods Receipt
NONE,649519.0,2000000047_00001,2018-11-13T07:54:00.000Z,Record Service Entry Sheet
user_000,649519.0,2000000047_00001,2018-11-13T08:30:00.000Z,Record Goods Receipt
NONE,649519.0,2000000047_00001,2018-11-13T08:30:00.000Z,Record Service Entry Sheet
user_001,649519.0,2000000047_00001,2018-11-14T13:35:00.000Z,Record Invoice Receipt
user_019,649519.0,2000000047_00001,2018-11-15T08:20:00.000Z,Record Invoice Receipt
user_015,649519.0,2000000047_00001,2018-11-19T05:03:00.000Z,Remove Payment Block
user_002,649519.0,2000000047_00001,2018-11-22T13:54:00.000Z,Clear Invoice
user_001,649519.0,2000000047_00001,2018-11-23T12:23:00.000Z,Record Invoice Receipt
NONE,649519.0,2000000047_00001,2018-11-27T22:59:00.000Z,Vendor creates invoice
user_000,649519.0,2000000047_00001,2018-11-29T10:58:00.000Z,Record Goods Receipt
NONE,649519.0,2000000047_00001,2018-11-29T10:58:00.000Z,Record Service Entry Sheet
user_002,649519.0,2000000047_00001,2018-11-29T15:15:00.000Z,Clear Invoice
user_002,649519.0,2000000047_00001,2018-11-29T15:15:00.000Z,Clear Invoice
user_012,649519.0,2000000047_00001,2018-12-03T09:41:00.000Z,Record Invoice Receipt
NONE,649519.0,2000000047_00001,2018-12-04T22:59:00.000Z,Vendor creates invoice
user_000,649519.0,2000000047_00001,2018-12-06T09:15:00.000Z,Record Goods Receipt
NONE,649519.0,2000000047_00001,2018-12-06T09:15:00.000Z,Record Service Entry Sheet
user_000,649519.0,2000000047_00001,2018-12-07T07:15:00.000Z,Record Goods Receipt
NONE,649519.0,2000000047_00001,2018-12-07T07:15:00.000Z,Record Service Entry Sheet
user_000,649519.0,2000000047_00001,2018-12-07T07:19:00.000Z,Record Goods Receipt
NONE,649519.0,2000000047_00001,2018-12-07T07:19:00.000Z,Record Service Entry Sheet
user_002,649519.0,2000000047_00001,2018-12-07T08:06:00.000Z,Clear Invoice
user_012,649519.0,2000000047_00001,2018-12-07T10:50:00.000Z,Record Invoice Receipt
user_001,649519.0,2000000047_00001,2018-12-10T07:12:00.000Z,Record Invoice Receipt
user_001,649519.0,2000000047_00001,2018-12-10T07:17:00.000Z,Record Invoice Receipt
NONE,649519.0,2000000047_00001,2018-12-10T22:59:00.000Z,Vendor creates invoice
user_000,649519.0,2000000047_00001,2018-12-13T07:56:00.000Z,Record Goods Receipt
NONE,649519.0,2000000047_00001,2018-12-13T07:56:00.000Z,Record Service Entry Sheet
user_001,649519.0,2000000047_00001,2018-12-18T07:47:00.000Z,Record Invoice Receipt
user_015,1299038.0,2000000047_00001,2018-12-24T07:18:00.000Z,Remove Payment Block
NONE,649519.0,2000000047_00001,2019-01-02T22:59:00.000Z,Vendor creates invoice
user_005,649519.0,2000000047_00001,2019-01-03T15:12:00.000Z,Clear Invoice
NONE,649519.0,2000000047_00001,2019-01-03T22:59:00.000Z,Vendor creates invoice
NONE,649519.0,2000000047_00001,2019-01-03T22:59:00.000Z,Clear Invoice
user_000,649519.0,2000000047_00001,2019-01-04T09:58:00.000Z,Record Goods Receipt
NONE,649519.0,2000000047_00001,2019-01-04T09:58:00.000Z,Record Service Entry Sheet
user_000,649519.0,2000000047_00001,2019-01-04T10:03:00.000Z,Record Goods Receipt
NONE,649519.0,2000000047_00001,2019-01-04T10:03:00.000Z,Record Service Entry Sheet
user_000,649519.0,2000000047_00001,2019-01-04T10:07:00.000Z,Record Goods Receipt
NONE,649519.0,2000000047_00001,2019-01-04T10:07:00.000Z,Record Service Entry Sheet
user_000,649519.0,2000000047_00001,2019-01-04T11:24:00.000Z,Record Goods Receipt
NONE,649519.0,2000000047_00001,2019-01-04T11:24:00.000Z,Record Service Entry Sheet
user_012,649519.0,2000000047_00001,2019-01-04T14:34:00.000Z,Record Invoice Receipt
user_013,649519.0,2000000047_00001,2019-01-08T08:46:00.000Z,Record Invoice Receipt
user_012,649519.0,2000000047_00001,2019-01-09T08:28:00.000Z,Record Invoice Receipt
user_012,649519.0,2000000047_00001,2019-01-09T08:38:00.000Z,Record Invoice Receipt
user_002,649519.0,2000000047_00001,2019-01-10T14:45:00.000Z,Clear Invoice
batch_00,828.0,2000000048_00001,2018-01-17T14:36:00.000Z,SRM: Created
batch_00,828.0,2000000048_00001,2018-01-17T15:36:00.000Z,SRM: Complete
batch_00,828.0,2000000048_00001,2018-01-17T15:36:00.000Z,SRM: Awaiting Approval
batch_00,828.0,2000000048_00001,2018-01-17T15:36:00.000Z,SRM: Document Completed
batch_00,828.0,2000000048_00001,2018-01-17T15:36:00.000Z,SRM: In Transfer to Execution Syst.
batch_00,828.0,2000000048_00001,2018-01-17T15:36:00.000Z,SRM: Ordered
batch_00,828.0,2000000048_00001,2018-01-17T15:36:00.000Z,SRM: Change was Transmitted
user_000,828.0,2000000048_00001,2018-01-17T15:36:00.000Z,Create Purchase Order Item
NONE,828.0,2000000048_00001,2018-01-19T22:59:00.000Z,Vendor creates invoice
user_000,828.0,2000000048_00001,2018-01-23T13:47:00.000Z,Record Goods Receipt
NONE,828.0,2000000048_00001,2018-01-23T13:47:00.000Z,Record Service Entry Sheet
user_024,828.0,2000000048_00001,2018-02-05T08:48:00.000Z,Record Invoice Receipt
user_005,828.0,2000000048_00001,2018-03-15T13:13:00.000Z,Clear Invoice
batch_00,412.0,2000000049_00001,2018-01-18T12:29:00.000Z,SRM: Created
batch_00,412.0,2000000049_00001,2018-01-18T13:29:00.000Z,SRM: Complete
batch_00,412.0,2000000049_00001,2018-01-18T13:29:00.000Z,SRM: Awaiting Approval
batch_00,412.0,2000000049_00001,2018-01-18T13:29:00.000Z,SRM: Document Completed
batch_00,412.0,2000000049_00001,2018-01-18T13:29:00.000Z,SRM: In Transfer to Execution Syst.
batch_00,412.0,2000000049_00001,2018-01-18T13:29:00.000Z,SRM: Ordered
batch_00,412.0,2000000049_00001,2018-01-18T13:29:00.000Z,SRM: Change was Transmitted
user_000,412.0,2000000049_00001,2018-01-18T13:29:00.000Z,Create Purchase Order Item
NONE,412.0,2000000049_00001,2018-02-28T22:59:00.000Z,Vendor creates invoice
user_000,412.0,2000000049_00001,2018-03-05T09:52:00.000Z,Record Goods Receipt
batch_00,412.0,2000000049_00001,2018-03-09T16:17:00.000Z,Record Invoice Receipt
user_002,412.0,2000000049_00001,2018-05-09T12:10:00.000Z,Clear Invoice
batch_00,2726.0,2000000050_00001,2018-01-18T13:11:00.000Z,SRM: Created
batch_00,2726.0,2000000050_00001,2018-01-18T14:11:00.000Z,SRM: Complete
batch_00,2726.0,2000000050_00001,2018-01-18T14:11:00.000Z,SRM: Awaiting Approval
batch_00,2726.0,2000000050_00001,2018-01-18T14:11:00.000Z,SRM: Document Completed
batch_00,2726.0,2000000050_00001,2018-01-18T14:11:00.000Z,SRM: In Transfer to Execution Syst.
batch_00,2726.0,2000000050_00001,2018-01-18T14:11:00.000Z,SRM: Ordered
batch_00,2726.0,2000000050_00001,2018-01-18T14:11:00.000Z,SRM: Change was Transmitted
user_000,2726.0,2000000050_00001,2018-01-18T14:11:00.000Z,Create Purchase Order Item
user_000,2726.0,2000000050_00001,2018-02-06T15:36:00.000Z,Record Goods Receipt
NONE,2726.0,2000000050_00001,2018-02-07T22:59:00.000Z,Vendor creates invoice
batch_00,2726.0,2000000050_00001,2018-03-22T08:03:00.000Z,Record Invoice Receipt
user_002,2726.0,2000000050_00001,2018-04-05T13:49:00.000Z,Clear Invoice
batch_00,33.0,2000000051_00001,2018-01-18T13:23:00.000Z,SRM: Created
batch_00,33.0,2000000051_00001,2018-01-18T14:24:00.000Z,SRM: Complete
batch_00,33.0,2000000051_00001,2018-01-18T14:24:00.000Z,SRM: Awaiting Approval
batch_00,33.0,2000000051_00001,2018-01-18T14:24:00.000Z,SRM: Document Completed
batch_00,33.0,2000000051_00001,2018-01-18T14:24:00.000Z,SRM: In Transfer to Execution Syst.
batch_00,33.0,2000000051_00001,2018-01-18T14:24:00.000Z,SRM: Ordered
batch_00,33.0,2000000051_00001,2018-01-18T14:24:00.000Z,SRM: Change was Transmitted
user_000,33.0,2000000051_00001,2018-01-18T14:24:00.000Z,Create Purchase Order Item
NONE,33.0,2000000051_00001,2018-01-19T22:59:00.000Z,Vendor creates invoice
user_000,33.0,2000000051_00001,2018-01-23T14:16:00.000Z,Record Goods Receipt
user_018,33.0,2000000051_00001,2018-02-07T14:20:00.000Z,Record Invoice Receipt
user_005,33.0,2000000051_00001,2018-03-08T12:20:00.000Z,Clear Invoice
batch_00,2165.0,2000000052_00001,2018-01-18T15:42:00.000Z,SRM: Created
batch_00,2165.0,2000000052_00001,2018-01-18T16:42:00.000Z,SRM: Complete
batch_00,2165.0,2000000052_00001,2018-01-18T16:42:00.000Z,SRM: Awaiting Approval
batch_00,2165.0,2000000052_00001,2018-01-18T16:42:00.000Z,SRM: Document Completed
batch_00,2165.0,2000000052_00001,2018-01-18T16:42:00.000Z,SRM: Ordered
batch_00,2165.0,2000000052_00001,2018-01-18T16:42:00.000Z,SRM: In Transfer to Execution Syst.
user_000,2165.0,2000000052_00001,2018-01-18T16:42:00.000Z,Create Purchase Order Item
batch_00,2165.0,2000000052_00001,2018-01-18T16:42:00.000Z,SRM: Change was Transmitted
user_000,2165.0,2000000052_00001,2018-03-19T12:58:00.000Z,Record Goods Receipt
NONE,2165.0,2000000052_00001,2018-03-19T12:58:00.000Z,Record Service Entry Sheet
batch_01,2165.0,2000000052_00001,2018-12-03T01:28:00.000Z,Record Invoice Receipt
batch_00,43.0,2000000053_00001,2018-01-19T08:21:00.000Z,SRM: Created
batch_00,43.0,2000000053_00001,2018-01-19T09:21:00.000Z,SRM: Complete
batch_00,43.0,2000000053_00001,2018-01-19T09:21:00.000Z,SRM: Awaiting Approval
batch_00,43.0,2000000053_00001,2018-01-19T09:21:00.000Z,SRM: Document Completed
batch_00,43.0,2000000053_00001,2018-01-19T09:21:00.000Z,SRM: In Transfer to Execution Syst.
batch_00,43.0,2000000053_00001,2018-01-19T09:21:00.000Z,SRM: Ordered
batch_00,43.0,2000000053_00001,2018-01-19T09:21:00.000Z,SRM: Change was Transmitted
user_000,43.0,2000000053_00001,2018-01-19T09:21:00.000Z,Create Purchase Order Item
user_022,43.0,2000000053_00001,2018-01-29T07:17:00.000Z,SRM: Created
user_022,43.0,2000000053_00001,2018-01-29T08:18:00.000Z,SRM: Complete
user_022,43.0,2000000053_00001,2018-01-29T08:18:00.000Z,SRM: Awaiting Approval
user_022,43.0,2000000053_00001,2018-01-29T08:18:00.000Z,SRM: Document Completed
batch_00,43.0,2000000053_00001,2018-01-29T08:18:00.000Z,SRM: In Transfer to Execution Syst.
user_022,43.0,2000000053_00001,2018-01-29T08:18:00.000Z,SRM: In Transfer to Execution Syst.
batch_00,43.0,2000000053_00001,2018-01-29T08:18:00.000Z,SRM: Ordered
batch_00,43.0,2000000053_00001,2018-01-29T08:18:00.000Z,SRM: Deleted
user_000,43.0,2000000053_00001,2018-01-29T08:18:00.000Z,Delete Purchase Order Item
user_022,43.0,2000000053_00001,2018-01-29T08:18:00.000Z,SRM: Transaction Completed
batch_00,179.0,2000000054_00001,2018-01-19T08:21:00.000Z,SRM: Created
batch_00,179.0,2000000054_00001,2018-01-19T09:21:00.000Z,SRM: Complete
batch_00,179.0,2000000054_00001,2018-01-19T09:21:00.000Z,SRM: Awaiting Approval
batch_00,179.0,2000000054_00001,2018-01-19T09:21:00.000Z,SRM: Document Completed
batch_00,179.0,2000000054_00001,2018-01-19T09:21:00.000Z,SRM: In Transfer to Execution Syst.
batch_00,179.0,2000000054_00001,2018-01-19T09:21:00.000Z,SRM: Ordered
batch_00,179.0,2000000054_00001,2018-01-19T09:21:00.000Z,SRM: Change was Transmitted
user_000,179.0,2000000054_00001,2018-01-19T09:21:00.000Z,Create Purchase Order Item
user_004,179.0,2000000054_00001,2018-01-23T13:51:00.000Z,Record Invoice Receipt
NONE,179.0,2000000054_00001,2018-01-23T22:59:00.000Z,Vendor creates invoice
user_000,179.0,2000000054_00001,2018-01-24T15:04:00.000Z,Record Goods Receipt
user_006,179.0,2000000054_00001,2018-01-24T15:44:00.000Z,Remove Payment Block
user_002,179.0,2000000054_00001,2018-03-29T13:06:00.000Z,Clear Invoice
batch_00,23.0,2000000054_00002,2018-01-19T08:21:00.000Z,SRM: Created
batch_00,23.0,2000000054_00002,2018-01-19T09:21:00.000Z,SRM: Complete
batch_00,23.0,2000000054_00002,2018-01-19T09:21:00.000Z,SRM: Awaiting Approval
batch_00,23.0,2000000054_00002,2018-01-19T09:21:00.000Z,SRM: Document Completed
batch_00,23.0,2000000054_00002,2018-01-19T09:21:00.000Z,SRM: In Transfer to Execution Syst.
batch_00,23.0,2000000054_00002,2018-01-19T09:21:00.000Z,SRM: Ordered
batch_00,23.0,2000000054_00002,2018-01-19T09:21:00.000Z,SRM: Change was Transmitted
user_000,23.0,2000000054_00002,2018-01-19T09:21:00.000Z,Create Purchase Order Item
NONE,23.0,2000000054_00002,2018-01-22T22:59:00.000Z,Vendor creates invoice
user_000,23.0,2000000054_00002,2018-01-23T11:58:00.000Z,Record Goods Receipt
user_024,23.0,2000000054_00002,2018-02-05T08:40:00.000Z,Record Invoice Receipt
user_002,23.0,2000000054_00002,2018-03-29T13:06:00.000Z,Clear Invoice
batch_00,526.0,2000000054_00003,2018-01-19T08:21:00.000Z,SRM: Created
batch_00,526.0,2000000054_00003,2018-01-19T09:21:00.000Z,SRM: Complete
batch_00,526.0,2000000054_00003,2018-01-19T09:21:00.000Z,SRM: Awaiting Approval
batch_00,526.0,2000000054_00003,2018-01-19T09:21:00.000Z,SRM: Document Completed
batch_00,526.0,2000000054_00003,2018-01-19T09:21:00.000Z,SRM: In Transfer to Execution Syst.
batch_00,526.0,2000000054_00003,2018-01-19T09:21:00.000Z,SRM: Ordered
batch_00,526.0,2000000054_00003,2018-01-19T09:21:00.000Z,SRM: Change was Transmitted
user_000,526.0,2000000054_00003,2018-01-19T09:21:00.000Z,Create Purchase Order Item
user_024,526.0,2000000054_00003,2018-01-24T09:39:00.000Z,Record Invoice Receipt
user_000,526.0,2000000054_00003,2018-01-24T15:04:00.000Z,Record Goods Receipt
user_006,526.0,2000000054_00003,2018-01-24T15:44:00.000Z,Remove Payment Block
NONE,526.0,2000000054_00003,2018-01-24T22:59:00.000Z,Vendor creates invoice
user_002,526.0,2000000054_00003,2018-03-29T13:06:00.000Z,Clear Invoice
batch_00,459.0,2000000054_00004,2018-01-19T08:21:00.000Z,SRM: Created
batch_00,459.0,2000000054_00004,2018-01-19T09:21:00.000Z,SRM: Complete
batch_00,459.0,2000000054_00004,2018-01-19T09:21:00.000Z,SRM: Awaiting Approval
batch_00,459.0,2000000054_00004,2018-01-19T09:21:00.000Z,SRM: Document Completed
batch_00,459.0,2000000054_00004,2018-01-19T09:21:00.000Z,SRM: In Transfer to Execution Syst.
batch_00,459.0,2000000054_00004,2018-01-19T09:21:00.000Z,SRM: Ordered
batch_00,459.0,2000000054_00004,2018-01-19T09:21:00.000Z,SRM: Change was Transmitted
user_000,459.0,2000000054_00004,2018-01-19T09:21:00.000Z,Create Purchase Order Item
user_000,459.0,2000000054_00004,2018-01-23T11:58:00.000Z,Record Goods Receipt
user_004,459.0,2000000054_00004,2018-01-23T13:51:00.000Z,Record Invoice Receipt
NONE,459.0,2000000054_00004,2018-01-23T22:59:00.000Z,Vendor creates invoice
user_006,459.0,2000000054_00004,2018-01-24T15:44:00.000Z,Remove Payment Block
user_002,459.0,2000000054_00004,2018-03-29T13:06:00.000Z,Clear Invoice
batch_00,433012.0,2000000055_00001,2018-01-19T10:48:00.000Z,SRM: Created
batch_00,433012.0,2000000055_00001,2018-01-19T11:48:00.000Z,SRM: Complete
batch_00,433012.0,2000000055_00001,2018-01-19T11:48:00.000Z,SRM: Awaiting Approval
batch_00,433012.0,2000000055_00001,2018-01-19T11:48:00.000Z,SRM: Document Completed
batch_00,433012.0,2000000055_00001,2018-01-19T11:48:00.000Z,SRM: In Transfer to Execution Syst.
batch_00,433012.0,2000000055_00001,2018-01-19T11:48:00.000Z,SRM: Ordered
user_000,433012.0,2000000055_00001,2018-01-19T11:48:00.000Z,Create Purchase Order Item
batch_00,433012.0,2000000055_00001,2018-01-19T11:48:00.000Z,SRM: Change was Transmitted
NONE,433012.0,2000000055_00001,2018-02-02T22:59:00.000Z,Vendor creates invoice
user_000,433012.0,2000000055_00001,2018-02-13T10:58:00.000Z,Record Goods Receipt
NONE,433012.0,2000000055_00001,2018-02-13T10:58:00.000Z,Record Service Entry Sheet
batch_00,433012.0,2000000055_00001,2018-02-13T11:58:00.000Z,Record Invoice Receipt
user_002,433012.0,2000000055_00001,2018-02-22T15:18:00.000Z,Clear Invoice
NONE,433012.0,2000000055_00001,2018-03-02T22:59:00.000Z,Vendor creates invoice
user_000,433012.0,2000000055_00001,2018-03-13T13:31:00.000Z,Record Goods Receipt
NONE,433012.0,2000000055_00001,2018-03-13T13:31:00.000Z,Record Service Entry Sheet
batch_00,433012.0,2000000055_00001,2018-03-13T18:04:00.000Z,Record Invoice Receipt
user_005,433012.0,2000000055_00001,2018-03-22T12:32:00.000Z,Clear Invoice
NONE,433012.0,2000000055_00001,2018-04-03T21:59:00.000Z,Vendor creates invoice
user_000,433012.0,2000000055_00001,2018-04-04T10:35:00.000Z,Record Goods Receipt
NONE,433012.0,2000000055_00001,2018-04-04T10:35:00.000Z,Record Service Entry Sheet
batch_00,433012.0,2000000055_00001,2018-04-09T14:54:00.000Z,Record Invoice Receipt
user_002,433012.0,2000000055_00001,2018-04-26T09:16:00.000Z,Clear Invoice
NONE,433012.0,2000000055_00001,2018-05-04T21:59:00.000Z,Vendor creates invoice
user_000,433012.0,2000000055_00001,2018-05-14T09:09:00.000Z,Record Goods Receipt
NONE,433012.0,2000000055_00001,2018-05-14T09:09:00.000Z,Record Service Entry Sheet
batch_00,433012.0,2000000055_00001,2018-05-14T10:52:00.000Z,Record Invoice Receipt
user_002,433012.0,2000000055_00001,2018-05-24T11:36:00.000Z,Clear Invoice
NONE,433012.0,2000000055_00001,2018-06-05T21:59:00.000Z,Vendor creates invoice
user_000,433012.0,2000000055_00001,2018-06-08T14:27:00.000Z,Record Goods Receipt
NONE,433012.0,2000000055_00001,2018-06-08T14:27:00.000Z,Record Service Entry Sheet
user_013,433012.0,2000000055_00001,2018-06-12T13:06:00.000Z,Record Invoice Receipt
user_002,433012.0,2000000055_00001,2018-06-28T12:06:00.000Z,Clear Invoice
NONE,433012.0,2000000055_00001,2018-07-04T21:59:00.000Z,Vendor creates invoice
user_025,433012.0,2000000055_00001,2018-07-06T12:10:00.000Z,SRM: In Transfer to Execution Syst.
user_000,433012.0,2000000055_00001,2018-07-09T16:01:00.000Z,Record Goods Receipt
NONE,433012.0,2000000055_00001,2018-07-09T16:01:00.000Z,Record Service Entry Sheet
user_019,433012.0,2000000055_00001,2018-07-10T11:13:00.000Z,Record Invoice Receipt
user_002,433012.0,2000000055_00001,2018-07-26T16:09:00.000Z,Clear Invoice
NONE,433012.0,2000000055_00001,2018-07-27T21:59:00.000Z,Vendor creates invoice
user_000,433012.0,2000000055_00001,2018-07-31T10:26:00.000Z,Record Goods Receipt
NONE,433012.0,2000000055_00001,2018-07-31T10:26:00.000Z,Record Service Entry Sheet
user_012,433012.0,2000000055_00001,2018-08-10T08:00:00.000Z,Record Invoice Receipt
user_002,433012.0,2000000055_00001,2018-08-16T13:03:00.000Z,Clear Invoice
NONE,433012.0,2000000055_00001,2018-09-04T21:59:00.000Z,Vendor creates invoice
user_000,433012.0,2000000055_00001,2018-09-12T21:03:00.000Z,Record Goods Receipt
NONE,433012.0,2000000055_00001,2018-09-12T21:03:00.000Z,Record Service Entry Sheet
user_020,433012.0,2000000055_00001,2018-09-13T09:33:00.000Z,Record Invoice Receipt
user_002,433012.0,2000000055_00001,2018-09-28T08:29:00.000Z,Clear Invoice
NONE,433012.0,2000000055_00001,2018-10-05T21:59:00.000Z,Vendor creates invoice
user_000,433012.0,2000000055_00001,2018-10-10T21:01:00.000Z,Record Goods Receipt
NONE,433012.0,2000000055_00001,2018-10-10T21:01:00.000Z,Record Service Entry Sheet
user_001,433012.0,2000000055_00001,2018-10-12T10:55:00.000Z,Record Invoice Receipt
user_005,433012.0,2000000055_00001,2018-10-26T09:04:00.000Z,Clear Invoice
NONE,433012.0,2000000055_00001,2018-11-08T22:59:00.000Z,Vendor creates invoice
user_000,433012.0,2000000055_00001,2018-11-14T22:03:00.000Z,Record Goods Receipt
NONE,433012.0,2000000055_00001,2018-11-14T22:03:00.000Z,Record Service Entry Sheet
user_019,433012.0,2000000055_00001,2018-11-15T10:48:00.000Z,Record Invoice Receipt
user_002,433012.0,2000000055_00001,2018-11-29T15:16:00.000Z,Clear Invoice
NONE,433012.0,2000000055_00001,2018-12-05T22:59:00.000Z,Vendor creates invoice
user_000,433012.0,2000000055_00001,2018-12-10T22:58:00.000Z,Record Goods Receipt
NONE,433012.0,2000000055_00001,2018-12-10T22:58:00.000Z,Record Service Entry Sheet
user_012,433012.0,2000000055_00001,2018-12-11T09:47:00.000Z,Record Invoice Receipt
NONE,433012.0,2000000055_00001,2018-12-18T22:59:00.000Z,Vendor creates invoice
user_000,433012.0,2000000055_00001,2018-12-19T16:13:00.000Z,Record Goods Receipt
NONE,433012.0,2000000055_00001,2018-12-19T16:13:00.000Z,Record Service Entry Sheet
user_013,433012.0,2000000055_00001,2018-12-19T16:55:00.000Z,Record Invoice Receipt
NONE,433012.0,2000000055_00001,2019-01-04T22:59:00.000Z,Clear Invoice
user_002,433012.0,2000000055_00001,2019-01-10T14:46:00.000Z,Clear Invoice
batch_00,41569.0,2000000056_00001,2018-01-19T10:48:00.000Z,SRM: Created
batch_00,41569.0,2000000056_00001,2018-01-19T11:48:00.000Z,SRM: Complete
batch_00,41569.0,2000000056_00001,2018-01-19T11:48:00.000Z,SRM: Awaiting Approval
batch_00,41569.0,2000000056_00001,2018-01-19T11:48:00.000Z,SRM: Document Completed
batch_00,41569.0,2000000056_00001,2018-01-19T11:48:00.000Z,SRM: Ordered
batch_00,41569.0,2000000056_00001,2018-01-19T11:48:00.000Z,SRM: In Transfer to Execution Syst.
batch_00,41569.0,2000000056_00001,2018-01-19T11:48:00.000Z,SRM: Change was Transmitted
user_000,41569.0,2000000056_00001,2018-01-19T11:48:00.000Z,Create Purchase Order Item
NONE,41569.0,2000000056_00001,2018-02-02T22:59:00.000Z,Vendor creates invoice
user_000,41569.0,2000000056_00001,2018-02-12T13:07:00.000Z,Record Goods Receipt
NONE,41569.0,2000000056_00001,2018-02-12T13:07:00.000Z,Record Service Entry Sheet
batch_00,41569.0,2000000056_00001,2018-02-12T18:05:00.000Z,Record Invoice Receipt
user_002,41569.0,2000000056_00001,2018-02-22T15:18:00.000Z,Clear Invoice
NONE,41569.0,2000000056_00001,2018-03-02T22:59:00.000Z,Vendor creates invoice
user_000,41569.0,2000000056_00001,2018-03-13T12:59:00.000Z,Record Goods Receipt
NONE,41569.0,2000000056_00001,2018-03-13T12:59:00.000Z,Record Service Entry Sheet
batch_00,41569.0,2000000056_00001,2018-03-13T18:05:00.000Z,Record Invoice Receipt
user_005,41569.0,2000000056_00001,2018-03-22T12:32:00.000Z,Clear Invoice
NONE,41569.0,2000000056_00001,2018-04-03T21:59:00.000Z,Vendor creates invoice
user_000,41569.0,2000000056_00001,2018-04-04T10:18:00.000Z,Record Goods Receipt
NONE,41569.0,2000000056_00001,2018-04-04T10:18:00.000Z,Record Service Entry Sheet
batch_00,41569.0,2000000056_00001,2018-04-04T11:04:00.000Z,Record Invoice Receipt
user_002,41569.0,2000000056_00001,2018-04-26T09:16:00.000Z,Clear Invoice
NONE,41569.0,2000000056_00001,2018-05-04T21:59:00.000Z,Vendor creates invoice
user_000,41569.0,2000000056_00001,2018-05-14T08:51:00.000Z,Record Goods Receipt
NONE,41569.0,2000000056_00001,2018-05-14T08:51:00.000Z,Record Service Entry Sheet
batch_00,41569.0,2000000056_00001,2018-05-14T11:08:00.000Z,Record Invoice Receipt
user_002,41569.0,2000000056_00001,2018-05-24T11:36:00.000Z,Clear Invoice
NONE,41569.0,2000000056_00001,2018-06-04T21:59:00.000Z,Vendor creates invoice
user_000,41569.0,2000000056_00001,2018-06-04T22:55:00.000Z,Record Goods Receipt
NONE,41569.0,2000000056_00001,2018-06-04T22:55:00.000Z,Record Service Entry Sheet
user_001,41569.0,2000000056_00001,2018-06-06T15:56:00.000Z,Record Invoice Receipt
user_002,41569.0,2000000056_00001,2018-06-28T12:06:00.000Z,Clear Invoice
NONE,41569.0,2000000056_00001,2018-07-04T21:59:00.000Z,Vendor creates invoice
user_025,41569.0,2000000056_00001,2018-07-06T12:10:00.000Z,SRM: In Transfer to Execution Syst.
user_000,41569.0,2000000056_00001,2018-07-09T14:49:00.000Z,Record Goods Receipt
NONE,41569.0,2000000056_00001,2018-07-09T14:49:00.000Z,Record Service Entry Sheet
user_013,41569.0,2000000056_00001,2018-07-10T13:17:00.000Z,Record Invoice Receipt
user_002,41569.0,2000000056_00001,2018-07-26T16:09:00.000Z,Clear Invoice
NONE,41569.0,2000000056_00001,2018-07-27T21:59:00.000Z,Vendor creates invoice
user_000,41569.0,2000000056_00001,2018-07-31T11:08:00.000Z,Record Goods Receipt
NONE,41569.0,2000000056_00001,2018-07-31T11:08:00.000Z,Record Service Entry Sheet
batch_00,41569.0,2000000056_00001,2018-07-31T11:17:00.000Z,Record Invoice Receipt
user_002,41569.0,2000000056_00001,2018-08-16T13:03:00.000Z,Clear Invoice
NONE,41569.0,2000000056_00001,2018-09-04T21:59:00.000Z,Vendor creates invoice
user_000,41569.0,2000000056_00001,2018-09-12T15:29:00.000Z,Record Goods Receipt
NONE,41569.0,2000000056_00001,2018-09-12T15:29:00.000Z,Record Service Entry Sheet
user_019,41569.0,2000000056_00001,2018-09-13T10:16:00.000Z,Record Invoice Receipt
user_002,41569.0,2000000056_00001,2018-09-28T08:29:00.000Z,Clear Invoice
NONE,41569.0,2000000056_00001,2018-10-05T21:59:00.000Z,Vendor creates invoice
user_000,41569.0,2000000056_00001,2018-10-10T21:30:00.000Z,Record Goods Receipt
NONE,41569.0,2000000056_00001,2018-10-10T21:30:00.000Z,Record Service Entry Sheet
user_012,41569.0,2000000056_00001,2018-10-11T09:43:00.000Z,Record Invoice Receipt
user_005,41569.0,2000000056_00001,2018-10-26T09:04:00.000Z,Clear Invoice
user_000,41569.0,2000000056_00001,2018-11-14T22:09:00.000Z,Record Goods Receipt
NONE,41569.0,2000000056_00001,2018-11-14T22:09:00.000Z,Record Service Entry Sheet
user_000,41569.0,2000000056_00001,2018-12-10T22:18:00.000Z,Record Goods Receipt
NONE,41569.0,2000000056_00001,2018-12-10T22:18:00.000Z,Record Service Entry Sheet
NONE,41569.0,2000000056_00001,2018-12-18T22:59:00.000Z,Vendor creates invoice
user_000,41569.0,2000000056_00001,2018-12-19T15:41:00.000Z,Record Goods Receipt
NONE,41569.0,2000000056_00001,2018-12-19T15:41:00.000Z,Record Service Entry Sheet
user_001,41569.0,2000000056_00001,2019-01-03T05:38:00.000Z,Record Invoice Receipt
batch_00,277128.0,2000000057_00001,2018-01-19T18:15:00.000Z,SRM: Created
batch_00,277128.0,2000000057_00001,2018-01-19T19:15:00.000Z,SRM: Complete
batch_00,277128.0,2000000057_00001,2018-01-19T19:15:00.000Z,SRM: Awaiting Approval
batch_00,277128.0,2000000057_00001,2018-01-19T19:15:00.000Z,SRM: Document Completed
batch_00,277128.0,2000000057_00001,2018-01-19T19:15:00.000Z,SRM: In Transfer to Execution Syst.
batch_00,277128.0,2000000057_00001,2018-01-19T19:15:00.000Z,SRM: Ordered
batch_00,277128.0,2000000057_00001,2018-01-19T19:15:00.000Z,SRM: Change was Transmitted
user_000,277128.0,2000000057_00001,2018-01-19T19:15:00.000Z,Create Purchase Order Item
NONE,277128.0,2000000057_00001,2018-02-02T22:59:00.000Z,Vendor creates invoice
user_000,277128.0,2000000057_00001,2018-02-13T09:59:00.000Z,Record Goods Receipt
NONE,277128.0,2000000057_00001,2018-02-13T09:59:00.000Z,Record Service Entry Sheet
batch_00,277128.0,2000000057_00001,2018-02-13T11:52:00.000Z,Record Invoice Receipt
user_002,277128.0,2000000057_00001,2018-02-22T15:18:00.000Z,Clear Invoice
NONE,277128.0,2000000057_00001,2018-03-02T22:59:00.000Z,Vendor creates invoice
user_000,277128.0,2000000057_00001,2018-03-14T10:17:00.000Z,Record Goods Receipt
NONE,277128.0,2000000057_00001,2018-03-14T10:17:00.000Z,Record Service Entry Sheet
batch_00,277128.0,2000000057_00001,2018-03-14T11:28:00.000Z,Record Invoice Receipt
user_005,277128.0,2000000057_00001,2018-03-22T12:32:00.000Z,Clear Invoice
NONE,277128.0,2000000057_00001,2018-04-03T21:59:00.000Z,Vendor creates invoice
user_000,277128.0,2000000057_00001,2018-04-04T11:43:00.000Z,Record Goods Receipt
NONE,277128.0,2000000057_00001,2018-04-04T11:43:00.000Z,Record Service Entry Sheet
user_012,277128.0,2000000057_00001,2018-04-06T12:42:00.000Z,Record Invoice Receipt
user_002,277128.0,2000000057_00001,2018-04-26T09:16:00.000Z,Clear Invoice
NONE,277128.0,2000000057_00001,2018-05-15T21:59:00.000Z,Vendor creates invoice
user_000,277128.0,2000000057_00001,2018-05-17T07:30:00.000Z,Record Goods Receipt
NONE,277128.0,2000000057_00001,2018-05-17T07:30:00.000Z,Record Service Entry Sheet
user_001,277128.0,2000000057_00001,2018-05-18T15:59:00.000Z,Record Invoice Receipt
NONE,277128.0,2000000057_00001,2018-06-04T21:59:00.000Z,Vendor creates invoice
user_002,277128.0,2000000057_00001,2018-06-07T11:13:00.000Z,Clear Invoice
user_000,277128.0,2000000057_00001,2018-06-09T00:25:00.000Z,Record Goods Receipt
NONE,277128.0,2000000057_00001,2018-06-09T00:25:00.000Z,Record Service Entry Sheet
user_004,277128.0,2000000057_00001,2018-06-19T07:24:00.000Z,Record Invoice Receipt
user_002,277128.0,2000000057_00001,2018-06-28T12:06:00.000Z,Clear Invoice
NONE,277128.0,2000000057_00001,2018-07-04T21:59:00.000Z,Vendor creates invoice
user_025,277128.0,2000000057_00001,2018-07-06T12:10:00.000Z,SRM: In Transfer to Execution Syst.
user_000,277128.0,2000000057_00001,2018-07-09T16:10:00.000Z,Record Goods Receipt
NONE,277128.0,2000000057_00001,2018-07-09T16:10:00.000Z,Record Service Entry Sheet
user_019,277128.0,2000000057_00001,2018-07-10T12:36:00.000Z,Record Invoice Receipt
user_002,277128.0,2000000057_00001,2018-07-26T16:09:00.000Z,Clear Invoice
NONE,277128.0,2000000057_00001,2018-08-03T21:59:00.000Z,Vendor creates invoice
user_010,277128.0,2000000057_00001,2018-08-29T11:00:00.000Z,SRM: Created
user_010,277128.0,2000000057_00001,2018-08-29T13:00:00.000Z,SRM: Complete
user_010,277128.0,2000000057_00001,2018-08-29T13:00:00.000Z,SRM: Awaiting Approval
user_010,277128.0,2000000057_00001,2018-08-29T13:00:00.000Z,SRM: Document Completed
NONE,277128.0,2000000057_00001,2018-09-04T21:59:00.000Z,Vendor creates invoice
batch_00,277128.0,2000000057_00001,2018-09-20T09:21:00.000Z,SRM: In Transfer to Execution Syst.
batch_00,277128.0,2000000057_00001,2018-09-20T09:21:00.000Z,SRM: Ordered
batch_00,277128.0,2000000057_00001,2018-09-20T09:21:00.000Z,SRM: Deleted
user_000,277128.0,2000000057_00001,2018-09-20T09:21:00.000Z,Change Price
user_000,277128.0,2000000057_00001,2018-09-27T12:37:00.000Z,Record Goods Receipt
NONE,277128.0,2000000057_00001,2018-09-27T12:37:00.000Z,Record Service Entry Sheet
user_000,277128.0,2000000057_00001,2018-09-27T12:39:00.000Z,Record Goods Receipt
NONE,277128.0,2000000057_00001,2018-09-27T12:39:00.000Z,Record Service Entry Sheet
user_013,277128.0,2000000057_00001,2018-09-28T15:25:00.000Z,Record Invoice Receipt
user_001,277128.0,2000000057_00001,2018-10-01T11:16:00.000Z,Record Invoice Receipt
user_002,277128.0,2000000057_00001,2018-10-04T14:50:00.000Z,Clear Invoice
NONE,277128.0,2000000057_00001,2018-10-05T21:59:00.000Z,Vendor creates invoice
user_000,277128.0,2000000057_00001,2018-10-10T21:18:00.000Z,Record Goods Receipt
NONE,277128.0,2000000057_00001,2018-10-10T21:18:00.000Z,Record Service Entry Sheet
user_001,277128.0,2000000057_00001,2018-10-12T10:56:00.000Z,Record Invoice Receipt
user_005,277128.0,2000000057_00001,2018-10-26T09:04:00.000Z,Clear Invoice
NONE,277128.0,2000000057_00001,2018-11-05T22:59:00.000Z,Vendor creates invoice
user_000,277128.0,2000000057_00001,2018-11-07T22:49:00.000Z,Record Goods Receipt
NONE,277128.0,2000000057_00001,2018-11-07T22:49:00.000Z,Record Service Entry Sheet
user_012,277128.0,2000000057_00001,2018-11-14T14:28:00.000Z,Record Invoice Receipt
user_002,277128.0,2000000057_00001,2018-11-29T15:16:00.000Z,Clear Invoice
NONE,277128.0,2000000057_00001,2018-12-05T22:59:00.000Z,Vendor creates invoice
user_000,277128.0,2000000057_00001,2018-12-12T10:09:00.000Z,Record Goods Receipt
NONE,277128.0,2000000057_00001,2018-12-12T10:09:00.000Z,Record Service Entry Sheet
user_001,277128.0,2000000057_00001,2018-12-13T05:17:00.000Z,Record Invoice Receipt
NONE,277128.0,2000000057_00001,2018-12-18T22:59:00.000Z,Vendor creates invoice
user_000,277128.0,2000000057_00001,2018-12-19T16:21:00.000Z,Record Goods Receipt
NONE,277128.0,2000000057_00001,2018-12-19T16:21:00.000Z,Record Service Entry Sheet
user_013,277128.0,2000000057_00001,2018-12-19T16:52:00.000Z,Record Invoice Receipt
NONE,277128.0,2000000057_00001,2019-01-04T22:59:00.000Z,Clear Invoice
user_002,277128.0,2000000057_00001,2019-01-10T14:46:00.000Z,Clear Invoice
batch_00,339481.0,2000000058_00001,2018-01-19T18:16:00.000Z,SRM: Created
batch_00,339481.0,2000000058_00001,2018-01-19T19:16:00.000Z,SRM: Complete
batch_00,339481.0,2000000058_00001,2018-01-19T19:16:00.000Z,SRM: Awaiting Approval
batch_00,339481.0,2000000058_00001,2018-01-19T19:16:00.000Z,SRM: Document Completed
batch_00,339481.0,2000000058_00001,2018-01-19T19:16:00.000Z,SRM: In Transfer to Execution Syst.
batch_00,339481.0,2000000058_00001,2018-01-19T19:16:00.000Z,SRM: Ordered
user_000,339481.0,2000000058_00001,2018-01-19T19:16:00.000Z,Create Purchase Order Item
batch_00,339481.0,2000000058_00001,2018-01-19T19:16:00.000Z,SRM: Change was Transmitted
NONE,339481.0,2000000058_00001,2018-02-02T22:59:00.000Z,Vendor creates invoice
NONE,339481.0,2000000058_00001,2018-02-13T10:03:00.000Z,Record Service Entry Sheet
user_000,339481.0,2000000058_00001,2018-02-13T10:03:00.000Z,Record Goods Receipt
batch_00,339481.0,2000000058_00001,2018-02-13T11:53:00.000Z,Record Invoice Receipt
user_002,339481.0,2000000058_00001,2018-02-22T15:18:00.000Z,Clear Invoice
NONE,339481.0,2000000058_00001,2018-03-02T22:59:00.000Z,Vendor creates invoice
NONE,339481.0,2000000058_00001,2018-03-14T10:30:00.000Z,Record Service Entry Sheet
user_000,339481.0,2000000058_00001,2018-03-14T10:30:00.000Z,Record Goods Receipt
batch_00,339481.0,2000000058_00001,2018-03-14T11:27:00.000Z,Record Invoice Receipt
user_005,339481.0,2000000058_00001,2018-03-22T12:32:00.000Z,Clear Invoice
NONE,339481.0,2000000058_00001,2018-04-03T21:59:00.000Z,Vendor creates invoice
NONE,339481.0,2000000058_00001,2018-04-04T11:51:00.000Z,Record Service Entry Sheet
user_000,339481.0,2000000058_00001,2018-04-04T11:51:00.000Z,Record Goods Receipt
user_012,339481.0,2000000058_00001,2018-04-06T12:40:00.000Z,Record Invoice Receipt
user_002,339481.0,2000000058_00001,2018-04-26T09:16:00.000Z,Clear Invoice
NONE,339481.0,2000000058_00001,2018-05-15T21:59:00.000Z,Vendor creates invoice
NONE,339481.0,2000000058_00001,2018-05-17T07:34:00.000Z,Record Service Entry Sheet
user_000,339481.0,2000000058_00001,2018-05-17T07:34:00.000Z,Record Goods Receipt
user_013,339481.0,2000000058_00001,2018-05-18T13:23:00.000Z,Record Invoice Receipt
NONE,339481.0,2000000058_00001,2018-06-04T21:59:00.000Z,Vendor creates invoice
NONE,339481.0,2000000058_00001,2018-06-06T23:30:00.000Z,Record Service Entry Sheet
user_000,339481.0,2000000058_00001,2018-06-06T23:30:00.000Z,Record Goods Receipt
user_012,339481.0,2000000058_00001,2018-06-07T10:03:00.000Z,Record Invoice Receipt
user_002,339481.0,2000000058_00001,2018-06-07T11:13:00.000Z,Clear Invoice
user_002,339481.0,2000000058_00001,2018-06-28T12:06:00.000Z,Clear Invoice
NONE,339481.0,2000000058_00001,2018-07-04T21:59:00.000Z,Vendor creates invoice
user_025,339481.0,2000000058_00001,2018-07-06T12:10:00.000Z,SRM: In Transfer to Execution Syst.
user_016,339481.0,2000000058_00001,2018-07-11T07:25:00.000Z,SRM: Created
user_016,339481.0,2000000058_00001,2018-07-11T09:25:00.000Z,SRM: Complete
user_016,339481.0,2000000058_00001,2018-07-11T09:25:00.000Z,SRM: Awaiting Approval
user_016,339481.0,2000000058_00001,2018-07-11T09:25:00.000Z,SRM: Document Completed
batch_00,339481.0,2000000058_00001,2018-07-12T06:41:00.000Z,SRM: In Transfer to Execution Syst.
batch_00,339481.0,2000000058_00001,2018-07-12T06:41:00.000Z,SRM: Ordered
batch_00,339481.0,2000000058_00001,2018-07-12T06:41:00.000Z,SRM: Deleted
user_000,339481.0,2000000058_00001,2018-07-12T06:41:00.000Z,Change Price
NONE,339481.0,2000000058_00001,2018-07-19T09:38:00.000Z,Record Service Entry Sheet
user_000,339481.0,2000000058_00001,2018-07-19T09:38:00.000Z,Record Goods Receipt
batch_00,339481.0,2000000058_00001,2018-07-19T10:53:00.000Z,Record Invoice Receipt
user_002,339481.0,2000000058_00001,2018-07-26T16:09:00.000Z,Clear Invoice
NONE,339481.0,2000000058_00001,2018-08-03T21:59:00.000Z,Vendor creates invoice
NONE,339481.0,2000000058_00001,2018-08-24T10:35:00.000Z,Record Service Entry Sheet
user_000,339481.0,2000000058_00001,2018-08-24T10:35:00.000Z,Record Goods Receipt
batch_00,339481.0,2000000058_00001,2018-08-24T11:14:00.000Z,Record Invoice Receipt
user_002,339481.0,2000000058_00001,2018-08-30T13:40:00.000Z,Clear Invoice
NONE,339481.0,2000000058_00001,2018-09-04T21:59:00.000Z,Vendor creates invoice
NONE,339481.0,2000000058_00001,2018-09-12T21:22:00.000Z,Record Service Entry Sheet
user_000,339481.0,2000000058_00001,2018-09-12T21:22:00.000Z,Record Goods Receipt
user_020,339481.0,2000000058_00001,2018-09-13T09:35:00.000Z,Record Invoice Receipt
user_010,339481.0,2000000058_00001,2018-09-20T03:41:00.000Z,SRM: Created
user_010,339481.0,2000000058_00001,2018-09-20T05:41:00.000Z,SRM: Complete
user_010,339481.0,2000000058_00001,2018-09-20T05:41:00.000Z,SRM: Awaiting Approval
user_010,339481.0,2000000058_00001,2018-09-20T05:41:00.000Z,SRM: Document Completed
batch_00,339481.0,2000000058_00001,2018-09-20T09:21:00.000Z,SRM: In Transfer to Execution Syst.
batch_00,339481.0,2000000058_00001,2018-09-20T09:22:00.000Z,SRM: Ordered
batch_00,339481.0,2000000058_00001,2018-09-20T09:22:00.000Z,SRM: Deleted
user_000,339481.0,2000000058_00001,2018-09-20T09:22:00.000Z,Change Price
user_002,339481.0,2000000058_00001,2018-09-28T08:29:00.000Z,Clear Invoice
NONE,339481.0,2000000058_00001,2018-10-05T21:59:00.000Z,Vendor creates invoice
NONE,339481.0,2000000058_00001,2018-10-10T21:23:00.000Z,Record Service Entry Sheet
user_000,339481.0,2000000058_00001,2018-10-10T21:23:00.000Z,Record Goods Receipt
user_001,339481.0,2000000058_00001,2018-10-11T08:53:00.000Z,Record Invoice Receipt
user_005,339481.0,2000000058_00001,2018-10-26T09:04:00.000Z,Clear Invoice
NONE,339481.0,2000000058_00001,2018-11-05T22:59:00.000Z,Vendor creates invoice
NONE,339481.0,2000000058_00001,2018-11-07T22:41:00.000Z,Record Service Entry Sheet
user_000,339481.0,2000000058_00001,2018-11-07T22:41:00.000Z,Record Goods Receipt
user_013,339481.0,2000000058_00001,2018-11-14T14:13:00.000Z,Record Invoice Receipt
user_002,339481.0,2000000058_00001,2018-11-29T15:16:00.000Z,Clear Invoice
NONE,339481.0,2000000058_00001,2018-12-05T22:59:00.000Z,Vendor creates invoice
NONE,339481.0,2000000058_00001,2018-12-12T10:12:00.000Z,Record Service Entry Sheet
user_000,339481.0,2000000058_00001,2018-12-12T10:12:00.000Z,Record Goods Receipt
user_012,339481.0,2000000058_00001,2018-12-12T14:25:00.000Z,Record Invoice Receipt
NONE,339481.0,2000000058_00001,2018-12-18T22:59:00.000Z,Vendor creates invoice
NONE,339481.0,2000000058_00001,2018-12-19T16:24:00.000Z,Record Service Entry Sheet
user_000,339481.0,2000000058_00001,2018-12-19T16:24:00.000Z,Record Goods Receipt
user_012,339481.0,2000000058_00001,2018-12-21T08:51:00.000Z,Record Invoice Receipt
NONE,339481.0,2000000058_00001,2019-01-04T22:59:00.000Z,Clear Invoice
user_002,339481.0,2000000058_00001,2019-01-10T14:46:00.000Z,Clear Invoice
batch_00,190525.0,2000000059_00001,2018-01-19T18:14:00.000Z,SRM: Created
batch_00,190525.0,2000000059_00001,2018-01-19T19:14:00.000Z,SRM: Complete
batch_00,190525.0,2000000059_00001,2018-01-19T19:14:00.000Z,SRM: Awaiting Approval
batch_00,190525.0,2000000059_00001,2018-01-19T19:14:00.000Z,SRM: Document Completed
batch_00,190525.0,2000000059_00001,2018-01-19T19:15:00.000Z,SRM: In Transfer to Execution Syst.
batch_00,190525.0,2000000059_00001,2018-01-19T19:15:00.000Z,SRM: Ordered
batch_00,190525.0,2000000059_00001,2018-01-19T19:15:00.000Z,SRM: Change was Transmitted
user_000,190525.0,2000000059_00001,2018-01-19T19:15:00.000Z,Create Purchase Order Item
NONE,190525.0,2000000059_00001,2018-02-02T22:59:00.000Z,Vendor creates invoice
user_000,190525.0,2000000059_00001,2018-02-13T11:18:00.000Z,Record Goods Receipt
NONE,190525.0,2000000059_00001,2018-02-13T11:18:00.000Z,Record Service Entry Sheet
batch_00,190525.0,2000000059_00001,2018-02-13T12:02:00.000Z,Record Invoice Receipt
user_002,190525.0,2000000059_00001,2018-02-22T15:18:00.000Z,Clear Invoice
NONE,190525.0,2000000059_00001,2018-03-02T22:59:00.000Z,Vendor creates invoice
user_000,190525.0,2000000059_00001,2018-03-14T08:39:00.000Z,Record Goods Receipt
NONE,190525.0,2000000059_00001,2018-03-14T08:39:00.000Z,Record Service Entry Sheet
batch_00,190525.0,2000000059_00001,2018-03-14T11:31:00.000Z,Record Invoice Receipt
user_005,190525.0,2000000059_00001,2018-03-22T12:32:00.000Z,Clear Invoice
NONE,190525.0,2000000059_00001,2018-04-04T21:59:00.000Z,Vendor creates invoice
user_000,190525.0,2000000059_00001,2018-04-06T06:51:00.000Z,Record Goods Receipt
NONE,190525.0,2000000059_00001,2018-04-06T06:51:00.000Z,Record Service Entry Sheet
user_012,190525.0,2000000059_00001,2018-04-06T12:10:00.000Z,Record Invoice Receipt
user_002,190525.0,2000000059_00001,2018-04-26T09:16:00.000Z,Clear Invoice
NONE,190525.0,2000000059_00001,2018-05-04T21:59:00.000Z,Vendor creates invoice
user_000,190525.0,2000000059_00001,2018-05-14T11:03:00.000Z,Record Goods Receipt
NONE,190525.0,2000000059_00001,2018-05-14T11:03:00.000Z,Record Service Entry Sheet
batch_00,190525.0,2000000059_00001,2018-05-14T11:04:00.000Z,Record Invoice Receipt
user_002,190525.0,2000000059_00001,2018-05-24T11:36:00.000Z,Clear Invoice
NONE,190525.0,2000000059_00001,2018-06-04T21:59:00.000Z,Vendor creates invoice
user_000,190525.0,2000000059_00001,2018-06-07T00:00:00.000Z,Record Goods Receipt
NONE,190525.0,2000000059_00001,2018-06-07T00:00:00.000Z,Record Service Entry Sheet
batch_00,190525.0,2000000059_00001,2018-06-07T05:14:00.000Z,Record Invoice Receipt
user_002,190525.0,2000000059_00001,2018-06-28T12:06:00.000Z,Clear Invoice
NONE,190525.0,2000000059_00001,2018-07-04T21:59:00.000Z,Vendor creates invoice
user_025,190525.0,2000000059_00001,2018-07-06T12:10:00.000Z,SRM: In Transfer to Execution Syst.
user_000,190525.0,2000000059_00001,2018-07-09T15:32:00.000Z,Record Goods Receipt
NONE,190525.0,2000000059_00001,2018-07-09T15:32:00.000Z,Record Service Entry Sheet
user_001,190525.0,2000000059_00001,2018-07-12T12:54:00.000Z,Record Invoice Receipt
user_002,190525.0,2000000059_00001,2018-07-26T16:09:00.000Z,Clear Invoice
NONE,190525.0,2000000059_00001,2018-07-27T21:59:00.000Z,Vendor creates invoice
user_000,190525.0,2000000059_00001,2018-07-31T10:42:00.000Z,Record Goods Receipt
NONE,190525.0,2000000059_00001,2018-07-31T10:42:00.000Z,Record Service Entry Sheet
batch_00,190525.0,2000000059_00001,2018-07-31T11:20:00.000Z,Record Invoice Receipt
user_002,190525.0,2000000059_00001,2018-08-16T13:03:00.000Z,Clear Invoice
NONE,190525.0,2000000059_00001,2018-09-04T21:59:00.000Z,Vendor creates invoice
user_000,190525.0,2000000059_00001,2018-09-12T21:11:00.000Z,Record Goods Receipt
NONE,190525.0,2000000059_00001,2018-09-12T21:11:00.000Z,Record Service Entry Sheet
user_019,190525.0,2000000059_00001,2018-09-13T10:07:00.000Z,Record Invoice Receipt
user_010,190525.0,2000000059_00001,2018-09-20T03:34:00.000Z,SRM: Created
user_010,190525.0,2000000059_00001,2018-09-20T05:34:00.000Z,SRM: Complete
user_010,190525.0,2000000059_00001,2018-09-20T05:34:00.000Z,SRM: Awaiting Approval
user_010,190525.0,2000000059_00001,2018-09-20T05:34:00.000Z,SRM: Document Completed
batch_00,190525.0,2000000059_00001,2018-09-20T09:22:00.000Z,SRM: In Transfer to Execution Syst.
batch_00,190525.0,2000000059_00001,2018-09-20T09:22:00.000Z,SRM: Ordered
batch_00,190525.0,2000000059_00001,2018-09-20T09:22:00.000Z,SRM: Deleted
user_000,190525.0,2000000059_00001,2018-09-20T09:22:00.000Z,Change Price
user_002,190525.0,2000000059_00001,2018-09-28T08:29:00.000Z,Clear Invoice
NONE,190525.0,2000000059_00001,2018-10-05T21:59:00.000Z,Vendor creates invoice
user_000,190525.0,2000000059_00001,2018-10-10T21:16:00.000Z,Record Goods Receipt
NONE,190525.0,2000000059_00001,2018-10-10T21:16:00.000Z,Record Service Entry Sheet
user_001,190525.0,2000000059_00001,2018-10-11T08:52:00.000Z,Record Invoice Receipt
user_005,190525.0,2000000059_00001,2018-10-26T09:04:00.000Z,Clear Invoice
NONE,190525.0,2000000059_00001,2018-11-05T22:59:00.000Z,Vendor creates invoice
user_000,190525.0,2000000059_00001,2018-11-07T22:34:00.000Z,Record Goods Receipt
NONE,190525.0,2000000059_00001,2018-11-07T22:34:00.000Z,Record Service Entry Sheet
user_001,190525.0,2000000059_00001,2018-11-14T11:39:00.000Z,Record Invoice Receipt
user_002,190525.0,2000000059_00001,2018-11-29T15:16:00.000Z,Clear Invoice
NONE,190525.0,2000000059_00001,2018-12-05T22:59:00.000Z,Vendor creates invoice
user_000,190525.0,2000000059_00001,2018-12-10T22:21:00.000Z,Record Goods Receipt
NONE,190525.0,2000000059_00001,2018-12-10T22:21:00.000Z,Record Service Entry Sheet
user_013,190525.0,2000000059_00001,2018-12-11T09:42:00.000Z,Record Invoice Receipt
NONE,190525.0,2000000059_00001,2018-12-18T22:59:00.000Z,Vendor creates invoice
user_000,190525.0,2000000059_00001,2018-12-19T15:46:00.000Z,Record Goods Receipt
NONE,190525.0,2000000059_00001,2018-12-19T15:46:00.000Z,Record Service Entry Sheet
NONE,190525.0,2000000059_00001,2019-01-04T22:59:00.000Z,Clear Invoice
user_013,190525.0,2000000059_00001,2019-01-08T09:48:00.000Z,Record Invoice Receipt
user_002,190525.0,2000000059_00001,2019-01-10T14:46:00.000Z,Clear Invoice
batch_00,356802.0,2000000060_00001,2018-01-19T18:15:00.000Z,SRM: Created
batch_00,356802.0,2000000060_00001,2018-01-19T19:15:00.000Z,SRM: Complete
batch_00,356802.0,2000000060_00001,2018-01-19T19:15:00.000Z,SRM: Awaiting Approval
batch_00,356802.0,2000000060_00001,2018-01-19T19:15:00.000Z,SRM: Document Completed
batch_00,356802.0,2000000060_00001,2018-01-19T19:15:00.000Z,SRM: In Transfer to Execution Syst.
batch_00,356802.0,2000000060_00001,2018-01-19T19:15:00.000Z,SRM: Ordered
batch_00,356802.0,2000000060_00001,2018-01-19T19:15:00.000Z,SRM: Change was Transmitted
user_000,356802.0,2000000060_00001,2018-01-19T19:15:00.000Z,Create Purchase Order Item
NONE,356802.0,2000000060_00001,2018-02-02T22:59:00.000Z,Vendor creates invoice
user_000,356802.0,2000000060_00001,2018-02-13T10:47:00.000Z,Record Goods Receipt
NONE,356802.0,2000000060_00001,2018-02-13T10:47:00.000Z,Record Service Entry Sheet
batch_00,356802.0,2000000060_00001,2018-02-13T12:02:00.000Z,Record Invoice Receipt
user_002,356802.0,2000000060_00001,2018-02-22T15:18:00.000Z,Clear Invoice
NONE,356802.0,2000000060_00001,2018-03-02T22:59:00.000Z,Vendor creates invoice
user_000,356802.0,2000000060_00001,2018-03-14T10:37:00.000Z,Record Goods Receipt
NONE,356802.0,2000000060_00001,2018-03-14T10:37:00.000Z,Record Service Entry Sheet
batch_00,356802.0,2000000060_00001,2018-03-14T11:29:00.000Z,Record Invoice Receipt
user_005,356802.0,2000000060_00001,2018-03-22T12:32:00.000Z,Clear Invoice
NONE,356802.0,2000000060_00001,2018-04-03T21:59:00.000Z,Vendor creates invoice
user_000,356802.0,2000000060_00001,2018-04-04T12:04:00.000Z,Record Goods Receipt
NONE,356802.0,2000000060_00001,2018-04-04T12:04:00.000Z,Record Service Entry Sheet
user_013,356802.0,2000000060_00001,2018-04-06T08:29:00.000Z,Record Invoice Receipt
user_002,356802.0,2000000060_00001,2018-04-26T09:16:00.000Z,Clear Invoice
NONE,356802.0,2000000060_00001,2018-05-04T21:59:00.000Z,Vendor creates invoice
user_000,356802.0,2000000060_00001,2018-05-14T09:53:00.000Z,Record Goods Receipt
NONE,356802.0,2000000060_00001,2018-05-14T09:53:00.000Z,Record Service Entry Sheet
batch_00,356802.0,2000000060_00001,2018-05-14T11:02:00.000Z,Record Invoice Receipt
user_002,356802.0,2000000060_00001,2018-05-24T11:36:00.000Z,Clear Invoice
NONE,356802.0,2000000060_00001,2018-06-04T21:59:00.000Z,Vendor creates invoice
user_000,356802.0,2000000060_00001,2018-06-05T00:12:00.000Z,Record Goods Receipt
NONE,356802.0,2000000060_00001,2018-06-05T00:12:00.000Z,Record Service Entry Sheet
user_001,356802.0,2000000060_00001,2018-06-08T10:07:00.000Z,Record Invoice Receipt
user_002,356802.0,2000000060_00001,2018-06-28T12:06:00.000Z,Clear Invoice
NONE,356802.0,2000000060_00001,2018-07-04T21:59:00.000Z,Vendor creates invoice
user_025,356802.0,2000000060_00001,2018-07-06T12:10:00.000Z,SRM: In Transfer to Execution Syst.
user_016,356802.0,2000000060_00001,2018-07-11T07:28:00.000Z,SRM: Created
user_016,356802.0,2000000060_00001,2018-07-11T09:29:00.000Z,SRM: Complete
user_016,356802.0,2000000060_00001,2018-07-11T09:29:00.000Z,SRM: Awaiting Approval
user_016,356802.0,2000000060_00001,2018-07-11T09:29:00.000Z,SRM: Document Completed
batch_00,356802.0,2000000060_00001,2018-07-12T06:41:00.000Z,SRM: In Transfer to Execution Syst.
batch_00,356802.0,2000000060_00001,2018-07-12T06:41:00.000Z,SRM: Ordered
batch_00,356802.0,2000000060_00001,2018-07-12T06:41:00.000Z,SRM: Deleted
user_000,356802.0,2000000060_00001,2018-07-12T06:41:00.000Z,Change Price
user_000,356802.0,2000000060_00001,2018-07-19T09:40:00.000Z,Record Goods Receipt
NONE,356802.0,2000000060_00001,2018-07-19T09:40:00.000Z,Record Service Entry Sheet
batch_00,356802.0,2000000060_00001,2018-07-19T11:12:00.000Z,Record Invoice Receipt
user_002,356802.0,2000000060_00001,2018-07-26T16:09:00.000Z,Clear Invoice
NONE,356802.0,2000000060_00001,2018-07-27T21:59:00.000Z,Vendor creates invoice
user_000,356802.0,2000000060_00001,2018-07-31T11:00:00.000Z,Record Goods Receipt
NONE,356802.0,2000000060_00001,2018-07-31T11:00:00.000Z,Record Service Entry Sheet
user_012,356802.0,2000000060_00001,2018-08-09T09:35:00.000Z,Record Invoice Receipt
user_002,356802.0,2000000060_00001,2018-08-16T13:03:00.000Z,Clear Invoice
NONE,356802.0,2000000060_00001,2018-09-04T21:59:00.000Z,Vendor creates invoice
user_000,356802.0,2000000060_00001,2018-09-12T15:25:00.000Z,Record Goods Receipt
NONE,356802.0,2000000060_00001,2018-09-12T15:25:00.000Z,Record Service Entry Sheet
user_020,356802.0,2000000060_00001,2018-09-13T09:30:00.000Z,Record Invoice Receipt
user_010,356802.0,2000000060_00001,2018-09-20T03:46:00.000Z,SRM: Created
user_010,356802.0,2000000060_00001,2018-09-20T05:46:00.000Z,SRM: Complete
user_010,356802.0,2000000060_00001,2018-09-20T05:46:00.000Z,SRM: Awaiting Approval
user_010,356802.0,2000000060_00001,2018-09-20T05:46:00.000Z,SRM: Document Completed
batch_00,356802.0,2000000060_00001,2018-09-20T09:22:00.000Z,SRM: In Transfer to Execution Syst.
batch_00,356802.0,2000000060_00001,2018-09-20T09:22:00.000Z,SRM: Ordered
batch_00,356802.0,2000000060_00001,2018-09-20T09:22:00.000Z,SRM: Deleted
user_000,356802.0,2000000060_00001,2018-09-20T09:22:00.000Z,Change Price
user_002,356802.0,2000000060_00001,2018-09-28T08:29:00.000Z,Clear Invoice
NONE,356802.0,2000000060_00001,2018-10-05T21:59:00.000Z,Vendor creates invoice
user_000,356802.0,2000000060_00001,2018-10-10T21:05:00.000Z,Record Goods Receipt
NONE,356802.0,2000000060_00001,2018-10-10T21:05:00.000Z,Record Service Entry Sheet
user_012,356802.0,2000000060_00001,2018-10-11T09:51:00.000Z,Record Invoice Receipt
user_005,356802.0,2000000060_00001,2018-10-26T09:04:00.000Z,Clear Invoice
NONE,356802.0,2000000060_00001,2018-11-06T22:59:00.000Z,Vendor creates invoice
user_000,356802.0,2000000060_00001,2018-11-07T22:21:00.000Z,Record Goods Receipt
NONE,356802.0,2000000060_00001,2018-11-07T22:21:00.000Z,Record Service Entry Sheet
user_012,356802.0,2000000060_00001,2018-11-14T14:06:00.000Z,Record Invoice Receipt
user_002,356802.0,2000000060_00001,2018-11-29T15:16:00.000Z,Clear Invoice
NONE,356802.0,2000000060_00001,2018-12-05T22:59:00.000Z,Vendor creates invoice
user_000,356802.0,2000000060_00001,2018-12-10T22:40:00.000Z,Record Goods Receipt
NONE,356802.0,2000000060_00001,2018-12-10T22:40:00.000Z,Record Service Entry Sheet
user_013,356802.0,2000000060_00001,2018-12-11T09:41:00.000Z,Record Invoice Receipt
NONE,356802.0,2000000060_00001,2018-12-18T22:59:00.000Z,Vendor creates invoice
user_000,356802.0,2000000060_00001,2018-12-19T16:00:00.000Z,Record Goods Receipt
NONE,356802.0,2000000060_00001,2018-12-19T16:00:00.000Z,Record Service Entry Sheet
user_019,356802.0,2000000060_00001,2018-12-21T10:40:00.000Z,Record Invoice Receipt
NONE,356802.0,2000000060_00001,2019-01-04T22:59:00.000Z,Clear Invoice
user_002,356802.0,2000000060_00001,2019-01-10T14:46:00.000Z,Clear Invoice
batch_00,304840.0,2000000061_00001,2018-01-19T18:15:00.000Z,SRM: Created
batch_00,304840.0,2000000061_00001,2018-01-19T19:15:00.000Z,SRM: Complete
batch_00,304840.0,2000000061_00001,2018-01-19T19:15:00.000Z,SRM: Awaiting Approval
batch_00,304840.0,2000000061_00001,2018-01-19T19:15:00.000Z,SRM: Document Completed
batch_00,304840.0,2000000061_00001,2018-01-19T19:15:00.000Z,SRM: In Transfer to Execution Syst.
batch_00,304840.0,2000000061_00001,2018-01-19T19:15:00.000Z,SRM: Ordered
batch_00,304840.0,2000000061_00001,2018-01-19T19:15:00.000Z,SRM: Change was Transmitted
user_000,304840.0,2000000061_00001,2018-01-19T19:15:00.000Z,Create Purchase Order Item
NONE,304840.0,2000000061_00001,2018-02-02T22:59:00.000Z,Vendor creates invoice
user_000,304840.0,2000000061_00001,2018-02-12T13:12:00.000Z,Record Goods Receipt
NONE,304840.0,2000000061_00001,2018-02-12T13:12:00.000Z,Record Service Entry Sheet
batch_00,304840.0,2000000061_00001,2018-02-12T17:54:00.000Z,Record Invoice Receipt
user_002,304840.0,2000000061_00001,2018-02-22T15:18:00.000Z,Clear Invoice
NONE,304840.0,2000000061_00001,2018-03-02T22:59:00.000Z,Vendor creates invoice
user_000,304840.0,2000000061_00001,2018-03-14T08:29:00.000Z,Record Goods Receipt
NONE,304840.0,2000000061_00001,2018-03-14T08:29:00.000Z,Record Service Entry Sheet
batch_00,304840.0,2000000061_00001,2018-03-14T11:30:00.000Z,Record Invoice Receipt
user_005,304840.0,2000000061_00001,2018-03-22T12:32:00.000Z,Clear Invoice
NONE,304840.0,2000000061_00001,2018-04-03T21:59:00.000Z,Vendor creates invoice
user_000,304840.0,2000000061_00001,2018-04-04T11:27:00.000Z,Record Goods Receipt
NONE,304840.0,2000000061_00001,2018-04-04T11:27:00.000Z,Record Service Entry Sheet
user_013,304840.0,2000000061_00001,2018-04-06T08:34:00.000Z,Record Invoice Receipt
user_002,304840.0,2000000061_00001,2018-04-26T09:16:00.000Z,Clear Invoice
NONE,304840.0,2000000061_00001,2018-05-04T21:59:00.000Z,Vendor creates invoice
user_000,304840.0,2000000061_00001,2018-05-14T09:48:00.000Z,Record Goods Receipt
NONE,304840.0,2000000061_00001,2018-05-14T09:48:00.000Z,Record Service Entry Sheet
batch_00,304840.0,2000000061_00001,2018-05-14T10:59:00.000Z,Record Invoice Receipt
user_002,304840.0,2000000061_00001,2018-05-24T11:36:00.000Z,Clear Invoice
NONE,304840.0,2000000061_00001,2018-06-04T21:59:00.000Z,Vendor creates invoice
user_000,304840.0,2000000061_00001,2018-06-05T00:05:00.000Z,Record Goods Receipt
NONE,304840.0,2000000061_00001,2018-06-05T00:05:00.000Z,Record Service Entry Sheet
user_001,304840.0,2000000061_00001,2018-06-07T08:24:00.000Z,Record Invoice Receipt
user_002,304840.0,2000000061_00001,2018-06-28T12:06:00.000Z,Clear Invoice
NONE,304840.0,2000000061_00001,2018-07-04T21:59:00.000Z,Vendor creates invoice
user_025,304840.0,2000000061_00001,2018-07-06T12:10:00.000Z,SRM: In Transfer to Execution Syst.
user_000,304840.0,2000000061_00001,2018-07-09T15:08:00.000Z,Record Goods Receipt
NONE,304840.0,2000000061_00001,2018-07-09T15:08:00.000Z,Record Service Entry Sheet
user_012,304840.0,2000000061_00001,2018-07-12T13:00:00.000Z,Record Invoice Receipt
user_002,304840.0,2000000061_00001,2018-07-26T16:09:00.000Z,Clear Invoice
NONE,304840.0,2000000061_00001,2018-07-27T21:59:00.000Z,Vendor creates invoice
user_000,304840.0,2000000061_00001,2018-07-31T10:48:00.000Z,Record Goods Receipt
NONE,304840.0,2000000061_00001,2018-07-31T10:48:00.000Z,Record Service Entry Sheet
batch_00,304840.0,2000000061_00001,2018-07-31T11:21:00.000Z,Record Invoice Receipt
user_002,304840.0,2000000061_00001,2018-08-16T13:03:00.000Z,Clear Invoice
NONE,304840.0,2000000061_00001,2018-09-04T21:59:00.000Z,Vendor creates invoice
user_000,304840.0,2000000061_00001,2018-09-12T15:12:00.000Z,Record Goods Receipt
NONE,304840.0,2000000061_00001,2018-09-12T15:12:00.000Z,Record Service Entry Sheet
user_019,304840.0,2000000061_00001,2018-09-13T10:11:00.000Z,Record Invoice Receipt
user_010,304840.0,2000000061_00001,2018-09-20T03:23:00.000Z,SRM: Created
user_010,304840.0,2000000061_00001,2018-09-20T05:24:00.000Z,SRM: Complete
user_010,304840.0,2000000061_00001,2018-09-20T05:24:00.000Z,SRM: Awaiting Approval
user_010,304840.0,2000000061_00001,2018-09-20T05:24:00.000Z,SRM: Document Completed
batch_00,304840.0,2000000061_00001,2018-09-20T09:22:00.000Z,SRM: In Transfer to Execution Syst.
batch_00,304840.0,2000000061_00001,2018-09-20T09:22:00.000Z,SRM: Ordered
batch_00,304840.0,2000000061_00001,2018-09-20T09:22:00.000Z,SRM: Deleted
user_000,304840.0,2000000061_00001,2018-09-20T09:22:00.000Z,Change Price
user_002,304840.0,2000000061_00001,2018-09-28T08:29:00.000Z,Clear Invoice
NONE,304840.0,2000000061_00001,2018-10-05T21:59:00.000Z,Vendor creates invoice
user_000,304840.0,2000000061_00001,2018-10-10T21:13:00.000Z,Record Goods Receipt
NONE,304840.0,2000000061_00001,2018-10-10T21:13:00.000Z,Record Service Entry Sheet
user_012,304840.0,2000000061_00001,2018-10-11T09:48:00.000Z,Record Invoice Receipt
user_005,304840.0,2000000061_00001,2018-10-26T09:04:00.000Z,Clear Invoice
NONE,304840.0,2000000061_00001,2018-11-05T22:59:00.000Z,Vendor creates invoice
user_000,304840.0,2000000061_00001,2018-11-07T22:31:00.000Z,Record Goods Receipt
NONE,304840.0,2000000061_00001,2018-11-07T22:31:00.000Z,Record Service Entry Sheet
user_012,304840.0,2000000061_00001,2018-11-14T14:27:00.000Z,Record Invoice Receipt
user_002,304840.0,2000000061_00001,2018-11-29T15:16:00.000Z,Clear Invoice
NONE,304840.0,2000000061_00001,2018-12-05T22:59:00.000Z,Vendor creates invoice
user_000,304840.0,2000000061_00001,2018-12-10T22:25:00.000Z,Record Goods Receipt
NONE,304840.0,2000000061_00001,2018-12-10T22:25:00.000Z,Record Service Entry Sheet
user_013,304840.0,2000000061_00001,2018-12-11T09:43:00.000Z,Record Invoice Receipt
NONE,304840.0,2000000061_00001,2018-12-18T22:59:00.000Z,Vendor creates invoice
user_000,304840.0,2000000061_00001,2018-12-19T15:49:00.000Z,Record Goods Receipt
NONE,304840.0,2000000061_00001,2018-12-19T15:49:00.000Z,Record Service Entry Sheet
user_013,304840.0,2000000061_00001,2018-12-19T16:53:00.000Z,Record Invoice Receipt
NONE,304840.0,2000000061_00001,2019-01-04T22:59:00.000Z,Clear Invoice
user_002,304840.0,2000000061_00001,2019-01-10T14:46:00.000Z,Clear Invoice
batch_00,207846.0,2000000062_00001,2018-01-19T18:15:00.000Z,SRM: Created
batch_00,207846.0,2000000062_00001,2018-01-19T19:15:00.000Z,SRM: Complete
batch_00,207846.0,2000000062_00001,2018-01-19T19:15:00.000Z,SRM: Awaiting Approval
batch_00,207846.0,2000000062_00001,2018-01-19T19:15:00.000Z,SRM: Document Completed
batch_00,207846.0,2000000062_00001,2018-01-19T19:16:00.000Z,SRM: Ordered
batch_00,207846.0,2000000062_00001,2018-01-19T19:16:00.000Z,SRM: In Transfer to Execution Syst.
user_000,207846.0,2000000062_00001,2018-01-19T19:16:00.000Z,Create Purchase Order Item
batch_00,207846.0,2000000062_00001,2018-01-19T19:16:00.000Z,SRM: Change was Transmitted
user_025,207846.0,2000000062_00001,2018-07-06T12:10:00.000Z,SRM: In Transfer to Execution Syst.
batch_00,138564.0,2000000063_00001,2018-01-19T18:16:00.000Z,SRM: Created
batch_00,138564.0,2000000063_00001,2018-01-19T19:16:00.000Z,SRM: Complete
batch_00,138564.0,2000000063_00001,2018-01-19T19:16:00.000Z,SRM: Awaiting Approval
batch_00,138564.0,2000000063_00001,2018-01-19T19:16:00.000Z,SRM: Document Completed
batch_00,138564.0,2000000063_00001,2018-01-19T19:16:00.000Z,SRM: Ordered
batch_00,138564.0,2000000063_00001,2018-01-19T19:16:00.000Z,SRM: In Transfer to Execution Syst.
user_000,138564.0,2000000063_00001,2018-01-19T19:16:00.000Z,Create Purchase Order Item
batch_00,138564.0,2000000063_00001,2018-01-19T19:16:00.000Z,SRM: Change was Transmitted
user_025,138564.0,2000000063_00001,2018-07-06T12:10:00.000Z,SRM: In Transfer to Execution Syst.
batch_00,259807.0,2000000064_00001,2018-01-19T18:16:00.000Z,SRM: Created
batch_00,259807.0,2000000064_00001,2018-01-19T19:16:00.000Z,SRM: Complete
batch_00,259807.0,2000000064_00001,2018-01-19T19:16:00.000Z,SRM: Awaiting Approval
batch_00,259807.0,2000000064_00001,2018-01-19T19:16:00.000Z,SRM: Document Completed
batch_00,259807.0,2000000064_00001,2018-01-19T19:16:00.000Z,SRM: In Transfer to Execution Syst.
batch_00,259807.0,2000000064_00001,2018-01-19T19:16:00.000Z,SRM: Ordered
batch_00,259807.0,2000000064_00001,2018-01-19T19:16:00.000Z,SRM: Change was Transmitted
user_000,259807.0,2000000064_00001,2018-01-19T19:16:00.000Z,Create Purchase Order Item
NONE,259807.0,2000000064_00001,2018-02-05T22:59:00.000Z,Vendor creates invoice
user_000,259807.0,2000000064_00001,2018-02-13T11:26:00.000Z,Record Goods Receipt
NONE,259807.0,2000000064_00001,2018-02-13T11:26:00.000Z,Record Service Entry Sheet
batch_00,259807.0,2000000064_00001,2018-02-13T12:01:00.000Z,Record Invoice Receipt
user_005,259807.0,2000000064_00001,2018-03-01T13:06:00.000Z,Clear Invoice
NONE,259807.0,2000000064_00001,2018-03-09T22:59:00.000Z,Vendor creates invoice
NONE,259807.0,2000000064_00001,2018-03-13T13:06:00.000Z,Record Service Entry Sheet
user_000,259807.0,2000000064_00001,2018-03-13T13:07:00.000Z,Record Goods Receipt
NONE,259807.0,2000000064_00001,2018-04-30T21:59:00.000Z,Vendor creates invoice
user_000,259807.0,2000000064_00001,2018-05-03T11:57:00.000Z,Record Goods Receipt
NONE,259807.0,2000000064_00001,2018-05-03T11:57:00.000Z,Record Service Entry Sheet
batch_00,259807.0,2000000064_00001,2018-05-03T13:06:00.000Z,Record Invoice Receipt
user_001,259807.0,2000000064_00001,2018-05-15T14:18:00.000Z,Record Invoice Receipt
NONE,259807.0,2000000064_00001,2018-05-15T21:59:00.000Z,Vendor creates invoice
user_000,259807.0,2000000064_00001,2018-05-17T06:57:00.000Z,Record Goods Receipt
NONE,259807.0,2000000064_00001,2018-05-17T06:57:00.000Z,Record Service Entry Sheet
user_002,259807.0,2000000064_00001,2018-05-17T12:51:00.000Z,Clear Invoice
user_001,259807.0,2000000064_00001,2018-05-21T11:24:00.000Z,Record Invoice Receipt
user_002,259807.0,2000000064_00001,2018-05-24T11:36:00.000Z,Clear Invoice
NONE,259807.0,2000000064_00001,2018-06-04T21:59:00.000Z,Vendor creates invoice
user_002,259807.0,2000000064_00001,2018-06-07T11:13:00.000Z,Clear Invoice
user_000,259807.0,2000000064_00001,2018-06-09T00:13:00.000Z,Record Goods Receipt
NONE,259807.0,2000000064_00001,2018-06-09T00:13:00.000Z,Record Service Entry Sheet
user_012,259807.0,2000000064_00001,2018-06-11T13:06:00.000Z,Record Invoice Receipt
user_002,259807.0,2000000064_00001,2018-06-28T12:06:00.000Z,Clear Invoice
NONE,259807.0,2000000064_00001,2018-07-04T21:59:00.000Z,Vendor creates invoice
user_025,259807.0,2000000064_00001,2018-07-06T12:10:00.000Z,SRM: In Transfer to Execution Syst.
user_000,259807.0,2000000064_00001,2018-07-09T15:56:00.000Z,Record Goods Receipt
NONE,259807.0,2000000064_00001,2018-07-09T15:56:00.000Z,Record Service Entry Sheet
user_013,259807.0,2000000064_00001,2018-07-12T13:22:00.000Z,Record Invoice Receipt
user_002,259807.0,2000000064_00001,2018-07-26T16:09:00.000Z,Clear Invoice
NONE,259807.0,2000000064_00001,2018-07-27T21:59:00.000Z,Vendor creates invoice
user_014,259807.0,2000000064_00001,2018-07-31T10:29:00.000Z,SRM: Created
user_014,259807.0,2000000064_00001,2018-07-31T12:29:00.000Z,SRM: Complete
user_014,259807.0,2000000064_00001,2018-07-31T12:29:00.000Z,SRM: Awaiting Approval
user_014,259807.0,2000000064_00001,2018-07-31T12:29:00.000Z,SRM: Document Completed
batch_00,259807.0,2000000064_00001,2018-07-31T14:40:00.000Z,SRM: In Transfer to Execution Syst.
batch_00,259807.0,2000000064_00001,2018-07-31T14:40:00.000Z,SRM: Ordered
batch_00,259807.0,2000000064_00001,2018-07-31T14:40:00.000Z,SRM: Deleted
user_000,259807.0,2000000064_00001,2018-07-31T14:40:00.000Z,Change Price
user_000,259807.0,2000000064_00001,2018-09-12T21:56:00.000Z,Record Goods Receipt
NONE,259807.0,2000000064_00001,2018-09-12T21:56:00.000Z,Record Service Entry Sheet
user_000,259807.0,2000000064_00001,2018-09-13T07:36:00.000Z,Record Goods Receipt
NONE,259807.0,2000000064_00001,2018-09-13T07:36:00.000Z,Record Service Entry Sheet
user_010,259807.0,2000000064_00001,2018-09-20T03:50:00.000Z,SRM: Created
user_010,259807.0,2000000064_00001,2018-09-20T05:50:00.000Z,SRM: Complete
user_010,259807.0,2000000064_00001,2018-09-20T05:50:00.000Z,SRM: Awaiting Approval
user_010,259807.0,2000000064_00001,2018-09-20T05:50:00.000Z,SRM: Document Completed
batch_00,259807.0,2000000064_00001,2018-09-20T09:22:00.000Z,SRM: In Transfer to Execution Syst.
batch_00,259807.0,2000000064_00001,2018-09-20T09:22:00.000Z,SRM: Ordered
batch_00,259807.0,2000000064_00001,2018-09-20T09:22:00.000Z,SRM: Deleted
user_000,259807.0,2000000064_00001,2018-09-20T09:22:00.000Z,Change Price
NONE,259807.0,2000000064_00001,2018-10-05T21:59:00.000Z,Vendor creates invoice
user_015,259807.0,2000000064_00001,2018-10-08T12:01:00.000Z,Record Invoice Receipt
user_000,259807.0,2000000064_00001,2018-10-10T21:40:00.000Z,Record Goods Receipt
NONE,259807.0,2000000064_00001,2018-10-10T21:40:00.000Z,Record Service Entry Sheet
user_002,259807.0,2000000064_00001,2018-10-11T11:47:00.000Z,Clear Invoice
user_013,259807.0,2000000064_00001,2018-10-12T10:00:00.000Z,Record Invoice Receipt
user_005,259807.0,2000000064_00001,2018-10-26T09:04:00.000Z,Clear Invoice
user_000,259807.0,2000000064_00001,2018-12-04T10:28:00.000Z,Record Goods Receipt
NONE,259807.0,2000000064_00001,2018-12-04T10:28:00.000Z,Record Service Entry Sheet
NONE,259807.0,2000000064_00001,2018-12-05T22:59:00.000Z,Vendor creates invoice
user_000,259807.0,2000000064_00001,2018-12-10T23:05:00.000Z,Record Goods Receipt
NONE,259807.0,2000000064_00001,2018-12-10T23:05:00.000Z,Record Service Entry Sheet
user_012,259807.0,2000000064_00001,2018-12-11T09:46:00.000Z,Record Invoice Receipt
NONE,259807.0,2000000064_00001,2018-12-21T22:59:00.000Z,Vendor creates invoice
NONE,259807.0,2000000064_00001,2019-01-04T22:59:00.000Z,Clear Invoice
user_000,259807.0,2000000064_00001,2019-01-08T12:19:00.000Z,Record Goods Receipt
NONE,259807.0,2000000064_00001,2019-01-08T12:19:00.000Z,Record Service Entry Sheet
user_015,259807.0,2000000064_00001,2019-01-09T10:35:00.000Z,Record Invoice Receipt
user_002,259807.0,2000000064_00001,2019-01-10T14:46:00.000Z,Clear Invoice
batch_00,207846.0,2000000065_00001,2018-01-19T18:17:00.000Z,SRM: Created
batch_00,207846.0,2000000065_00001,2018-01-19T19:17:00.000Z,SRM: Complete
batch_00,207846.0,2000000065_00001,2018-01-19T19:17:00.000Z,SRM: Awaiting Approval
batch_00,207846.0,2000000065_00001,2018-01-19T19:17:00.000Z,SRM: Document Completed
batch_00,207846.0,2000000065_00001,2018-01-19T19:17:00.000Z,SRM: In Transfer to Execution Syst.
batch_00,207846.0,2000000065_00001,2018-01-19T19:17:00.000Z,SRM: Ordered
batch_00,207846.0,2000000065_00001,2018-01-19T19:17:00.000Z,SRM: Change was Transmitted
user_000,207846.0,2000000065_00001,2018-01-19T19:17:00.000Z,Create Purchase Order Item
NONE,207846.0,2000000065_00001,2018-02-02T22:59:00.000Z,Vendor creates invoice
NONE,207846.0,2000000065_00001,2018-02-13T11:13:00.000Z,Record Service Entry Sheet
user_000,207846.0,2000000065_00001,2018-02-13T11:13:00.000Z,Record Goods Receipt
batch_00,207846.0,2000000065_00001,2018-02-13T11:55:00.000Z,Record Invoice Receipt
user_002,207846.0,2000000065_00001,2018-02-22T15:18:00.000Z,Clear Invoice
NONE,207846.0,2000000065_00001,2018-03-02T22:59:00.000Z,Vendor creates invoice
NONE,207846.0,2000000065_00001,2018-03-14T08:35:00.000Z,Record Service Entry Sheet
user_000,207846.0,2000000065_00001,2018-03-14T08:35:00.000Z,Record Goods Receipt
batch_00,207846.0,2000000065_00001,2018-03-14T11:31:00.000Z,Record Invoice Receipt
user_005,207846.0,2000000065_00001,2018-03-22T12:32:00.000Z,Clear Invoice
NONE,207846.0,2000000065_00001,2018-04-04T21:59:00.000Z,Vendor creates invoice
NONE,207846.0,2000000065_00001,2018-04-06T06:45:00.000Z,Record Service Entry Sheet
user_000,207846.0,2000000065_00001,2018-04-06T06:45:00.000Z,Record Goods Receipt
user_013,207846.0,2000000065_00001,2018-04-09T15:50:00.000Z,Record Invoice Receipt
user_002,207846.0,2000000065_00001,2018-04-26T09:16:00.000Z,Clear Invoice
NONE,207846.0,2000000065_00001,2018-05-04T21:59:00.000Z,Vendor creates invoice
NONE,207846.0,2000000065_00001,2018-05-14T10:58:00.000Z,Record Service Entry Sheet
user_000,207846.0,2000000065_00001,2018-05-14T10:58:00.000Z,Record Goods Receipt
user_012,207846.0,2000000065_00001,2018-05-15T08:34:00.000Z,Record Invoice Receipt
user_002,207846.0,2000000065_00001,2018-05-24T11:36:00.000Z,Clear Invoice
NONE,207846.0,2000000065_00001,2018-06-04T21:59:00.000Z,Vendor creates invoice
NONE,207846.0,2000000065_00001,2018-06-08T23:53:00.000Z,Record Service Entry Sheet
user_000,207846.0,2000000065_00001,2018-06-08T23:53:00.000Z,Record Goods Receipt
user_012,207846.0,2000000065_00001,2018-06-11T13:03:00.000Z,Record Invoice Receipt
user_002,207846.0,2000000065_00001,2018-06-28T12:06:00.000Z,Clear Invoice
NONE,207846.0,2000000065_00001,2018-07-04T21:59:00.000Z,Vendor creates invoice
user_025,207846.0,2000000065_00001,2018-07-06T12:10:00.000Z,SRM: In Transfer to Execution Syst.
NONE,207846.0,2000000065_00001,2018-07-09T15:58:00.000Z,Record Service Entry Sheet
user_000,207846.0,2000000065_00001,2018-07-09T15:58:00.000Z,Record Goods Receipt
user_012,207846.0,2000000065_00001,2018-07-12T12:58:00.000Z,Record Invoice Receipt
user_002,207846.0,2000000065_00001,2018-07-26T16:09:00.000Z,Clear Invoice
NONE,207846.0,2000000065_00001,2018-07-27T21:59:00.000Z,Vendor creates invoice
NONE,207846.0,2000000065_00001,2018-07-31T10:50:00.000Z,Record Service Entry Sheet
user_000,207846.0,2000000065_00001,2018-07-31T10:50:00.000Z,Record Goods Receipt
batch_00,207846.0,2000000065_00001,2018-07-31T10:54:00.000Z,Record Invoice Receipt
user_002,207846.0,2000000065_00001,2018-08-16T13:03:00.000Z,Clear Invoice
NONE,207846.0,2000000065_00001,2018-09-04T21:59:00.000Z,Vendor creates invoice
NONE,207846.0,2000000065_00001,2018-09-12T21:18:00.000Z,Record Service Entry Sheet
user_000,207846.0,2000000065_00001,2018-09-12T21:18:00.000Z,Record Goods Receipt
user_020,207846.0,2000000065_00001,2018-09-13T09:32:00.000Z,Record Invoice Receipt
user_010,207846.0,2000000065_00001,2018-09-20T03:32:00.000Z,SRM: Created
user_010,207846.0,2000000065_00001,2018-09-20T05:32:00.000Z,SRM: Complete
user_010,207846.0,2000000065_00001,2018-09-20T05:32:00.000Z,SRM: Awaiting Approval
user_010,207846.0,2000000065_00001,2018-09-20T05:32:00.000Z,SRM: Document Completed
batch_00,207846.0,2000000065_00001,2018-09-20T09:22:00.000Z,SRM: In Transfer to Execution Syst.
batch_00,207846.0,2000000065_00001,2018-09-20T09:22:00.000Z,SRM: Ordered
batch_00,207846.0,2000000065_00001,2018-09-20T09:22:00.000Z,SRM: Deleted
user_000,207846.0,2000000065_00001,2018-09-20T09:22:00.000Z,Change Price
user_002,207846.0,2000000065_00001,2018-09-28T08:29:00.000Z,Clear Invoice
NONE,207846.0,2000000065_00001,2018-10-05T21:59:00.000Z,Vendor creates invoice
NONE,207846.0,2000000065_00001,2018-10-10T20:50:00.000Z,Record Service Entry Sheet
user_000,207846.0,2000000065_00001,2018-10-10T20:50:00.000Z,Record Goods Receipt
user_013,207846.0,2000000065_00001,2018-10-12T10:36:00.000Z,Record Invoice Receipt
user_005,207846.0,2000000065_00001,2018-10-26T09:04:00.000Z,Clear Invoice
NONE,207846.0,2000000065_00001,2018-11-06T22:59:00.000Z,Vendor creates invoice
NONE,207846.0,2000000065_00001,2018-11-07T22:18:00.000Z,Record Service Entry Sheet
user_000,207846.0,2000000065_00001,2018-11-07T22:18:00.000Z,Record Goods Receipt
user_001,207846.0,2000000065_00001,2018-11-14T11:42:00.000Z,Record Invoice Receipt
user_002,207846.0,2000000065_00001,2018-11-29T15:16:00.000Z,Clear Invoice
NONE,207846.0,2000000065_00001,2018-12-05T22:59:00.000Z,Vendor creates invoice
NONE,207846.0,2000000065_00001,2018-12-10T22:42:00.000Z,Record Service Entry Sheet
user_000,207846.0,2000000065_00001,2018-12-10T22:42:00.000Z,Record Goods Receipt
user_012,207846.0,2000000065_00001,2018-12-11T09:48:00.000Z,Record Invoice Receipt
NONE,207846.0,2000000065_00001,2018-12-18T22:59:00.000Z,Vendor creates invoice
NONE,207846.0,2000000065_00001,2018-12-19T16:02:00.000Z,Record Service Entry Sheet
user_000,207846.0,2000000065_00001,2018-12-19T16:02:00.000Z,Record Goods Receipt
user_020,207846.0,2000000065_00001,2018-12-21T06:57:00.000Z,Record Invoice Receipt
NONE,207846.0,2000000065_00001,2019-01-04T22:59:00.000Z,Clear Invoice
user_002,207846.0,2000000065_00001,2019-01-10T14:46:00.000Z,Clear Invoice
batch_00,294448.0,2000000066_00001,2018-01-19T18:17:00.000Z,SRM: Created
batch_00,294448.0,2000000066_00001,2018-01-19T19:17:00.000Z,SRM: Complete
batch_00,294448.0,2000000066_00001,2018-01-19T19:17:00.000Z,SRM: Awaiting Approval
batch_00,294448.0,2000000066_00001,2018-01-19T19:17:00.000Z,SRM: Document Completed
batch_00,294448.0,2000000066_00001,2018-01-19T19:17:00.000Z,SRM: Ordered
batch_00,294448.0,2000000066_00001,2018-01-19T19:17:00.000Z,SRM: In Transfer to Execution Syst.
batch_00,294448.0,2000000066_00001,2018-01-19T19:17:00.000Z,SRM: Change was Transmitted
user_000,294448.0,2000000066_00001,2018-01-19T19:17:00.000Z,Create Purchase Order Item
NONE,294448.0,2000000066_00001,2018-02-02T22:59:00.000Z,Vendor creates invoice
user_000,294448.0,2000000066_00001,2018-02-12T13:40:00.000Z,Record Goods Receipt
NONE,294448.0,2000000066_00001,2018-02-12T13:40:00.000Z,Record Service Entry Sheet
batch_00,294448.0,2000000066_00001,2018-02-12T17:58:00.000Z,Record Invoice Receipt
user_002,294448.0,2000000066_00001,2018-02-22T15:18:00.000Z,Clear Invoice
NONE,294448.0,2000000066_00001,2018-03-02T22:59:00.000Z,Vendor creates invoice
user_000,294448.0,2000000066_00001,2018-03-14T08:25:00.000Z,Record Goods Receipt
NONE,294448.0,2000000066_00001,2018-03-14T08:25:00.000Z,Record Service Entry Sheet
batch_00,294448.0,2000000066_00001,2018-03-14T11:30:00.000Z,Record Invoice Receipt
user_005,294448.0,2000000066_00001,2018-03-22T12:32:00.000Z,Clear Invoice
NONE,294448.0,2000000066_00001,2018-04-03T21:59:00.000Z,Vendor creates invoice
user_000,294448.0,2000000066_00001,2018-04-04T11:21:00.000Z,Record Goods Receipt
NONE,294448.0,2000000066_00001,2018-04-04T11:21:00.000Z,Record Service Entry Sheet
user_013,294448.0,2000000066_00001,2018-04-06T08:30:00.000Z,Record Invoice Receipt
user_002,294448.0,2000000066_00001,2018-04-26T09:16:00.000Z,Clear Invoice
NONE,294448.0,2000000066_00001,2018-05-04T21:59:00.000Z,Vendor creates invoice
user_000,294448.0,2000000066_00001,2018-05-14T09:45:00.000Z,Record Goods Receipt
NONE,294448.0,2000000066_00001,2018-05-14T09:45:00.000Z,Record Service Entry Sheet
batch_00,294448.0,2000000066_00001,2018-05-14T10:55:00.000Z,Record Invoice Receipt
user_002,294448.0,2000000066_00001,2018-05-24T11:36:00.000Z,Clear Invoice
NONE,294448.0,2000000066_00001,2018-06-04T21:59:00.000Z,Vendor creates invoice
user_000,294448.0,2000000066_00001,2018-06-04T23:59:00.000Z,Record Goods Receipt
NONE,294448.0,2000000066_00001,2018-06-04T23:59:00.000Z,Record Service Entry Sheet
user_013,294448.0,2000000066_00001,2018-06-07T09:36:00.000Z,Record Invoice Receipt
user_002,294448.0,2000000066_00001,2018-06-28T12:06:00.000Z,Clear Invoice
NONE,294448.0,2000000066_00001,2018-07-04T21:59:00.000Z,Vendor creates invoice
user_025,294448.0,2000000066_00001,2018-07-06T12:10:00.000Z,SRM: In Transfer to Execution Syst.
user_000,294448.0,2000000066_00001,2018-07-09T15:04:00.000Z,Record Goods Receipt
NONE,294448.0,2000000066_00001,2018-07-09T15:04:00.000Z,Record Service Entry Sheet
user_013,294448.0,2000000066_00001,2018-07-10T13:16:00.000Z,Record Invoice Receipt
user_002,294448.0,2000000066_00001,2018-07-26T16:09:00.000Z,Clear Invoice
NONE,294448.0,2000000066_00001,2018-07-27T21:59:00.000Z,Vendor creates invoice
user_000,294448.0,2000000066_00001,2018-07-31T11:06:00.000Z,Record Goods Receipt
NONE,294448.0,2000000066_00001,2018-07-31T11:06:00.000Z,Record Service Entry Sheet
batch_00,294448.0,2000000066_00001,2018-07-31T11:08:00.000Z,Record Invoice Receipt
user_002,294448.0,2000000066_00001,2018-08-16T13:03:00.000Z,Clear Invoice
NONE,294448.0,2000000066_00001,2018-09-04T21:59:00.000Z,Vendor creates invoice
user_000,294448.0,2000000066_00001,2018-09-12T15:34:00.000Z,Record Goods Receipt
NONE,294448.0,2000000066_00001,2018-09-12T15:34:00.000Z,Record Service Entry Sheet
user_019,294448.0,2000000066_00001,2018-09-13T10:14:00.000Z,Record Invoice Receipt
user_010,294448.0,2000000066_00001,2018-09-20T03:30:00.000Z,SRM: Created
user_010,294448.0,2000000066_00001,2018-09-20T05:30:00.000Z,SRM: Complete
user_010,294448.0,2000000066_00001,2018-09-20T05:30:00.000Z,SRM: Awaiting Approval
user_010,294448.0,2000000066_00001,2018-09-20T05:30:00.000Z,SRM: Document Completed
batch_00,294448.0,2000000066_00001,2018-09-20T09:23:00.000Z,SRM: Ordered
batch_00,294448.0,2000000066_00001,2018-09-20T09:23:00.000Z,SRM: In Transfer to Execution Syst.
batch_00,294448.0,2000000066_00001,2018-09-20T09:23:00.000Z,SRM: Deleted
user_000,294448.0,2000000066_00001,2018-09-20T09:23:00.000Z,Change Price
user_002,294448.0,2000000066_00001,2018-09-28T08:29:00.000Z,Clear Invoice
NONE,294448.0,2000000066_00001,2018-10-10T21:59:00.000Z,Vendor creates invoice
user_000,294448.0,2000000066_00001,2018-10-19T13:17:00.000Z,Record Goods Receipt
NONE,294448.0,2000000066_00001,2018-10-19T13:17:00.000Z,Record Service Entry Sheet
user_013,294448.0,2000000066_00001,2018-10-23T11:15:00.000Z,Record Invoice Receipt
user_002,294448.0,2000000066_00001,2018-11-01T15:27:00.000Z,Clear Invoice
NONE,294448.0,2000000066_00001,2018-11-12T22:59:00.000Z,Vendor creates invoice
user_000,294448.0,2000000066_00001,2018-11-14T21:56:00.000Z,Record Goods Receipt
NONE,294448.0,2000000066_00001,2018-11-14T21:56:00.000Z,Record Service Entry Sheet
user_001,294448.0,2000000066_00001,2018-11-15T08:28:00.000Z,Record Invoice Receipt
NONE,294448.0,2000000066_00001,2018-12-05T22:59:00.000Z,Vendor creates invoice
user_002,294448.0,2000000066_00001,2018-12-07T08:09:00.000Z,Clear Invoice
user_000,294448.0,2000000066_00001,2018-12-10T23:01:00.000Z,Record Goods Receipt
NONE,294448.0,2000000066_00001,2018-12-10T23:01:00.000Z,Record Service Entry Sheet
user_013,294448.0,2000000066_00001,2018-12-11T09:40:00.000Z,Record Invoice Receipt
NONE,294448.0,2000000066_00001,2018-12-18T22:59:00.000Z,Vendor creates invoice
user_000,294448.0,2000000066_00001,2018-12-19T16:16:00.000Z,Record Goods Receipt
NONE,294448.0,2000000066_00001,2018-12-19T16:16:00.000Z,Record Service Entry Sheet
user_012,294448.0,2000000066_00001,2018-12-21T08:52:00.000Z,Record Invoice Receipt
NONE,294448.0,2000000066_00001,2019-01-04T22:59:00.000Z,Clear Invoice
user_002,294448.0,2000000066_00001,2019-01-10T14:46:00.000Z,Clear Invoice
batch_00,259807.0,2000000067_00001,2018-01-19T18:17:00.000Z,SRM: Created
batch_00,259807.0,2000000067_00001,2018-01-19T19:17:00.000Z,SRM: Complete
batch_00,259807.0,2000000067_00001,2018-01-19T19:17:00.000Z,SRM: Awaiting Approval
batch_00,259807.0,2000000067_00001,2018-01-19T19:17:00.000Z,SRM: Document Completed
batch_00,259807.0,2000000067_00001,2018-01-19T19:17:00.000Z,SRM: In Transfer to Execution Syst.
batch_00,259807.0,2000000067_00001,2018-01-19T19:17:00.000Z,SRM: Ordered
batch_00,259807.0,2000000067_00001,2018-01-19T19:17:00.000Z,SRM: Change was Transmitted
user_000,259807.0,2000000067_00001,2018-01-19T19:17:00.000Z,Create Purchase Order Item
NONE,259807.0,2000000067_00001,2018-02-05T22:59:00.000Z,Vendor creates invoice
user_000,259807.0,2000000067_00001,2018-02-13T11:33:00.000Z,Record Goods Receipt
NONE,259807.0,2000000067_00001,2018-02-13T11:33:00.000Z,Record Service Entry Sheet
batch_00,259807.0,2000000067_00001,2018-02-13T11:52:00.000Z,Record Invoice Receipt
user_005,259807.0,2000000067_00001,2018-03-01T13:06:00.000Z,Clear Invoice
NONE,259807.0,2000000067_00001,2018-03-02T22:59:00.000Z,Vendor creates invoice
user_000,259807.0,2000000067_00001,2018-03-13T13:18:00.000Z,Record Goods Receipt
NONE,259807.0,2000000067_00001,2018-03-13T13:18:00.000Z,Record Service Entry Sheet
batch_00,259807.0,2000000067_00001,2018-03-13T17:47:00.000Z,Record Invoice Receipt
user_005,259807.0,2000000067_00001,2018-03-22T12:32:00.000Z,Clear Invoice
NONE,259807.0,2000000067_00001,2018-04-04T21:59:00.000Z,Vendor creates invoice
user_000,259807.0,2000000067_00001,2018-04-06T06:57:00.000Z,Record Goods Receipt
NONE,259807.0,2000000067_00001,2018-04-06T06:57:00.000Z,Record Service Entry Sheet
user_013,259807.0,2000000067_00001,2018-04-06T15:57:00.000Z,Record Invoice Receipt
user_002,259807.0,2000000067_00001,2018-04-26T09:16:00.000Z,Clear Invoice
NONE,259807.0,2000000067_00001,2018-05-04T21:59:00.000Z,Vendor creates invoice
user_000,259807.0,2000000067_00001,2018-05-14T11:06:00.000Z,Record Goods Receipt
NONE,259807.0,2000000067_00001,2018-05-14T11:06:00.000Z,Record Service Entry Sheet
user_013,259807.0,2000000067_00001,2018-05-15T08:11:00.000Z,Record Invoice Receipt
user_002,259807.0,2000000067_00001,2018-05-18T08:29:00.000Z,Clear Invoice
NONE,259807.0,2000000067_00001,2018-06-04T21:59:00.000Z,Vendor creates invoice
user_000,259807.0,2000000067_00001,2018-06-08T23:59:00.000Z,Record Goods Receipt
NONE,259807.0,2000000067_00001,2018-06-08T23:59:00.000Z,Record Service Entry Sheet
user_012,259807.0,2000000067_00001,2018-06-11T13:07:00.000Z,Record Invoice Receipt
user_002,259807.0,2000000067_00001,2018-06-28T12:06:00.000Z,Clear Invoice
NONE,259807.0,2000000067_00001,2018-07-04T21:59:00.000Z,Vendor creates invoice
user_025,259807.0,2000000067_00001,2018-07-06T12:10:00.000Z,SRM: In Transfer to Execution Syst.
user_000,259807.0,2000000067_00001,2018-07-09T15:35:00.000Z,Record Goods Receipt
NONE,259807.0,2000000067_00001,2018-07-09T15:35:00.000Z,Record Service Entry Sheet
user_001,259807.0,2000000067_00001,2018-07-10T14:41:00.000Z,Record Invoice Receipt
user_002,259807.0,2000000067_00001,2018-07-26T16:09:00.000Z,Clear Invoice
NONE,259807.0,2000000067_00001,2018-07-27T21:59:00.000Z,Vendor creates invoice
user_000,259807.0,2000000067_00001,2018-07-31T10:39:00.000Z,Record Goods Receipt
NONE,259807.0,2000000067_00001,2018-07-31T10:39:00.000Z,Record Service Entry Sheet
batch_00,259807.0,2000000067_00001,2018-07-31T10:58:00.000Z,Record Invoice Receipt
user_002,259807.0,2000000067_00001,2018-08-16T13:03:00.000Z,Clear Invoice
NONE,259807.0,2000000067_00001,2018-09-04T21:59:00.000Z,Vendor creates invoice
user_000,259807.0,2000000067_00001,2018-09-12T21:15:00.000Z,Record Goods Receipt
NONE,259807.0,2000000067_00001,2018-09-12T21:15:00.000Z,Record Service Entry Sheet
user_020,259807.0,2000000067_00001,2018-09-13T09:32:00.000Z,Record Invoice Receipt
user_002,259807.0,2000000067_00001,2018-09-28T08:29:00.000Z,Clear Invoice
NONE,259807.0,2000000067_00001,2018-10-05T21:59:00.000Z,Vendor creates invoice
user_000,259807.0,2000000067_00001,2018-10-10T20:58:00.000Z,Record Goods Receipt
NONE,259807.0,2000000067_00001,2018-10-10T20:58:00.000Z,Record Service Entry Sheet
user_012,259807.0,2000000067_00001,2018-10-11T09:46:00.000Z,Record Invoice Receipt
user_005,259807.0,2000000067_00001,2018-10-26T09:04:00.000Z,Clear Invoice
NONE,259807.0,2000000067_00001,2018-11-06T22:59:00.000Z,Vendor creates invoice
user_000,259807.0,2000000067_00001,2018-11-07T22:29:00.000Z,Record Goods Receipt
NONE,259807.0,2000000067_00001,2018-11-07T22:29:00.000Z,Record Service Entry Sheet
user_001,259807.0,2000000067_00001,2018-11-14T11:41:00.000Z,Record Invoice Receipt
user_002,259807.0,2000000067_00001,2018-11-29T15:16:00.000Z,Clear Invoice
NONE,259807.0,2000000067_00001,2018-12-06T22:59:00.000Z,Vendor creates invoice
user_000,259807.0,2000000067_00001,2018-12-10T23:27:00.000Z,Record Goods Receipt
NONE,259807.0,2000000067_00001,2018-12-10T23:27:00.000Z,Record Service Entry Sheet
user_020,259807.0,2000000067_00001,2018-12-11T16:39:00.000Z,Record Invoice Receipt
NONE,259807.0,2000000067_00001,2018-12-18T22:59:00.000Z,Vendor creates invoice
user_000,259807.0,2000000067_00001,2018-12-19T16:26:00.000Z,Record Goods Receipt
NONE,259807.0,2000000067_00001,2018-12-19T16:26:00.000Z,Record Service Entry Sheet
user_013,259807.0,2000000067_00001,2018-12-21T10:15:00.000Z,Record Invoice Receipt
NONE,259807.0,2000000067_00001,2019-01-05T22:59:00.000Z,Clear Invoice
user_002,259807.0,2000000067_00001,2019-01-10T14:46:00.000Z,Clear Invoice
batch_00,381051.0,2000000068_00001,2018-01-19T18:16:00.000Z,SRM: Created
batch_00,381051.0,2000000068_00001,2018-01-19T19:16:00.000Z,SRM: Complete
batch_00,381051.0,2000000068_00001,2018-01-19T19:16:00.000Z,SRM: Awaiting Approval
batch_00,381051.0,2000000068_00001,2018-01-19T19:16:00.000Z,SRM: Document Completed
batch_00,381051.0,2000000068_00001,2018-01-19T19:16:00.000Z,SRM: Ordered
batch_00,381051.0,2000000068_00001,2018-01-19T19:16:00.000Z,SRM: In Transfer to Execution Syst.
batch_00,381051.0,2000000068_00001,2018-01-19T19:16:00.000Z,SRM: Change was Transmitted
user_000,381051.0,2000000068_00001,2018-01-19T19:16:00.000Z,Create Purchase Order Item
NONE,381051.0,2000000068_00001,2018-02-02T22:59:00.000Z,Vendor creates invoice
user_000,381051.0,2000000068_00001,2018-02-13T09:52:00.000Z,Record Goods Receipt
NONE,381051.0,2000000068_00001,2018-02-13T09:52:00.000Z,Record Service Entry Sheet
batch_00,381051.0,2000000068_00001,2018-02-13T12:01:00.000Z,Record Invoice Receipt
user_002,381051.0,2000000068_00001,2018-02-22T15:18:00.000Z,Clear Invoice
NONE,381051.0,2000000068_00001,2018-03-02T22:59:00.000Z,Vendor creates invoice
user_000,381051.0,2000000068_00001,2018-03-14T09:11:00.000Z,Record Goods Receipt
NONE,381051.0,2000000068_00001,2018-03-14T09:11:00.000Z,Record Service Entry Sheet
batch_00,381051.0,2000000068_00001,2018-03-14T11:28:00.000Z,Record Invoice Receipt
user_005,381051.0,2000000068_00001,2018-03-22T12:32:00.000Z,Clear Invoice
NONE,381051.0,2000000068_00001,2018-04-03T21:59:00.000Z,Vendor creates invoice
user_000,381051.0,2000000068_00001,2018-04-04T11:36:00.000Z,Record Goods Receipt
NONE,381051.0,2000000068_00001,2018-04-04T11:36:00.000Z,Record Service Entry Sheet
user_012,381051.0,2000000068_00001,2018-04-06T12:43:00.000Z,Record Invoice Receipt
user_002,381051.0,2000000068_00001,2018-04-26T09:16:00.000Z,Clear Invoice
NONE,381051.0,2000000068_00001,2018-05-15T21:59:00.000Z,Vendor creates invoice
user_000,381051.0,2000000068_00001,2018-05-17T07:26:00.000Z,Record Goods Receipt
NONE,381051.0,2000000068_00001,2018-05-17T07:26:00.000Z,Record Service Entry Sheet
user_012,381051.0,2000000068_00001,2018-05-18T12:49:00.000Z,Record Invoice Receipt
NONE,381051.0,2000000068_00001,2018-06-04T21:59:00.000Z,Vendor creates invoice
user_002,381051.0,2000000068_00001,2018-06-07T11:13:00.000Z,Clear Invoice
user_000,381051.0,2000000068_00001,2018-06-09T00:19:00.000Z,Record Goods Receipt
NONE,381051.0,2000000068_00001,2018-06-09T00:19:00.000Z,Record Service Entry Sheet
user_012,381051.0,2000000068_00001,2018-06-11T07:12:00.000Z,Record Invoice Receipt
user_002,381051.0,2000000068_00001,2018-06-28T12:06:00.000Z,Clear Invoice
NONE,381051.0,2000000068_00001,2018-07-04T21:59:00.000Z,Vendor creates invoice
user_025,381051.0,2000000068_00001,2018-07-06T12:10:00.000Z,SRM: In Transfer to Execution Syst.
user_016,381051.0,2000000068_00001,2018-07-11T07:26:00.000Z,SRM: Created
user_016,381051.0,2000000068_00001,2018-07-11T09:27:00.000Z,SRM: Complete
user_016,381051.0,2000000068_00001,2018-07-11T09:27:00.000Z,SRM: Awaiting Approval
user_016,381051.0,2000000068_00001,2018-07-11T09:27:00.000Z,SRM: Document Completed
batch_00,381051.0,2000000068_00001,2018-07-12T06:42:00.000Z,SRM: Ordered
batch_00,381051.0,2000000068_00001,2018-07-12T06:42:00.000Z,SRM: In Transfer to Execution Syst.
batch_00,381051.0,2000000068_00001,2018-07-12T06:42:00.000Z,SRM: Deleted
user_000,381051.0,2000000068_00001,2018-07-12T06:42:00.000Z,Change Price
user_000,381051.0,2000000068_00001,2018-07-19T09:30:00.000Z,Record Goods Receipt
NONE,381051.0,2000000068_00001,2018-07-19T09:30:00.000Z,Record Service Entry Sheet
batch_00,381051.0,2000000068_00001,2018-07-19T10:51:00.000Z,Record Invoice Receipt
user_002,381051.0,2000000068_00001,2018-07-26T16:09:00.000Z,Clear Invoice
NONE,381051.0,2000000068_00001,2018-08-03T21:59:00.000Z,Vendor creates invoice
user_000,381051.0,2000000068_00001,2018-08-24T10:39:00.000Z,Record Goods Receipt
NONE,381051.0,2000000068_00001,2018-08-24T10:39:00.000Z,Record Service Entry Sheet
batch_00,381051.0,2000000068_00001,2018-08-24T11:10:00.000Z,Record Invoice Receipt
user_002,381051.0,2000000068_00001,2018-08-30T13:40:00.000Z,Clear Invoice
NONE,381051.0,2000000068_00001,2018-09-04T21:59:00.000Z,Vendor creates invoice
user_000,381051.0,2000000068_00001,2018-09-12T21:06:00.000Z,Record Goods Receipt
NONE,381051.0,2000000068_00001,2018-09-12T21:06:00.000Z,Record Service Entry Sheet
user_019,381051.0,2000000068_00001,2018-09-13T10:03:00.000Z,Record Invoice Receipt
user_010,381051.0,2000000068_00001,2018-09-20T03:36:00.000Z,SRM: Created
user_010,381051.0,2000000068_00001,2018-09-20T05:37:00.000Z,SRM: Complete
user_010,381051.0,2000000068_00001,2018-09-20T05:37:00.000Z,SRM: Awaiting Approval
user_010,381051.0,2000000068_00001,2018-09-20T05:37:00.000Z,SRM: Document Completed
batch_00,381051.0,2000000068_00001,2018-09-20T09:21:00.000Z,SRM: Ordered
batch_00,381051.0,2000000068_00001,2018-09-20T09:21:00.000Z,SRM: In Transfer to Execution Syst.
batch_00,381051.0,2000000068_00001,2018-09-20T09:21:00.000Z,SRM: Deleted
user_000,381051.0,2000000068_00001,2018-09-20T09:21:00.000Z,Change Price
user_002,381051.0,2000000068_00001,2018-09-28T08:29:00.000Z,Clear Invoice
NONE,381051.0,2000000068_00001,2018-10-05T21:59:00.000Z,Vendor creates invoice
user_000,381051.0,2000000068_00001,2018-10-10T20:54:00.000Z,Record Goods Receipt
NONE,381051.0,2000000068_00001,2018-10-10T20:54:00.000Z,Record Service Entry Sheet
user_012,381051.0,2000000068_00001,2018-10-11T09:45:00.000Z,Record Invoice Receipt
user_005,381051.0,2000000068_00001,2018-10-26T09:04:00.000Z,Clear Invoice
NONE,381051.0,2000000068_00001,2018-11-05T22:59:00.000Z,Vendor creates invoice
user_000,381051.0,2000000068_00001,2018-11-07T22:52:00.000Z,Record Goods Receipt
NONE,381051.0,2000000068_00001,2018-11-07T22:52:00.000Z,Record Service Entry Sheet
user_013,381051.0,2000000068_00001,2018-11-14T14:15:00.000Z,Record Invoice Receipt
user_002,381051.0,2000000068_00001,2018-11-29T15:16:00.000Z,Clear Invoice
NONE,381051.0,2000000068_00001,2018-12-05T22:59:00.000Z,Vendor creates invoice
user_000,381051.0,2000000068_00001,2018-12-12T10:06:00.000Z,Record Goods Receipt
NONE,381051.0,2000000068_00001,2018-12-12T10:06:00.000Z,Record Service Entry Sheet
batch_00,381051.0,2000000068_00001,2018-12-12T12:12:00.000Z,Record Invoice Receipt
NONE,381051.0,2000000068_00001,2018-12-18T22:59:00.000Z,Vendor creates invoice
user_000,381051.0,2000000068_00001,2018-12-19T16:19:00.000Z,Record Goods Receipt
NONE,381051.0,2000000068_00001,2018-12-19T16:19:00.000Z,Record Service Entry Sheet
NONE,381051.0,2000000068_00001,2019-01-04T22:59:00.000Z,Clear Invoice
user_012,381051.0,2000000068_00001,2019-01-08T10:09:00.000Z,Record Invoice Receipt
user_002,381051.0,2000000068_00001,2019-01-10T14:46:00.000Z,Clear Invoice
batch_00,495366.0,2000000069_00001,2018-01-19T18:16:00.000Z,SRM: Created
batch_00,495366.0,2000000069_00001,2018-01-19T19:16:00.000Z,SRM: Complete
batch_00,495366.0,2000000069_00001,2018-01-19T19:16:00.000Z,SRM: Awaiting Approval
batch_00,495366.0,2000000069_00001,2018-01-19T19:16:00.000Z,SRM: Document Completed
batch_00,495366.0,2000000069_00001,2018-01-19T19:16:00.000Z,SRM: In Transfer to Execution Syst.
batch_00,495366.0,2000000069_00001,2018-01-19T19:16:00.000Z,SRM: Ordered
user_000,495366.0,2000000069_00001,2018-01-19T19:16:00.000Z,Create Purchase Order Item
batch_00,495366.0,2000000069_00001,2018-01-19T19:16:00.000Z,SRM: Change was Transmitted
NONE,495366.0,2000000069_00001,2018-02-02T22:59:00.000Z,Vendor creates invoice
user_000,495366.0,2000000069_00001,2018-02-13T10:06:00.000Z,Record Goods Receipt
NONE,495366.0,2000000069_00001,2018-02-13T10:06:00.000Z,Record Service Entry Sheet
batch_00,495366.0,2000000069_00001,2018-02-13T11:52:00.000Z,Record Invoice Receipt
user_002,495366.0,2000000069_00001,2018-02-22T15:18:00.000Z,Clear Invoice
NONE,495366.0,2000000069_00001,2018-03-02T22:59:00.000Z,Vendor creates invoice
user_000,495366.0,2000000069_00001,2018-03-14T10:33:00.000Z,Record Goods Receipt
NONE,495366.0,2000000069_00001,2018-03-14T10:33:00.000Z,Record Service Entry Sheet
batch_00,495366.0,2000000069_00001,2018-03-14T11:31:00.000Z,Record Invoice Receipt
user_005,495366.0,2000000069_00001,2018-03-22T12:32:00.000Z,Clear Invoice
NONE,495366.0,2000000069_00001,2018-04-03T21:59:00.000Z,Vendor creates invoice
user_000,495366.0,2000000069_00001,2018-04-04T12:10:00.000Z,Record Goods Receipt
NONE,495366.0,2000000069_00001,2018-04-04T12:10:00.000Z,Record Service Entry Sheet
user_012,495366.0,2000000069_00001,2018-04-06T12:36:00.000Z,Record Invoice Receipt
user_002,495366.0,2000000069_00001,2018-04-26T09:16:00.000Z,Clear Invoice
NONE,495366.0,2000000069_00001,2018-05-04T21:59:00.000Z,Vendor creates invoice
user_000,495366.0,2000000069_00001,2018-05-14T10:12:00.000Z,Record Goods Receipt
NONE,495366.0,2000000069_00001,2018-05-14T10:12:00.000Z,Record Service Entry Sheet
user_001,495366.0,2000000069_00001,2018-05-14T10:25:00.000Z,Record Invoice Receipt
user_002,495366.0,2000000069_00001,2018-05-24T11:36:00.000Z,Clear Invoice
NONE,495366.0,2000000069_00001,2018-06-04T21:59:00.000Z,Vendor creates invoice
user_000,495366.0,2000000069_00001,2018-06-05T00:36:00.000Z,Record Goods Receipt
NONE,495366.0,2000000069_00001,2018-06-05T00:36:00.000Z,Record Service Entry Sheet
user_001,495366.0,2000000069_00001,2018-06-07T08:24:00.000Z,Record Invoice Receipt
user_002,495366.0,2000000069_00001,2018-06-28T12:06:00.000Z,Clear Invoice
NONE,495366.0,2000000069_00001,2018-07-04T21:59:00.000Z,Vendor creates invoice
user_025,495366.0,2000000069_00001,2018-07-06T12:10:00.000Z,SRM: In Transfer to Execution Syst.
user_016,495366.0,2000000069_00001,2018-07-11T07:24:00.000Z,SRM: Created
user_016,495366.0,2000000069_00001,2018-07-11T09:24:00.000Z,SRM: Complete
user_016,495366.0,2000000069_00001,2018-07-11T09:24:00.000Z,SRM: Awaiting Approval
user_016,495366.0,2000000069_00001,2018-07-11T09:24:00.000Z,SRM: Document Completed
batch_00,495366.0,2000000069_00001,2018-07-12T06:41:00.000Z,SRM: In Transfer to Execution Syst.
batch_00,495366.0,2000000069_00001,2018-07-12T06:41:00.000Z,SRM: Ordered
batch_00,495366.0,2000000069_00001,2018-07-12T06:41:00.000Z,SRM: Deleted
user_000,495366.0,2000000069_00001,2018-07-12T06:41:00.000Z,Change Price
user_000,495366.0,2000000069_00001,2018-07-19T09:34:00.000Z,Record Goods Receipt
NONE,495366.0,2000000069_00001,2018-07-19T09:34:00.000Z,Record Service Entry Sheet
batch_00,495366.0,2000000069_00001,2018-07-19T10:52:00.000Z,Record Invoice Receipt
user_002,495366.0,2000000069_00001,2018-07-26T16:09:00.000Z,Clear Invoice
NONE,495366.0,2000000069_00001,2018-07-27T21:59:00.000Z,Vendor creates invoice
user_010,495366.0,2000000069_00001,2018-07-31T10:31:00.000Z,SRM: Created
user_010,495366.0,2000000069_00001,2018-07-31T12:31:00.000Z,SRM: Complete
user_010,495366.0,2000000069_00001,2018-07-31T12:31:00.000Z,SRM: Awaiting Approval
user_010,495366.0,2000000069_00001,2018-07-31T12:31:00.000Z,SRM: Document Completed
batch_00,495366.0,2000000069_00001,2018-07-31T14:39:00.000Z,SRM: In Transfer to Execution Syst.
batch_00,495366.0,2000000069_00001,2018-07-31T14:39:00.000Z,SRM: Ordered
batch_00,495366.0,2000000069_00001,2018-07-31T14:39:00.000Z,SRM: Deleted
user_000,495366.0,2000000069_00001,2018-07-31T14:40:00.000Z,Change Price
user_000,495366.0,2000000069_00001,2018-08-24T11:54:00.000Z,Record Goods Receipt
NONE,495366.0,2000000069_00001,2018-08-24T11:54:00.000Z,Record Service Entry Sheet
user_013,495366.0,2000000069_00001,2018-08-28T13:37:00.000Z,Record Invoice Receipt
user_002,495366.0,2000000069_00001,2018-08-30T13:40:00.000Z,Clear Invoice
NONE,495366.0,2000000069_00001,2018-09-05T21:59:00.000Z,Vendor creates invoice
user_000,495366.0,2000000069_00001,2018-09-06T11:53:00.000Z,Record Goods Receipt
NONE,495366.0,2000000069_00001,2018-09-06T11:53:00.000Z,Record Service Entry Sheet
user_001,495366.0,2000000069_00001,2018-09-10T10:47:00.000Z,Record Invoice Receipt
user_010,495366.0,2000000069_00001,2018-09-20T03:44:00.000Z,SRM: Created
user_010,495366.0,2000000069_00001,2018-09-20T05:44:00.000Z,SRM: Complete
user_010,495366.0,2000000069_00001,2018-09-20T05:44:00.000Z,SRM: Awaiting Approval
user_010,495366.0,2000000069_00001,2018-09-20T05:44:00.000Z,SRM: Document Completed
batch_00,495366.0,2000000069_00001,2018-09-20T09:21:00.000Z,SRM: In Transfer to Execution Syst.
batch_00,495366.0,2000000069_00001,2018-09-20T09:21:00.000Z,SRM: Ordered
batch_00,495366.0,2000000069_00001,2018-09-20T09:21:00.000Z,SRM: Deleted
user_000,495366.0,2000000069_00001,2018-09-20T09:21:00.000Z,Change Price
user_002,495366.0,2000000069_00001,2018-09-28T08:29:00.000Z,Clear Invoice
NONE,495366.0,2000000069_00001,2018-10-10T21:59:00.000Z,Vendor creates invoice
user_000,495366.0,2000000069_00001,2018-10-19T13:14:00.000Z,Record Goods Receipt
NONE,495366.0,2000000069_00001,2018-10-19T13:14:00.000Z,Record Service Entry Sheet
user_020,495366.0,2000000069_00001,2018-10-22T10:05:00.000Z,Record Invoice Receipt
user_002,495366.0,2000000069_00001,2018-11-01T15:27:00.000Z,Clear Invoice
NONE,495366.0,2000000069_00001,2018-11-06T22:59:00.000Z,Vendor creates invoice
user_000,495366.0,2000000069_00001,2018-11-07T22:14:00.000Z,Record Goods Receipt
NONE,495366.0,2000000069_00001,2018-11-07T22:14:00.000Z,Record Service Entry Sheet
user_013,495366.0,2000000069_00001,2018-11-14T14:00:00.000Z,Record Invoice Receipt
user_002,495366.0,2000000069_00001,2018-11-29T15:16:00.000Z,Clear Invoice
NONE,495366.0,2000000069_00001,2018-12-05T22:59:00.000Z,Vendor creates invoice
user_000,495366.0,2000000069_00001,2018-12-10T22:51:00.000Z,Record Goods Receipt
NONE,495366.0,2000000069_00001,2018-12-10T22:51:00.000Z,Record Service Entry Sheet
user_000,495366.0,2000000069_00001,2018-12-10T23:16:00.000Z,Record Goods Receipt
NONE,495366.0,2000000069_00001,2018-12-10T23:16:00.000Z,Record Service Entry Sheet
user_001,495366.0,2000000069_00001,2018-12-18T06:52:00.000Z,Record Invoice Receipt
NONE,495366.0,2000000069_00001,2018-12-18T22:59:00.000Z,Vendor creates invoice
user_020,495366.0,2000000069_00001,2018-12-19T08:38:00.000Z,Record Invoice Receipt
user_000,495366.0,2000000069_00001,2018-12-19T16:09:00.000Z,Record Goods Receipt
NONE,495366.0,2000000069_00001,2018-12-19T16:09:00.000Z,Record Service Entry Sheet
batch_00,495366.0,2000000069_00001,2018-12-20T15:44:00.000Z,Record Invoice Receipt
user_005,495366.0,2000000069_00001,2019-01-03T15:12:00.000Z,Clear Invoice
user_002,495366.0,2000000069_00001,2019-01-10T14:46:00.000Z,Clear Invoice
batch_00,242487.0,2000000070_00001,2018-01-19T18:16:00.000Z,SRM: Created
batch_00,242487.0,2000000070_00001,2018-01-19T19:17:00.000Z,SRM: Complete
batch_00,242487.0,2000000070_00001,2018-01-19T19:17:00.000Z,SRM: Awaiting Approval
batch_00,242487.0,2000000070_00001,2018-01-19T19:17:00.000Z,SRM: Document Completed
batch_00,242487.0,2000000070_00001,2018-01-19T19:17:00.000Z,SRM: In Transfer to Execution Syst.
batch_00,242487.0,2000000070_00001,2018-01-19T19:17:00.000Z,SRM: Ordered
batch_00,242487.0,2000000070_00001,2018-01-19T19:17:00.000Z,SRM: Change was Transmitted
user_000,242487.0,2000000070_00001,2018-01-19T19:17:00.000Z,Create Purchase Order Item
NONE,242487.0,2000000070_00001,2018-02-02T22:59:00.000Z,Vendor creates invoice
user_000,242487.0,2000000070_00001,2018-02-12T13:17:00.000Z,Record Goods Receipt
NONE,242487.0,2000000070_00001,2018-02-12T13:17:00.000Z,Record Service Entry Sheet
batch_00,242487.0,2000000070_00001,2018-02-12T18:05:00.000Z,Record Invoice Receipt
user_002,242487.0,2000000070_00001,2018-02-22T15:18:00.000Z,Clear Invoice
NONE,242487.0,2000000070_00001,2018-03-02T22:59:00.000Z,Vendor creates invoice
user_000,242487.0,2000000070_00001,2018-03-13T13:36:00.000Z,Record Goods Receipt
NONE,242487.0,2000000070_00001,2018-03-13T13:36:00.000Z,Record Service Entry Sheet
batch_00,242487.0,2000000070_00001,2018-03-13T18:00:00.000Z,Record Invoice Receipt
user_005,242487.0,2000000070_00001,2018-03-22T12:32:00.000Z,Clear Invoice
NONE,242487.0,2000000070_00001,2018-04-03T21:59:00.000Z,Vendor creates invoice
user_000,242487.0,2000000070_00001,2018-04-04T12:24:00.000Z,Record Goods Receipt
NONE,242487.0,2000000070_00001,2018-04-04T12:24:00.000Z,Record Service Entry Sheet
user_013,242487.0,2000000070_00001,2018-04-06T08:04:00.000Z,Record Invoice Receipt
user_002,242487.0,2000000070_00001,2018-04-26T09:16:00.000Z,Clear Invoice
NONE,242487.0,2000000070_00001,2018-05-04T21:59:00.000Z,Vendor creates invoice
user_000,242487.0,2000000070_00001,2018-05-14T09:13:00.000Z,Record Goods Receipt
NONE,242487.0,2000000070_00001,2018-05-14T09:13:00.000Z,Record Service Entry Sheet
batch_00,242487.0,2000000070_00001,2018-05-14T10:52:00.000Z,Record Invoice Receipt
user_002,242487.0,2000000070_00001,2018-05-24T11:36:00.000Z,Clear Invoice
NONE,242487.0,2000000070_00001,2018-06-04T21:59:00.000Z,Vendor creates invoice
user_000,242487.0,2000000070_00001,2018-06-04T23:54:00.000Z,Record Goods Receipt
NONE,242487.0,2000000070_00001,2018-06-04T23:54:00.000Z,Record Service Entry Sheet
user_013,242487.0,2000000070_00001,2018-06-07T09:34:00.000Z,Record Invoice Receipt
user_002,242487.0,2000000070_00001,2018-06-28T12:06:00.000Z,Clear Invoice
NONE,242487.0,2000000070_00001,2018-07-04T21:59:00.000Z,Vendor creates invoice
user_025,242487.0,2000000070_00001,2018-07-06T12:10:00.000Z,SRM: In Transfer to Execution Syst.
user_000,242487.0,2000000070_00001,2018-07-09T14:59:00.000Z,Record Goods Receipt
NONE,242487.0,2000000070_00001,2018-07-09T14:59:00.000Z,Record Service Entry Sheet
user_001,242487.0,2000000070_00001,2018-07-10T14:39:00.000Z,Record Invoice Receipt
user_002,242487.0,2000000070_00001,2018-07-26T16:09:00.000Z,Clear Invoice
NONE,242487.0,2000000070_00001,2018-07-27T21:59:00.000Z,Vendor creates invoice
user_000,242487.0,2000000070_00001,2018-07-31T11:04:00.000Z,Record Goods Receipt
NONE,242487.0,2000000070_00001,2018-07-31T11:04:00.000Z,Record Service Entry Sheet
user_010,242487.0,2000000070_00001,2018-07-31T11:23:00.000Z,SRM: Created
user_010,242487.0,2000000070_00001,2018-07-31T13:23:00.000Z,SRM: Complete
user_010,242487.0,2000000070_00001,2018-07-31T13:23:00.000Z,SRM: Awaiting Approval
user_010,242487.0,2000000070_00001,2018-07-31T13:23:00.000Z,SRM: Document Completed
batch_00,242487.0,2000000070_00001,2018-07-31T14:40:00.000Z,SRM: In Transfer to Execution Syst.
batch_00,242487.0,2000000070_00001,2018-07-31T14:40:00.000Z,SRM: Ordered
batch_00,242487.0,2000000070_00001,2018-07-31T14:40:00.000Z,SRM: Deleted
user_000,242487.0,2000000070_00001,2018-07-31T14:40:00.000Z,Change Price
user_013,242487.0,2000000070_00001,2018-08-09T06:33:00.000Z,Record Invoice Receipt
user_002,242487.0,2000000070_00001,2018-08-16T13:03:00.000Z,Clear Invoice
NONE,242487.0,2000000070_00001,2018-09-04T21:59:00.000Z,Vendor creates invoice
user_000,242487.0,2000000070_00001,2018-09-27T12:52:00.000Z,Record Goods Receipt
NONE,242487.0,2000000070_00001,2018-09-27T12:52:00.000Z,Record Service Entry Sheet
user_012,242487.0,2000000070_00001,2018-10-02T11:40:00.000Z,Record Invoice Receipt
user_002,242487.0,2000000070_00001,2018-10-04T14:50:00.000Z,Clear Invoice
NONE,242487.0,2000000070_00001,2018-10-05T21:59:00.000Z,Vendor creates invoice
user_000,242487.0,2000000070_00001,2018-10-10T21:08:00.000Z,Record Goods Receipt
NONE,242487.0,2000000070_00001,2018-10-10T21:08:00.000Z,Record Service Entry Sheet
user_001,242487.0,2000000070_00001,2018-10-11T08:51:00.000Z,Record Invoice Receipt
user_005,242487.0,2000000070_00001,2018-10-26T09:04:00.000Z,Clear Invoice
NONE,242487.0,2000000070_00001,2018-12-18T22:59:00.000Z,Vendor creates invoice
user_000,242487.0,2000000070_00001,2018-12-19T15:56:00.000Z,Record Goods Receipt
NONE,242487.0,2000000070_00001,2018-12-19T15:56:00.000Z,Record Service Entry Sheet
batch_00,242487.0,2000000070_00001,2018-12-19T17:45:00.000Z,Record Invoice Receipt
user_002,242487.0,2000000070_00001,2019-01-10T14:46:00.000Z,Clear Invoice
batch_00,207846.0,2000000071_00001,2018-01-19T18:17:00.000Z,SRM: Created
batch_00,207846.0,2000000071_00001,2018-01-19T19:17:00.000Z,SRM: Complete
batch_00,207846.0,2000000071_00001,2018-01-19T19:17:00.000Z,SRM: Awaiting Approval
batch_00,207846.0,2000000071_00001,2018-01-19T19:17:00.000Z,SRM: Document Completed
batch_00,207846.0,2000000071_00001,2018-01-19T19:17:00.000Z,SRM: In Transfer to Execution Syst.
batch_00,207846.0,2000000071_00001,2018-01-19T19:17:00.000Z,SRM: Ordered
batch_00,207846.0,2000000071_00001,2018-01-19T19:17:00.000Z,SRM: Change was Transmitted
user_000,207846.0,2000000071_00001,2018-01-19T19:17:00.000Z,Create Purchase Order Item
NONE,207846.0,2000000071_00001,2018-02-02T22:59:00.000Z,Vendor creates debit memo
NONE,207846.0,2000000071_00001,2018-02-02T22:59:00.000Z,Vendor creates invoice
user_000,207846.0,2000000071_00001,2018-02-13T11:08:00.000Z,Record Goods Receipt
NONE,207846.0,2000000071_00001,2018-02-13T11:08:00.000Z,Record Service Entry Sheet
batch_00,207846.0,2000000071_00001,2018-02-13T12:00:00.000Z,Record Invoice Receipt
user_002,207846.0,2000000071_00001,2018-02-22T15:18:00.000Z,Clear Invoice
NONE,207846.0,2000000071_00001,2018-03-02T22:59:00.000Z,Vendor creates invoice
user_000,207846.0,2000000071_00001,2018-03-14T09:04:00.000Z,Record Goods Receipt
NONE,207846.0,2000000071_00001,2018-03-14T09:04:00.000Z,Record Service Entry Sheet
batch_00,207846.0,2000000071_00001,2018-03-14T11:29:00.000Z,Record Invoice Receipt
user_005,207846.0,2000000071_00001,2018-03-22T12:32:00.000Z,Clear Invoice
NONE,207846.0,2000000071_00001,2018-04-10T21:59:00.000Z,Vendor creates invoice
user_000,207846.0,2000000071_00001,2018-04-11T07:02:00.000Z,Record Goods Receipt
NONE,207846.0,2000000071_00001,2018-04-11T07:02:00.000Z,Record Service Entry Sheet
user_013,207846.0,2000000071_00001,2018-04-12T08:26:00.000Z,Record Invoice Receipt
NONE,207846.0,2000000071_00001,2018-05-04T21:59:00.000Z,Vendor creates invoice
user_002,207846.0,2000000071_00001,2018-05-09T12:12:00.000Z,Clear Invoice
user_000,207846.0,2000000071_00001,2018-05-14T11:10:00.000Z,Record Goods Receipt
NONE,207846.0,2000000071_00001,2018-05-14T11:10:00.000Z,Record Service Entry Sheet
user_013,207846.0,2000000071_00001,2018-05-15T08:10:00.000Z,Record Invoice Receipt
user_002,207846.0,2000000071_00001,2018-05-18T08:29:00.000Z,Clear Invoice
NONE,207846.0,2000000071_00001,2018-06-04T21:59:00.000Z,Vendor creates debit memo
NONE,207846.0,2000000071_00001,2018-06-04T21:59:00.000Z,Vendor creates invoice
user_019,207846.0,2000000071_00001,2018-06-06T12:18:00.000Z,Record Invoice Receipt
user_000,207846.0,2000000071_00001,2018-06-06T22:29:00.000Z,Record Goods Receipt
NONE,207846.0,2000000071_00001,2018-06-06T22:29:00.000Z,Record Service Entry Sheet
user_015,207846.0,2000000071_00001,2018-07-03T07:53:00.000Z,Cancel Invoice Receipt
user_015,207846.0,2000000071_00001,2018-07-03T07:54:00.000Z,Clear Invoice
user_015,207846.0,2000000071_00001,2018-07-03T07:56:00.000Z,Record Invoice Receipt
NONE,207846.0,2000000071_00001,2018-07-04T21:59:00.000Z,Vendor creates invoice
user_002,207846.0,2000000071_00001,2018-07-05T12:13:00.000Z,Clear Invoice
user_025,207846.0,2000000071_00001,2018-07-06T12:10:00.000Z,SRM: In Transfer to Execution Syst.
user_000,207846.0,2000000071_00001,2018-07-09T15:38:00.000Z,Record Goods Receipt
NONE,207846.0,2000000071_00001,2018-07-09T15:38:00.000Z,Record Service Entry Sheet
user_013,207846.0,2000000071_00001,2018-07-10T13:13:00.000Z,Record Invoice Receipt
user_002,207846.0,2000000071_00001,2018-07-26T16:09:00.000Z,Clear Invoice
NONE,207846.0,2000000071_00001,2018-07-27T21:59:00.000Z,Vendor creates invoice
user_000,207846.0,2000000071_00001,2018-07-31T10:36:00.000Z,Record Goods Receipt
NONE,207846.0,2000000071_00001,2018-07-31T10:36:00.000Z,Record Service Entry Sheet
user_001,207846.0,2000000071_00001,2018-08-09T07:18:00.000Z,Record Invoice Receipt
user_002,207846.0,2000000071_00001,2018-08-16T13:03:00.000Z,Clear Invoice
user_004,207846.0,2000000071_00001,2018-11-05T11:30:00.000Z,Cancel Invoice Receipt
user_004,207846.0,2000000071_00001,2018-11-05T11:33:00.000Z,Record Invoice Receipt
user_004,207846.0,2000000071_00001,2018-11-05T11:33:00.000Z,Clear Invoice
NONE,207846.0,2000000071_00001,2018-11-06T22:59:00.000Z,Vendor creates invoice
user_000,207846.0,2000000071_00001,2018-11-16T15:17:00.000Z,Record Goods Receipt
NONE,207846.0,2000000071_00001,2018-11-16T15:17:00.000Z,Record Service Entry Sheet
user_012,207846.0,2000000071_00001,2018-12-05T08:18:00.000Z,Record Invoice Receipt
user_002,207846.0,2000000071_00001,2018-12-07T08:09:00.000Z,Clear Invoice
batch_00,346410.0,2000000072_00001,2018-01-19T18:17:00.000Z,SRM: Created
batch_00,346410.0,2000000072_00001,2018-01-19T19:17:00.000Z,SRM: Complete
batch_00,346410.0,2000000072_00001,2018-01-19T19:17:00.000Z,SRM: Awaiting Approval
batch_00,346410.0,2000000072_00001,2018-01-19T19:17:00.000Z,SRM: Document Completed
batch_00,346410.0,2000000072_00001,2018-01-19T19:17:00.000Z,SRM: In Transfer to Execution Syst.
batch_00,346410.0,2000000072_00001,2018-01-19T19:17:00.000Z,SRM: Ordered
batch_00,346410.0,2000000072_00001,2018-01-19T19:17:00.000Z,SRM: Change was Transmitted
user_000,346410.0,2000000072_00001,2018-01-19T19:17:00.000Z,Create Purchase Order Item
NONE,346410.0,2000000072_00001,2018-02-02T22:59:00.000Z,Vendor creates invoice
user_000,346410.0,2000000072_00001,2018-02-13T10:55:00.000Z,Record Goods Receipt
NONE,346410.0,2000000072_00001,2018-02-13T10:55:00.000Z,Record Service Entry Sheet
user_006,346410.0,2000000072_00001,2018-02-13T15:39:00.000Z,Record Invoice Receipt
user_002,346410.0,2000000072_00001,2018-02-22T15:18:00.000Z,Clear Invoice
NONE,346410.0,2000000072_00001,2018-03-05T22:59:00.000Z,Vendor creates invoice
user_000,346410.0,2000000072_00001,2018-03-13T13:11:00.000Z,Record Goods Receipt
NONE,346410.0,2000000072_00001,2018-03-13T13:11:00.000Z,Record Service Entry Sheet
batch_00,346410.0,2000000072_00001,2018-03-13T17:50:00.000Z,Record Invoice Receipt
user_002,346410.0,2000000072_00001,2018-03-29T13:11:00.000Z,Clear Invoice
NONE,346410.0,2000000072_00001,2018-04-03T21:59:00.000Z,Vendor creates invoice
user_000,346410.0,2000000072_00001,2018-04-04T12:15:00.000Z,Record Goods Receipt
NONE,346410.0,2000000072_00001,2018-04-04T12:15:00.000Z,Record Service Entry Sheet
batch_00,346410.0,2000000072_00001,2018-04-09T14:53:00.000Z,Record Invoice Receipt
user_002,346410.0,2000000072_00001,2018-04-26T09:16:00.000Z,Clear Invoice
NONE,346410.0,2000000072_00001,2018-05-04T21:59:00.000Z,Vendor creates invoice
user_000,346410.0,2000000072_00001,2018-05-14T10:53:00.000Z,Record Goods Receipt
NONE,346410.0,2000000072_00001,2018-05-14T10:53:00.000Z,Record Service Entry Sheet
user_013,346410.0,2000000072_00001,2018-05-15T08:12:00.000Z,Record Invoice Receipt
user_002,346410.0,2000000072_00001,2018-05-24T11:36:00.000Z,Clear Invoice
NONE,346410.0,2000000072_00001,2018-06-04T21:59:00.000Z,Vendor creates invoice
user_000,346410.0,2000000072_00001,2018-06-05T00:41:00.000Z,Record Goods Receipt
NONE,346410.0,2000000072_00001,2018-06-05T00:41:00.000Z,Record Service Entry Sheet
user_001,346410.0,2000000072_00001,2018-06-07T08:26:00.000Z,Record Invoice Receipt
user_002,346410.0,2000000072_00001,2018-06-28T12:06:00.000Z,Clear Invoice
NONE,346410.0,2000000072_00001,2018-07-04T21:59:00.000Z,Vendor creates invoice
user_025,346410.0,2000000072_00001,2018-07-06T12:10:00.000Z,SRM: In Transfer to Execution Syst.
user_000,346410.0,2000000072_00001,2018-07-09T15:28:00.000Z,Record Goods Receipt
NONE,346410.0,2000000072_00001,2018-07-09T15:28:00.000Z,Record Service Entry Sheet
user_001,346410.0,2000000072_00001,2018-07-10T14:40:00.000Z,Record Invoice Receipt
user_002,346410.0,2000000072_00001,2018-07-26T16:09:00.000Z,Clear Invoice
NONE,346410.0,2000000072_00001,2018-07-27T21:59:00.000Z,Vendor creates invoice
user_000,346410.0,2000000072_00001,2018-07-31T10:45:00.000Z,Record Goods Receipt
NONE,346410.0,2000000072_00001,2018-07-31T10:45:00.000Z,Record Service Entry Sheet
user_001,346410.0,2000000072_00001,2018-08-09T07:17:00.000Z,Record Invoice Receipt
user_002,346410.0,2000000072_00001,2018-08-16T13:03:00.000Z,Clear Invoice
NONE,346410.0,2000000072_00001,2018-09-05T21:59:00.000Z,Vendor creates invoice
user_010,346410.0,2000000072_00001,2018-09-20T03:48:00.000Z,SRM: Created
user_010,346410.0,2000000072_00001,2018-09-20T05:49:00.000Z,SRM: Complete
user_010,346410.0,2000000072_00001,2018-09-20T05:49:00.000Z,SRM: Awaiting Approval
user_010,346410.0,2000000072_00001,2018-09-20T05:49:00.000Z,SRM: Document Completed
batch_00,346410.0,2000000072_00001,2018-09-20T09:22:00.000Z,SRM: In Transfer to Execution Syst.
batch_00,346410.0,2000000072_00001,2018-09-20T09:22:00.000Z,SRM: Ordered
batch_00,346410.0,2000000072_00001,2018-09-20T09:22:00.000Z,SRM: Deleted
user_000,346410.0,2000000072_00001,2018-09-20T09:22:00.000Z,Change Price
user_000,346410.0,2000000072_00001,2018-09-27T12:54:00.000Z,Record Goods Receipt
NONE,346410.0,2000000072_00001,2018-09-27T12:54:00.000Z,Record Service Entry Sheet
user_013,346410.0,2000000072_00001,2018-10-02T10:40:00.000Z,Record Invoice Receipt
user_002,346410.0,2000000072_00001,2018-10-04T14:50:00.000Z,Clear Invoice
NONE,346410.0,2000000072_00001,2018-10-05T21:59:00.000Z,Vendor creates invoice
user_000,346410.0,2000000072_00001,2018-10-10T21:28:00.000Z,Record Goods Receipt
NONE,346410.0,2000000072_00001,2018-10-10T21:28:00.000Z,Record Service Entry Sheet
user_001,346410.0,2000000072_00001,2018-10-11T08:53:00.000Z,Record Invoice Receipt
user_005,346410.0,2000000072_00001,2018-10-26T09:04:00.000Z,Clear Invoice
NONE,346410.0,2000000072_00001,2018-11-06T22:59:00.000Z,Vendor creates invoice
user_000,346410.0,2000000072_00001,2018-11-07T22:26:00.000Z,Record Goods Receipt
NONE,346410.0,2000000072_00001,2018-11-07T22:26:00.000Z,Record Service Entry Sheet
user_013,346410.0,2000000072_00001,2018-11-14T14:01:00.000Z,Record Invoice Receipt
user_002,346410.0,2000000072_00001,2018-11-29T15:16:00.000Z,Clear Invoice
NONE,346410.0,2000000072_00001,2018-12-05T22:59:00.000Z,Vendor creates invoice
user_000,346410.0,2000000072_00001,2018-12-10T22:29:00.000Z,Record Goods Receipt
NONE,346410.0,2000000072_00001,2018-12-10T22:29:00.000Z,Record Service Entry Sheet
user_012,346410.0,2000000072_00001,2018-12-11T09:50:00.000Z,Record Invoice Receipt
NONE,346410.0,2000000072_00001,2018-12-18T22:59:00.000Z,Vendor creates invoice
user_000,346410.0,2000000072_00001,2018-12-19T15:53:00.000Z,Record Goods Receipt
NONE,346410.0,2000000072_00001,2018-12-19T15:53:00.000Z,Record Service Entry Sheet
user_019,346410.0,2000000072_00001,2018-12-21T10:41:00.000Z,Record Invoice Receipt
NONE,346410.0,2000000072_00001,2019-01-04T22:59:00.000Z,Clear Invoice
user_002,346410.0,2000000072_00001,2019-01-10T14:46:00.000Z,Clear Invoice
batch_00,83.0,2000000073_00001,2018-01-22T06:34:00.000Z,SRM: Created
batch_00,83.0,2000000073_00001,2018-01-22T07:34:00.000Z,SRM: Complete
batch_00,83.0,2000000073_00001,2018-01-22T07:34:00.000Z,SRM: Awaiting Approval
batch_00,83.0,2000000073_00001,2018-01-22T07:34:00.000Z,SRM: Document Completed
batch_00,83.0,2000000073_00001,2018-01-22T07:34:00.000Z,SRM: Change was Transmitted
batch_00,83.0,2000000073_00001,2018-01-22T07:34:00.000Z,SRM: Ordered
batch_00,83.0,2000000073_00001,2018-01-22T07:34:00.000Z,SRM: In Transfer to Execution Syst.
user_000,83.0,2000000073_00001,2018-01-22T07:34:00.000Z,Create Purchase Order Item
NONE,83.0,2000000073_00001,2018-01-22T22:59:00.000Z,Vendor creates invoice
user_000,83.0,2000000073_00001,2018-01-31T08:40:00.000Z,Record Goods Receipt
user_018,83.0,2000000073_00001,2018-02-06T08:58:00.000Z,Record Invoice Receipt
user_002,83.0,2000000073_00001,2018-03-29T13:06:00.000Z,Clear Invoice
batch_00,132.0,2000000074_00001,2018-01-22T09:14:00.000Z,SRM: Created
batch_00,132.0,2000000074_00001,2018-01-22T10:14:00.000Z,SRM: Complete
batch_00,132.0,2000000074_00001,2018-01-22T10:14:00.000Z,SRM: Awaiting Approval
batch_00,132.0,2000000074_00001,2018-01-22T10:14:00.000Z,SRM: Document Completed
batch_00,132.0,2000000074_00001,2018-01-22T10:14:00.000Z,SRM: In Transfer to Execution Syst.
batch_00,132.0,2000000074_00001,2018-01-22T10:14:00.000Z,SRM: Ordered
batch_00,132.0,2000000074_00001,2018-01-22T10:14:00.000Z,SRM: Change was Transmitted
user_000,132.0,2000000074_00001,2018-01-22T10:14:00.000Z,Create Purchase Order Item
NONE,132.0,2000000074_00001,2018-01-22T22:59:00.000Z,Vendor creates invoice
user_000,132.0,2000000074_00001,2018-01-24T14:59:00.000Z,Record Goods Receipt
user_001,132.0,2000000074_00001,2018-01-24T16:26:00.000Z,Record Invoice Receipt
user_005,132.0,2000000074_00001,2018-03-08T12:20:00.000Z,Clear Invoice
batch_00,147.0,2000000075_00001,2018-01-22T09:14:00.000Z,SRM: Created
batch_00,147.0,2000000075_00001,2018-01-22T10:14:00.000Z,SRM: Complete
batch_00,147.0,2000000075_00001,2018-01-22T10:14:00.000Z,SRM: Awaiting Approval
batch_00,147.0,2000000075_00001,2018-01-22T10:14:00.000Z,SRM: Document Completed
batch_00,147.0,2000000075_00001,2018-01-22T10:14:00.000Z,SRM: In Transfer to Execution Syst.
batch_00,147.0,2000000075_00001,2018-01-22T10:14:00.000Z,SRM: Change was Transmitted
batch_00,147.0,2000000075_00001,2018-01-22T10:14:00.000Z,SRM: Ordered
user_000,147.0,2000000075_00001,2018-01-22T10:14:00.000Z,Create Purchase Order Item
NONE,147.0,2000000075_00001,2018-01-23T22:59:00.000Z,Vendor creates invoice
user_000,147.0,2000000075_00001,2018-01-29T13:12:00.000Z,Record Goods Receipt
user_018,147.0,2000000075_00001,2018-02-06T09:14:00.000Z,Record Invoice Receipt
user_002,147.0,2000000075_00001,2018-03-29T13:07:00.000Z,Clear Invoice
batch_00,51.0,2000000076_00001,2018-01-22T09:14:00.000Z,SRM: Created
batch_00,51.0,2000000076_00001,2018-01-22T10:14:00.000Z,SRM: Complete
batch_00,51.0,2000000076_00001,2018-01-22T10:14:00.000Z,SRM: Awaiting Approval
batch_00,51.0,2000000076_00001,2018-01-22T10:14:00.000Z,SRM: Document Completed
batch_00,51.0,2000000076_00001,2018-01-22T10:14:00.000Z,SRM: In Transfer to Execution Syst.
batch_00,51.0,2000000076_00001,2018-01-22T10:14:00.000Z,SRM: Ordered
batch_00,51.0,2000000076_00001,2018-01-22T10:14:00.000Z,SRM: Change was Transmitted
user_000,51.0,2000000076_00001,2018-01-22T10:14:00.000Z,Create Purchase Order Item
NONE,51.0,2000000076_00001,2018-01-29T22:59:00.000Z,Vendor creates invoice
user_000,51.0,2000000076_00001,2018-01-31T10:03:00.000Z,Record Goods Receipt
user_008,51.0,2000000076_00001,2018-02-08T13:58:00.000Z,Record Invoice Receipt
user_005,51.0,2000000076_00001,2018-03-08T12:20:00.000Z,Clear Invoice
batch_00,159.0,2000000076_00002,2018-01-22T09:14:00.000Z,SRM: Created
batch_00,159.0,2000000076_00002,2018-01-22T10:14:00.000Z,SRM: Complete
batch_00,159.0,2000000076_00002,2018-01-22T10:14:00.000Z,SRM: Awaiting Approval
batch_00,159.0,2000000076_00002,2018-01-22T10:14:00.000Z,SRM: Document Completed
batch_00,159.0,2000000076_00002,2018-01-22T10:14:00.000Z,SRM: In Transfer to Execution Syst.
batch_00,159.0,2000000076_00002,2018-01-22T10:14:00.000Z,SRM: Ordered
batch_00,159.0,2000000076_00002,2018-01-22T10:14:00.000Z,SRM: Change was Transmitted
user_000,159.0,2000000076_00002,2018-01-22T10:14:00.000Z,Create Purchase Order Item
NONE,159.0,2000000076_00002,2018-01-29T22:59:00.000Z,Vendor creates invoice
user_000,159.0,2000000076_00002,2018-01-31T10:03:00.000Z,Record Goods Receipt
user_008,159.0,2000000076_00002,2018-02-08T13:58:00.000Z,Record Invoice Receipt
user_005,159.0,2000000076_00002,2018-03-08T12:20:00.000Z,Clear Invoice
batch_00,21.0,2000000076_00003,2018-01-22T09:14:00.000Z,SRM: Created
batch_00,21.0,2000000076_00003,2018-01-22T10:14:00.000Z,SRM: Complete
batch_00,21.0,2000000076_00003,2018-01-22T10:14:00.000Z,SRM: Awaiting Approval
batch_00,21.0,2000000076_00003,2018-01-22T10:14:00.000Z,SRM: Document Completed
batch_00,21.0,2000000076_00003,2018-01-22T10:14:00.000Z,SRM: In Transfer to Execution Syst.
batch_00,21.0,2000000076_00003,2018-01-22T10:14:00.000Z,SRM: Ordered
batch_00,21.0,2000000076_00003,2018-01-22T10:14:00.000Z,SRM: Change was Transmitted
user_000,21.0,2000000076_00003,2018-01-22T10:14:00.000Z,Create Purchase Order Item
batch_00,86.0,2000000077_00001,2018-01-22T09:14:00.000Z,SRM: Created
batch_00,86.0,2000000077_00001,2018-01-22T10:14:00.000Z,SRM: Complete
batch_00,86.0,2000000077_00001,2018-01-22T10:14:00.000Z,SRM: Awaiting Approval
batch_00,86.0,2000000077_00001,2018-01-22T10:14:00.000Z,SRM: Document Completed
batch_00,86.0,2000000077_00001,2018-01-22T10:14:00.000Z,SRM: In Transfer to Execution Syst.
batch_00,86.0,2000000077_00001,2018-01-22T10:14:00.000Z,SRM: Ordered
user_000,86.0,2000000077_00001,2018-01-22T10:14:00.000Z,Create Purchase Order Item
batch_00,86.0,2000000077_00001,2018-01-22T10:14:00.000Z,SRM: Change was Transmitted
user_000,86.0,2000000077_00001,2018-01-26T11:42:00.000Z,Record Goods Receipt
NONE,86.0,2000000077_00001,2018-01-26T22:59:00.000Z,Vendor creates invoice
user_013,86.0,2000000077_00001,2018-03-13T15:54:00.000Z,Record Invoice Receipt
user_002,86.0,2000000077_00001,2018-04-05T13:48:00.000Z,Clear Invoice
batch_00,33.0,2000000077_00002,2018-01-22T09:14:00.000Z,SRM: Created
batch_00,33.0,2000000077_00002,2018-01-22T10:14:00.000Z,SRM: Complete
batch_00,33.0,2000000077_00002,2018-01-22T10:14:00.000Z,SRM: Awaiting Approval
batch_00,33.0,2000000077_00002,2018-01-22T10:14:00.000Z,SRM: Document Completed
batch_00,33.0,2000000077_00002,2018-01-22T10:14:00.000Z,SRM: In Transfer to Execution Syst.
batch_00,33.0,2000000077_00002,2018-01-22T10:14:00.000Z,SRM: Ordered
user_000,33.0,2000000077_00002,2018-01-22T10:14:00.000Z,Create Purchase Order Item
batch_00,33.0,2000000077_00002,2018-01-22T10:14:00.000Z,SRM: Change was Transmitted
batch_00,5897.0,2000000078_00001,2018-01-22T09:55:00.000Z,SRM: Created
batch_00,5897.0,2000000078_00001,2018-01-22T10:55:00.000Z,SRM: Complete
batch_00,5897.0,2000000078_00001,2018-01-22T10:55:00.000Z,SRM: Awaiting Approval
batch_00,5897.0,2000000078_00001,2018-01-22T10:55:00.000Z,SRM: Document Completed
batch_00,5897.0,2000000078_00001,2018-01-22T10:55:00.000Z,SRM: In Transfer to Execution Syst.
batch_00,5897.0,2000000078_00001,2018-01-22T10:55:00.000Z,SRM: Ordered
user_000,5897.0,2000000078_00001,2018-01-22T10:55:00.000Z,Create Purchase Order Item
batch_00,5897.0,2000000078_00001,2018-01-22T10:55:00.000Z,SRM: Change was Transmitted
NONE,5897.0,2000000078_00001,2018-01-31T22:59:00.000Z,Vendor creates invoice
user_000,5897.0,2000000078_00001,2018-02-01T09:12:00.000Z,Record Goods Receipt
NONE,5897.0,2000000078_00001,2018-02-01T09:12:00.000Z,Record Service Entry Sheet
NONE,5897.0,2000000078_00001,2018-02-08T22:59:00.000Z,Vendor creates invoice
user_001,5897.0,2000000078_00001,2018-02-10T07:19:00.000Z,Record Invoice Receipt
user_000,5897.0,2000000078_00001,2018-02-13T09:18:00.000Z,Record Goods Receipt
NONE,5897.0,2000000078_00001,2018-02-13T09:18:00.000Z,Record Service Entry Sheet
user_001,5897.0,2000000078_00001,2018-04-10T15:50:00.000Z,Record Invoice Receipt
user_002,5897.0,2000000078_00001,2018-04-20T13:30:00.000Z,Clear Invoice
user_002,5897.0,2000000078_00001,2018-04-26T09:14:00.000Z,Clear Invoice
user_025,5897.0,2000000078_00001,2018-07-06T12:10:00.000Z,SRM: In Transfer to Execution Syst.
batch_00,141.0,2000000079_00001,2018-01-23T11:33:00.000Z,SRM: Created
batch_00,141.0,2000000079_00001,2018-01-23T12:33:00.000Z,SRM: Complete
batch_00,141.0,2000000079_00001,2018-01-23T12:33:00.000Z,SRM: Awaiting Approval
batch_00,141.0,2000000079_00001,2018-01-23T12:33:00.000Z,SRM: Document Completed
batch_00,141.0,2000000079_00001,2018-01-23T12:33:00.000Z,SRM: Ordered
batch_00,141.0,2000000079_00001,2018-01-23T12:33:00.000Z,SRM: In Transfer to Execution Syst.
batch_00,141.0,2000000079_00001,2018-01-23T12:33:00.000Z,SRM: Change was Transmitted
user_000,141.0,2000000079_00001,2018-01-23T12:33:00.000Z,Create Purchase Order Item
NONE,141.0,2000000079_00001,2018-01-26T22:59:00.000Z,Vendor creates invoice
user_000,141.0,2000000079_00001,2018-01-29T13:13:00.000Z,Record Goods Receipt
user_001,141.0,2000000079_00001,2018-03-12T16:07:00.000Z,Record Invoice Receipt
user_002,141.0,2000000079_00001,2018-03-29T13:06:00.000Z,Clear Invoice
batch_00,113.0,2000000079_00002,2018-01-23T11:33:00.000Z,SRM: Created
batch_00,113.0,2000000079_00002,2018-01-23T12:33:00.000Z,SRM: Complete
batch_00,113.0,2000000079_00002,2018-01-23T12:33:00.000Z,SRM: Awaiting Approval
batch_00,113.0,2000000079_00002,2018-01-23T12:33:00.000Z,SRM: Document Completed
batch_00,113.0,2000000079_00002,2018-01-23T12:33:00.000Z,SRM: Ordered
batch_00,113.0,2000000079_00002,2018-01-23T12:33:00.000Z,SRM: In Transfer to Execution Syst.
batch_00,113.0,2000000079_00002,2018-01-23T12:33:00.000Z,SRM: Change was Transmitted
user_000,113.0,2000000079_00002,2018-01-23T12:33:00.000Z,Create Purchase Order Item
NONE,113.0,2000000079_00002,2018-01-24T22:59:00.000Z,Vendor creates invoice
user_000,113.0,2000000079_00002,2018-01-25T09:46:00.000Z,Record Goods Receipt
user_001,113.0,2000000079_00002,2018-03-12T16:05:00.000Z,Record Invoice Receipt
user_002,113.0,2000000079_00002,2018-03-29T13:06:00.000Z,Clear Invoice
batch_00,121.0,2000000079_00003,2018-01-23T11:33:00.000Z,SRM: Created
batch_00,121.0,2000000079_00003,2018-01-23T12:33:00.000Z,SRM: Complete
batch_00,121.0,2000000079_00003,2018-01-23T12:33:00.000Z,SRM: Awaiting Approval
batch_00,121.0,2000000079_00003,2018-01-23T12:33:00.000Z,SRM: Document Completed
batch_00,121.0,2000000079_00003,2018-01-23T12:33:00.000Z,SRM: Ordered
batch_00,121.0,2000000079_00003,2018-01-23T12:33:00.000Z,SRM: In Transfer to Execution Syst.
batch_00,121.0,2000000079_00003,2018-01-23T12:33:00.000Z,SRM: Change was Transmitted
user_000,121.0,2000000079_00003,2018-01-23T12:33:00.000Z,Create Purchase Order Item
NONE,121.0,2000000079_00003,2018-01-24T22:59:00.000Z,Vendor creates invoice
user_000,121.0,2000000079_00003,2018-01-25T09:46:00.000Z,Record Goods Receipt
user_001,121.0,2000000079_00003,2018-03-12T16:05:00.000Z,Record Invoice Receipt
user_002,121.0,2000000079_00003,2018-03-29T13:06:00.000Z,Clear Invoice
batch_00,362.0,2000000080_00001,2018-01-23T13:24:00.000Z,SRM: Created
batch_00,362.0,2000000080_00001,2018-01-23T14:24:00.000Z,SRM: Complete
batch_00,362.0,2000000080_00001,2018-01-23T14:24:00.000Z,SRM: Awaiting Approval
batch_00,362.0,2000000080_00001,2018-01-23T14:24:00.000Z,SRM: Document Completed
batch_00,362.0,2000000080_00001,2018-01-23T14:24:00.000Z,SRM: In Transfer to Execution Syst.
batch_00,362.0,2000000080_00001,2018-01-23T14:24:00.000Z,SRM: Ordered
batch_00,362.0,2000000080_00001,2018-01-23T14:24:00.000Z,SRM: Change was Transmitted
user_000,362.0,2000000080_00001,2018-01-23T14:24:00.000Z,Create Purchase Order Item
NONE,362.0,2000000080_00001,2018-01-29T22:59:00.000Z,Vendor creates invoice
user_000,362.0,2000000080_00001,2018-01-30T15:59:00.000Z,Record Goods Receipt
batch_00,362.0,2000000080_00001,2018-02-08T10:38:00.000Z,Record Invoice Receipt
user_005,362.0,2000000080_00001,2018-03-22T12:30:00.000Z,Clear Invoice
batch_00,77.0,2000000080_00002,2018-01-23T13:24:00.000Z,SRM: Created
batch_00,77.0,2000000080_00002,2018-01-23T14:24:00.000Z,SRM: Complete
batch_00,77.0,2000000080_00002,2018-01-23T14:24:00.000Z,SRM: Awaiting Approval
batch_00,77.0,2000000080_00002,2018-01-23T14:24:00.000Z,SRM: Document Completed
batch_00,77.0,2000000080_00002,2018-01-23T14:24:00.000Z,SRM: In Transfer to Execution Syst.
batch_00,77.0,2000000080_00002,2018-01-23T14:24:00.000Z,SRM: Ordered
batch_00,77.0,2000000080_00002,2018-01-23T14:24:00.000Z,SRM: Change was Transmitted
user_000,77.0,2000000080_00002,2018-01-23T14:24:00.000Z,Create Purchase Order Item
batch_00,60.0,2000000081_00001,2018-01-23T13:49:00.000Z,SRM: Created
batch_00,60.0,2000000081_00001,2018-01-23T14:49:00.000Z,SRM: Complete
batch_00,60.0,2000000081_00001,2018-01-23T14:49:00.000Z,SRM: Awaiting Approval
batch_00,60.0,2000000081_00001,2018-01-23T14:49:00.000Z,SRM: Document Completed
batch_00,60.0,2000000081_00001,2018-01-23T14:49:00.000Z,SRM: Ordered
batch_00,60.0,2000000081_00001,2018-01-23T14:49:00.000Z,SRM: In Transfer to Execution Syst.
batch_00,60.0,2000000081_00001,2018-01-23T14:49:00.000Z,SRM: Change was Transmitted
user_000,60.0,2000000081_00001,2018-01-23T14:49:00.000Z,Create Purchase Order Item
NONE,60.0,2000000081_00001,2018-01-25T22:59:00.000Z,Vendor creates invoice
user_000,60.0,2000000081_00001,2018-01-31T15:01:00.000Z,Record Goods Receipt
NONE,60.0,2000000081_00001,2018-01-31T15:01:00.000Z,Record Service Entry Sheet
user_008,60.0,2000000081_00001,2018-02-12T12:03:00.000Z,Record Invoice Receipt
user_005,60.0,2000000081_00001,2018-03-08T12:22:00.000Z,Clear Invoice
NONE,60.0,2000000081_00001,2018-03-19T22:59:00.000Z,Vendor creates invoice
user_000,60.0,2000000081_00001,2018-03-21T13:03:00.000Z,Record Goods Receipt
NONE,60.0,2000000081_00001,2018-03-21T13:03:00.000Z,Record Service Entry Sheet
user_013,60.0,2000000081_00001,2018-04-19T15:31:00.000Z,Record Invoice Receipt
user_002,60.0,2000000081_00001,2018-05-09T12:09:00.000Z,Clear Invoice
user_000,60.0,2000000081_00001,2018-05-29T13:45:00.000Z,Record Goods Receipt
NONE,60.0,2000000081_00001,2018-05-29T13:45:00.000Z,Record Service Entry Sheet
NONE,60.0,2000000081_00001,2018-05-29T21:59:00.000Z,Vendor creates invoice
user_001,60.0,2000000081_00001,2018-06-20T09:13:00.000Z,Record Invoice Receipt
user_002,60.0,2000000081_00001,2018-07-05T12:13:00.000Z,Clear Invoice
NONE,60.0,2000000081_00001,2018-12-18T22:59:00.000Z,Vendor creates invoice
user_000,60.0,2000000081_00001,2018-12-19T08:44:00.000Z,Record Goods Receipt
NONE,60.0,2000000081_00001,2018-12-19T08:44:00.000Z,Record Service Entry Sheet
user_019,60.0,2000000081_00001,2019-01-08T10:23:00.000Z,Record Invoice Receipt
user_000,60.0,2000000081_00001,2019-01-08T12:35:00.000Z,Record Goods Receipt
NONE,60.0,2000000081_00001,2019-01-08T12:35:00.000Z,Record Service Entry Sheet
batch_00,710.0,2000000082_00001,2018-01-24T06:13:00.000Z,SRM: Created
batch_00,710.0,2000000082_00001,2018-01-24T07:13:00.000Z,SRM: Complete
batch_00,710.0,2000000082_00001,2018-01-24T07:13:00.000Z,SRM: Awaiting Approval
batch_00,710.0,2000000082_00001,2018-01-24T07:13:00.000Z,SRM: Document Completed
batch_00,710.0,2000000082_00001,2018-01-24T07:13:00.000Z,SRM: In Transfer to Execution Syst.
batch_00,710.0,2000000082_00001,2018-01-24T07:13:00.000Z,SRM: Ordered
batch_00,710.0,2000000082_00001,2018-01-24T07:13:00.000Z,SRM: Change was Transmitted
user_000,710.0,2000000082_00001,2018-01-24T07:13:00.000Z,Create Purchase Order Item
NONE,710.0,2000000082_00001,2018-01-24T22:59:00.000Z,Vendor creates invoice
user_000,710.0,2000000082_00001,2018-01-30T09:48:00.000Z,Record Goods Receipt
user_008,710.0,2000000082_00001,2018-02-12T11:41:00.000Z,Record Invoice Receipt
user_005,710.0,2000000082_00001,2018-03-08T12:21:00.000Z,Clear Invoice
batch_00,124.0,2000000082_00002,2018-01-24T06:13:00.000Z,SRM: Created
batch_00,124.0,2000000082_00002,2018-01-24T07:13:00.000Z,SRM: Complete
batch_00,124.0,2000000082_00002,2018-01-24T07:13:00.000Z,SRM: Awaiting Approval
batch_00,124.0,2000000082_00002,2018-01-24T07:13:00.000Z,SRM: Document Completed
batch_00,124.0,2000000082_00002,2018-01-24T07:13:00.000Z,SRM: In Transfer to Execution Syst.
batch_00,124.0,2000000082_00002,2018-01-24T07:13:00.000Z,SRM: Ordered
batch_00,124.0,2000000082_00002,2018-01-24T07:13:00.000Z,SRM: Change was Transmitted
user_000,124.0,2000000082_00002,2018-01-24T07:13:00.000Z,Create Purchase Order Item
NONE,124.0,2000000082_00002,2018-01-24T22:59:00.000Z,Vendor creates invoice
user_000,124.0,2000000082_00002,2018-01-30T09:48:00.000Z,Record Goods Receipt
user_008,124.0,2000000082_00002,2018-02-12T11:41:00.000Z,Record Invoice Receipt
user_005,124.0,2000000082_00002,2018-03-08T12:21:00.000Z,Clear Invoice
batch_00,98.0,2000000083_00001,2018-01-24T06:13:00.000Z,SRM: Created
batch_00,98.0,2000000083_00001,2018-01-24T07:13:00.000Z,SRM: Complete
batch_00,98.0,2000000083_00001,2018-01-24T07:13:00.000Z,SRM: Awaiting Approval
batch_00,98.0,2000000083_00001,2018-01-24T07:13:00.000Z,SRM: Document Completed
batch_00,98.0,2000000083_00001,2018-01-24T07:13:00.000Z,SRM: Ordered
batch_00,98.0,2000000083_00001,2018-01-24T07:13:00.000Z,SRM: Change was Transmitted
batch_00,98.0,2000000083_00001,2018-01-24T07:14:00.000Z,SRM: In Transfer to Execution Syst.
user_000,98.0,2000000083_00001,2018-01-24T07:14:00.000Z,Create Purchase Order Item
NONE,98.0,2000000083_00001,2018-01-24T22:59:00.000Z,Vendor creates invoice
user_000,98.0,2000000083_00001,2018-01-30T09:49:00.000Z,Record Goods Receipt
user_008,98.0,2000000083_00001,2018-02-07T13:35:00.000Z,Record Invoice Receipt
user_002,98.0,2000000083_00001,2018-03-29T13:06:00.000Z,Clear Invoice
batch_00,88.0,2000000083_00002,2018-01-24T06:13:00.000Z,SRM: Created
batch_00,88.0,2000000083_00002,2018-01-24T07:13:00.000Z,SRM: Complete
batch_00,88.0,2000000083_00002,2018-01-24T07:13:00.000Z,SRM: Awaiting Approval
batch_00,88.0,2000000083_00002,2018-01-24T07:13:00.000Z,SRM: Document Completed
batch_00,88.0,2000000083_00002,2018-01-24T07:13:00.000Z,SRM: Ordered
batch_00,88.0,2000000083_00002,2018-01-24T07:13:00.000Z,SRM: Change was Transmitted
batch_00,88.0,2000000083_00002,2018-01-24T07:14:00.000Z,SRM: In Transfer to Execution Syst.
user_000,88.0,2000000083_00002,2018-01-24T07:14:00.000Z,Create Purchase Order Item
NONE,88.0,2000000083_00002,2018-01-24T22:59:00.000Z,Vendor creates invoice
user_000,88.0,2000000083_00002,2018-01-30T09:49:00.000Z,Record Goods Receipt
user_008,88.0,2000000083_00002,2018-02-07T13:35:00.000Z,Record Invoice Receipt
user_002,88.0,2000000083_00002,2018-03-29T13:06:00.000Z,Clear Invoice
batch_00,65.0,2000000083_00003,2018-01-24T06:13:00.000Z,SRM: Created
batch_00,65.0,2000000083_00003,2018-01-24T07:13:00.000Z,SRM: Complete
batch_00,65.0,2000000083_00003,2018-01-24T07:13:00.000Z,SRM: Awaiting Approval
batch_00,65.0,2000000083_00003,2018-01-24T07:13:00.000Z,SRM: Document Completed
batch_00,65.0,2000000083_00003,2018-01-24T07:13:00.000Z,SRM: Ordered
batch_00,65.0,2000000083_00003,2018-01-24T07:13:00.000Z,SRM: Change was Transmitted
batch_00,65.0,2000000083_00003,2018-01-24T07:14:00.000Z,SRM: In Transfer to Execution Syst.
user_000,65.0,2000000083_00003,2018-01-24T07:14:00.000Z,Create Purchase Order Item
NONE,65.0,2000000083_00003,2018-01-24T22:59:00.000Z,Vendor creates invoice
user_000,65.0,2000000083_00003,2018-01-30T09:49:00.000Z,Record Goods Receipt
user_008,65.0,2000000083_00003,2018-02-07T13:35:00.000Z,Record Invoice Receipt
user_002,65.0,2000000083_00003,2018-03-29T13:06:00.000Z,Clear Invoice
NONE,418.0,2000000084_00001,2017-08-31T21:59:00.000Z,Vendor creates invoice
batch_00,418.0,2000000084_00001,2018-01-25T10:19:00.000Z,SRM: Created
batch_00,418.0,2000000084_00001,2018-01-25T11:19:00.000Z,SRM: Complete
batch_00,418.0,2000000084_00001,2018-01-25T11:19:00.000Z,SRM: Awaiting Approval
batch_00,418.0,2000000084_00001,2018-01-25T11:19:00.000Z,SRM: Document Completed
batch_00,418.0,2000000084_00001,2018-01-25T11:19:00.000Z,SRM: In Transfer to Execution Syst.
batch_00,418.0,2000000084_00001,2018-01-25T11:19:00.000Z,SRM: Ordered
batch_00,418.0,2000000084_00001,2018-01-25T11:19:00.000Z,SRM: Change was Transmitted
user_000,418.0,2000000084_00001,2018-01-25T11:19:00.000Z,Create Purchase Order Item
user_000,418.0,2000000084_00001,2018-02-15T12:12:00.000Z,Record Goods Receipt
batch_00,418.0,2000000084_00001,2018-02-19T13:59:00.000Z,Record Invoice Receipt
user_002,418.0,2000000084_00001,2018-02-23T11:14:00.000Z,Clear Invoice
batch_00,41.0,2000000085_00001,2018-01-25T10:38:00.000Z,SRM: Created
batch_00,41.0,2000000085_00001,2018-01-25T11:38:00.000Z,SRM: Complete
batch_00,41.0,2000000085_00001,2018-01-25T11:38:00.000Z,SRM: Awaiting Approval
batch_00,41.0,2000000085_00001,2018-01-25T11:38:00.000Z,SRM: Document Completed
batch_00,41.0,2000000085_00001,2018-01-25T11:38:00.000Z,SRM: In Transfer to Execution Syst.
batch_00,41.0,2000000085_00001,2018-01-25T11:38:00.000Z,SRM: Ordered
batch_00,41.0,2000000085_00001,2018-01-25T11:38:00.000Z,SRM: Change was Transmitted
user_000,41.0,2000000085_00001,2018-01-25T11:38:00.000Z,Create Purchase Order Item
NONE,41.0,2000000085_00001,2018-01-26T22:59:00.000Z,Vendor creates invoice
user_000,41.0,2000000085_00001,2018-01-30T07:55:00.000Z,Record Goods Receipt
user_001,41.0,2000000085_00001,2018-03-06T08:22:00.000Z,Record Invoice Receipt
user_002,41.0,2000000085_00001,2018-03-29T13:06:00.000Z,Clear Invoice
batch_00,40.0,2000000086_00001,2018-01-25T10:50:00.000Z,SRM: Created
batch_00,40.0,2000000086_00001,2018-01-25T11:50:00.000Z,SRM: Complete
batch_00,40.0,2000000086_00001,2018-01-25T11:50:00.000Z,SRM: Awaiting Approval
batch_00,40.0,2000000086_00001,2018-01-25T11:50:00.000Z,SRM: Document Completed
batch_00,40.0,2000000086_00001,2018-01-25T11:50:00.000Z,SRM: In Transfer to Execution Syst.
batch_00,40.0,2000000086_00001,2018-01-25T11:50:00.000Z,SRM: Ordered
batch_00,40.0,2000000086_00001,2018-01-25T11:50:00.000Z,SRM: Change was Transmitted
user_000,40.0,2000000086_00001,2018-01-25T11:50:00.000Z,Create Purchase Order Item
NONE,40.0,2000000086_00001,2018-01-25T22:59:00.000Z,Vendor creates invoice
user_000,40.0,2000000086_00001,2018-01-30T07:56:00.000Z,Record Goods Receipt
user_001,40.0,2000000086_00001,2018-02-12T16:22:00.000Z,Record Invoice Receipt
user_005,40.0,2000000086_00001,2018-03-08T12:21:00.000Z,Clear Invoice
batch_00,31.0,2000000086_00002,2018-01-25T10:50:00.000Z,SRM: Created
batch_00,31.0,2000000086_00002,2018-01-25T11:50:00.000Z,SRM: Complete
batch_00,31.0,2000000086_00002,2018-01-25T11:50:00.000Z,SRM: Awaiting Approval
batch_00,31.0,2000000086_00002,2018-01-25T11:50:00.000Z,SRM: Document Completed
batch_00,31.0,2000000086_00002,2018-01-25T11:50:00.000Z,SRM: In Transfer to Execution Syst.
batch_00,31.0,2000000086_00002,2018-01-25T11:50:00.000Z,SRM: Ordered
batch_00,31.0,2000000086_00002,2018-01-25T11:50:00.000Z,SRM: Change was Transmitted
user_000,31.0,2000000086_00002,2018-01-25T11:50:00.000Z,Create Purchase Order Item
NONE,31.0,2000000086_00002,2018-01-25T22:59:00.000Z,Vendor creates invoice
user_000,31.0,2000000086_00002,2018-01-30T07:56:00.000Z,Record Goods Receipt
user_001,31.0,2000000086_00002,2018-02-12T16:22:00.000Z,Record Invoice Receipt
user_005,31.0,2000000086_00002,2018-03-08T12:21:00.000Z,Clear Invoice
batch_00,12834.0,2000000087_00001,2018-01-25T13:03:00.000Z,SRM: Created
batch_00,12834.0,2000000087_00001,2018-01-25T14:03:00.000Z,SRM: Complete
batch_00,12834.0,2000000087_00001,2018-01-25T14:03:00.000Z,SRM: Awaiting Approval
batch_00,12834.0,2000000087_00001,2018-01-25T14:03:00.000Z,SRM: Document Completed
batch_00,12834.0,2000000087_00001,2018-01-25T14:03:00.000Z,SRM: Ordered
batch_00,12834.0,2000000087_00001,2018-01-25T14:03:00.000Z,SRM: In Transfer to Execution Syst.
user_000,12834.0,2000000087_00001,2018-01-25T14:03:00.000Z,Create Purchase Order Item
batch_00,12834.0,2000000087_00001,2018-01-25T14:03:00.000Z,SRM: Change was Transmitted
NONE,12834.0,2000000087_00001,2018-02-08T22:59:00.000Z,Vendor creates invoice
user_000,12834.0,2000000087_00001,2018-03-20T11:10:00.000Z,Record Goods Receipt
NONE,12834.0,2000000087_00001,2018-03-20T11:10:00.000Z,Record Service Entry Sheet
user_001,12834.0,2000000087_00001,2018-03-21T11:15:00.000Z,Record Invoice Receipt
user_002,12834.0,2000000087_00001,2018-04-05T13:51:00.000Z,Clear Invoice
batch_00,5318.0,2000000088_00001,2018-01-25T13:31:00.000Z,SRM: Created
batch_00,5318.0,2000000088_00001,2018-01-25T14:31:00.000Z,SRM: Complete
batch_00,5318.0,2000000088_00001,2018-01-25T14:31:00.000Z,SRM: Awaiting Approval
batch_00,5318.0,2000000088_00001,2018-01-25T14:31:00.000Z,SRM: Document Completed
batch_00,5318.0,2000000088_00001,2018-01-25T14:31:00.000Z,SRM: In Transfer to Execution Syst.
batch_00,5318.0,2000000088_00001,2018-01-25T14:31:00.000Z,SRM: Ordered
user_000,5318.0,2000000088_00001,2018-01-25T14:31:00.000Z,Create Purchase Order Item
batch_00,5318.0,2000000088_00001,2018-01-25T14:31:00.000Z,SRM: Change was Transmitted
user_026,5318.0,2000000088_00001,2018-01-31T13:57:00.000Z,SRM: Created
user_026,5318.0,2000000088_00001,2018-01-31T14:57:00.000Z,SRM: Complete
user_026,5318.0,2000000088_00001,2018-01-31T14:57:00.000Z,SRM: Awaiting Approval
user_026,5318.0,2000000088_00001,2018-01-31T14:57:00.000Z,SRM: Document Completed
batch_00,5318.0,2000000088_00001,2018-01-31T14:57:00.000Z,SRM: In Transfer to Execution Syst.
batch_00,5318.0,2000000088_00001,2018-01-31T14:57:00.000Z,SRM: Ordered
batch_00,5318.0,2000000088_00001,2018-01-31T14:57:00.000Z,SRM: Deleted
user_000,5318.0,2000000088_00001,2018-01-31T14:57:00.000Z,Delete Purchase Order Item
user_026,5318.0,2000000088_00001,2018-01-31T14:58:00.000Z,SRM: In Transfer to Execution Syst.
user_026,5318.0,2000000088_00001,2018-01-31T14:58:00.000Z,SRM: Transaction Completed
user_025,5318.0,2000000088_00001,2018-07-06T12:10:00.000Z,SRM: In Transfer to Execution Syst.
user_025,5318.0,2000000088_00001,2018-07-06T12:10:00.000Z,SRM: In Transfer to Execution Syst.
batch_00,34641.0,2000000089_00001,2018-01-25T14:33:00.000Z,SRM: Created
batch_00,34641.0,2000000089_00001,2018-01-25T15:33:00.000Z,SRM: Complete
batch_00,34641.0,2000000089_00001,2018-01-25T15:33:00.000Z,SRM: Awaiting Approval
batch_00,34641.0,2000000089_00001,2018-01-25T15:33:00.000Z,SRM: Document Completed
batch_00,34641.0,2000000089_00001,2018-01-25T15:34:00.000Z,SRM: In Transfer to Execution Syst.
batch_00,34641.0,2000000089_00001,2018-01-25T15:34:00.000Z,SRM: Ordered
user_000,34641.0,2000000089_00001,2018-01-25T15:34:00.000Z,Create Purchase Order Item
batch_00,34641.0,2000000089_00001,2018-01-25T15:34:00.000Z,SRM: Change was Transmitted
NONE,34641.0,2000000089_00001,2018-02-11T22:59:00.000Z,Vendor creates invoice
user_000,34641.0,2000000089_00001,2018-03-16T12:08:00.000Z,Record Goods Receipt
NONE,34641.0,2000000089_00001,2018-03-16T12:08:00.000Z,Record Service Entry Sheet
user_013,34641.0,2000000089_00001,2018-03-27T10:30:00.000Z,Record Invoice Receipt
user_002,34641.0,2000000089_00001,2018-04-26T09:16:00.000Z,Clear Invoice
batch_00,967.0,2000000090_00001,2018-01-25T15:11:00.000Z,SRM: Created
batch_00,967.0,2000000090_00001,2018-01-25T16:11:00.000Z,SRM: Complete
batch_00,967.0,2000000090_00001,2018-01-25T16:11:00.000Z,SRM: Awaiting Approval
batch_00,967.0,2000000090_00001,2018-01-25T16:11:00.000Z,SRM: Document Completed
batch_00,967.0,2000000090_00001,2018-01-25T16:11:00.000Z,SRM: In Transfer to Execution Syst.
batch_00,967.0,2000000090_00001,2018-01-25T16:11:00.000Z,SRM: Ordered
user_000,967.0,2000000090_00001,2018-01-25T16:11:00.000Z,Create Purchase Order Item
batch_00,967.0,2000000090_00001,2018-01-25T16:11:00.000Z,SRM: Change was Transmitted
NONE,967.0,2000000090_00001,2018-01-30T22:59:00.000Z,Vendor creates invoice
user_000,967.0,2000000090_00001,2018-01-31T08:28:00.000Z,Record Goods Receipt
batch_00,967.0,2000000090_00001,2018-02-02T11:59:00.000Z,Record Invoice Receipt
user_002,967.0,2000000090_00001,2018-02-22T15:17:00.000Z,Clear Invoice
batch_00,5629.0,2000000091_00001,2018-01-26T06:11:00.000Z,SRM: Created
batch_00,5629.0,2000000091_00001,2018-01-26T07:11:00.000Z,SRM: Complete
batch_00,5629.0,2000000091_00001,2018-01-26T07:11:00.000Z,SRM: Awaiting Approval
batch_00,5629.0,2000000091_00001,2018-01-26T07:11:00.000Z,SRM: Document Completed
batch_00,5629.0,2000000091_00001,2018-01-26T07:11:00.000Z,SRM: In Transfer to Execution Syst.
batch_00,5629.0,2000000091_00001,2018-01-26T07:11:00.000Z,SRM: Ordered
batch_00,5629.0,2000000091_00001,2018-01-26T07:11:00.000Z,SRM: Change was Transmitted
user_000,5629.0,2000000091_00001,2018-01-26T07:11:00.000Z,Create Purchase Order Item
NONE,5629.0,2000000091_00001,2018-01-30T22:59:00.000Z,Vendor creates invoice
user_000,5629.0,2000000091_00001,2018-03-06T12:38:00.000Z,Record Goods Receipt
NONE,5629.0,2000000091_00001,2018-03-06T12:38:00.000Z,Record Service Entry Sheet
user_001,5629.0,2000000091_00001,2018-03-12T16:20:00.000Z,Record Invoice Receipt
user_002,5629.0,2000000091_00001,2018-03-29T13:10:00.000Z,Clear Invoice
batch_00,152.0,2000000092_00001,2018-01-26T10:50:00.000Z,SRM: Created
batch_00,152.0,2000000092_00001,2018-01-26T11:50:00.000Z,SRM: Complete
batch_00,152.0,2000000092_00001,2018-01-26T11:50:00.000Z,SRM: Awaiting Approval
batch_00,152.0,2000000092_00001,2018-01-26T11:50:00.000Z,SRM: Document Completed
batch_00,152.0,2000000092_00001,2018-01-26T11:50:00.000Z,SRM: In Transfer to Execution Syst.
batch_00,152.0,2000000092_00001,2018-01-26T11:50:00.000Z,SRM: Ordered
user_000,152.0,2000000092_00001,2018-01-26T11:50:00.000Z,Create Purchase Order Item
batch_00,152.0,2000000092_00001,2018-01-26T11:50:00.000Z,SRM: Change was Transmitted
user_000,152.0,2000000092_00001,2018-02-01T14:17:00.000Z,Record Goods Receipt
batch_01,152.0,2000000092_00001,2018-08-20T00:21:00.000Z,Record Invoice Receipt
NONE,5868.0,2000000093_00001,2017-12-31T22:59:00.000Z,Vendor creates invoice
batch_00,5868.0,2000000093_00001,2018-01-26T10:38:00.000Z,SRM: Created
batch_00,5868.0,2000000093_00001,2018-01-26T11:38:00.000Z,SRM: Complete
batch_00,5868.0,2000000093_00001,2018-01-26T11:38:00.000Z,SRM: Awaiting Approval
batch_00,5868.0,2000000093_00001,2018-01-26T11:38:00.000Z,SRM: Document Completed
batch_00,5868.0,2000000093_00001,2018-01-26T11:38:00.000Z,SRM: Ordered
batch_00,5868.0,2000000093_00001,2018-01-26T11:38:00.000Z,SRM: In Transfer to Execution Syst.
user_000,5868.0,2000000093_00001,2018-01-26T11:38:00.000Z,Create Purchase Order Item
batch_00,5868.0,2000000093_00001,2018-01-26T11:38:00.000Z,SRM: Change was Transmitted
user_000,5868.0,2000000093_00001,2018-04-03T09:57:00.000Z,Record Goods Receipt
NONE,5868.0,2000000093_00001,2018-04-03T09:57:00.000Z,Record Service Entry Sheet
user_001,5868.0,2000000093_00001,2018-04-09T14:48:00.000Z,Record Invoice Receipt
user_002,5868.0,2000000093_00001,2018-04-12T12:07:00.000Z,Clear Invoice
batch_00,41.0,2000000094_00001,2018-01-26T11:33:00.000Z,SRM: Created
batch_00,41.0,2000000094_00001,2018-01-26T12:33:00.000Z,SRM: Complete
batch_00,41.0,2000000094_00001,2018-01-26T12:33:00.000Z,SRM: Awaiting Approval
batch_00,41.0,2000000094_00001,2018-01-26T12:33:00.000Z,SRM: Document Completed
batch_00,41.0,2000000094_00001,2018-01-26T12:33:00.000Z,SRM: Ordered
batch_00,41.0,2000000094_00001,2018-01-26T12:33:00.000Z,SRM: In Transfer to Execution Syst.
batch_00,41.0,2000000094_00001,2018-01-26T12:33:00.000Z,SRM: Change was Transmitted
user_000,41.0,2000000094_00001,2018-01-26T12:33:00.000Z,Create Purchase Order Item
NONE,41.0,2000000094_00001,2018-01-29T22:59:00.000Z,Vendor creates invoice
user_000,41.0,2000000094_00001,2018-01-30T07:54:00.000Z,Record Goods Receipt
user_018,41.0,2000000094_00001,2018-02-08T08:33:00.000Z,Record Invoice Receipt
user_002,41.0,2000000094_00001,2018-03-29T13:06:00.000Z,Clear Invoice
batch_00,103.0,2000000095_00001,2018-01-26T13:14:00.000Z,SRM: Created
batch_00,103.0,2000000095_00001,2018-01-26T14:14:00.000Z,SRM: Complete
batch_00,103.0,2000000095_00001,2018-01-26T14:14:00.000Z,SRM: Awaiting Approval
batch_00,103.0,2000000095_00001,2018-01-26T14:14:00.000Z,SRM: Document Completed
batch_00,103.0,2000000095_00001,2018-01-26T14:14:00.000Z,SRM: In Transfer to Execution Syst.
batch_00,103.0,2000000095_00001,2018-01-26T14:14:00.000Z,SRM: Ordered
batch_00,103.0,2000000095_00001,2018-01-26T14:14:00.000Z,SRM: Change was Transmitted
user_000,103.0,2000000095_00001,2018-01-26T14:14:00.000Z,Create Purchase Order Item
NONE,103.0,2000000095_00001,2018-01-30T22:59:00.000Z,Vendor creates invoice
user_000,103.0,2000000095_00001,2018-02-12T08:11:00.000Z,Record Goods Receipt
user_001,103.0,2000000095_00001,2018-03-28T08:19:00.000Z,Record Invoice Receipt
user_002,103.0,2000000095_00001,2018-03-29T13:06:00.000Z,Clear Invoice
batch_00,43.0,2000000096_00001,2018-01-26T14:30:00.000Z,SRM: Created
batch_00,43.0,2000000096_00001,2018-01-26T15:30:00.000Z,SRM: Complete
batch_00,43.0,2000000096_00001,2018-01-26T15:30:00.000Z,SRM: Awaiting Approval
batch_00,43.0,2000000096_00001,2018-01-26T15:30:00.000Z,SRM: Document Completed
batch_00,43.0,2000000096_00001,2018-01-26T15:30:00.000Z,SRM: In Transfer to Execution Syst.
batch_00,43.0,2000000096_00001,2018-01-26T15:30:00.000Z,SRM: Ordered
batch_00,43.0,2000000096_00001,2018-01-26T15:30:00.000Z,SRM: Change was Transmitted
user_000,43.0,2000000096_00001,2018-01-26T15:30:00.000Z,Create Purchase Order Item
NONE,43.0,2000000096_00001,2018-01-29T22:59:00.000Z,Vendor creates invoice
user_018,43.0,2000000096_00001,2018-01-30T10:24:00.000Z,Record Invoice Receipt
user_000,43.0,2000000096_00001,2018-01-30T16:00:00.000Z,Record Goods Receipt
batch_02,43.0,2000000096_00001,2018-01-31T01:00:00.000Z,Remove Payment Block
user_002,43.0,2000000096_00001,2018-03-29T13:06:00.000Z,Clear Invoice
NONE,11353.0,2000000097_00001,2001-02-23T22:59:00.000Z,Vendor creates debit memo
batch_00,11353.0,2000000097_00001,2018-01-29T08:09:00.000Z,SRM: Created
batch_00,11353.0,2000000097_00001,2018-01-29T09:09:00.000Z,SRM: Complete
batch_00,11353.0,2000000097_00001,2018-01-29T09:09:00.000Z,SRM: Awaiting Approval
batch_00,11353.0,2000000097_00001,2018-01-29T09:09:00.000Z,SRM: Document Completed
batch_00,11353.0,2000000097_00001,2018-01-29T09:09:00.000Z,SRM: In Transfer to Execution Syst.
batch_00,11353.0,2000000097_00001,2018-01-29T09:09:00.000Z,SRM: Ordered
batch_00,11353.0,2000000097_00001,2018-01-29T09:09:00.000Z,SRM: Change was Transmitted
user_000,11353.0,2000000097_00001,2018-01-29T09:09:00.000Z,Create Purchase Order Item
NONE,11353.0,2000000097_00001,2018-02-23T22:59:00.000Z,Vendor creates invoice
user_000,11353.0,2000000097_00001,2018-02-26T11:06:00.000Z,Record Goods Receipt
NONE,11353.0,2000000097_00001,2018-02-26T11:06:00.000Z,Record Service Entry Sheet
batch_00,11353.0,2000000097_00001,2018-02-26T12:06:00.000Z,Record Invoice Receipt
user_005,11353.0,2000000097_00001,2018-03-15T13:13:00.000Z,Clear Invoice
user_019,11353.0,2000000097_00001,2018-11-05T14:30:00.000Z,Cancel Invoice Receipt
user_019,11353.0,2000000097_00001,2018-11-05T14:32:00.000Z,Record Invoice Receipt
user_019,11353.0,2000000097_00001,2018-11-05T14:32:00.000Z,Clear Invoice
NONE,11353.0,2000000097_00001,2018-11-09T22:59:00.000Z,Vendor creates invoice
NONE,11353.0,2000000097_00001,2018-11-09T22:59:00.000Z,Vendor creates debit memo
user_015,11353.0,2000000097_00001,2018-11-12T08:57:00.000Z,Cancel Invoice Receipt
user_015,11353.0,2000000097_00001,2018-11-12T08:58:00.000Z,Record Invoice Receipt
user_002,11353.0,2000000097_00001,2018-11-29T15:15:00.000Z,Clear Invoice
user_003,11353.0,2000000097_00001,2019-01-17T11:00:00.000Z,SRM: In Transfer to Execution Syst.
batch_00,74.0,2000000098_00001,2018-01-29T07:54:00.000Z,SRM: Created
batch_00,74.0,2000000098_00001,2018-01-29T08:54:00.000Z,SRM: Complete
batch_00,74.0,2000000098_00001,2018-01-29T08:54:00.000Z,SRM: Awaiting Approval
batch_00,74.0,2000000098_00001,2018-01-29T08:54:00.000Z,SRM: Document Completed
batch_00,74.0,2000000098_00001,2018-01-29T08:54:00.000Z,SRM: Ordered
batch_00,74.0,2000000098_00001,2018-01-29T08:54:00.000Z,SRM: Change was Transmitted
batch_00,74.0,2000000098_00001,2018-01-29T08:54:00.000Z,SRM: In Transfer to Execution Syst.
user_000,74.0,2000000098_00001,2018-01-29T08:54:00.000Z,Create Purchase Order Item
user_000,74.0,2000000098_00001,2018-01-29T09:10:00.000Z,Record Goods Receipt
NONE,74.0,2000000098_00001,2018-01-30T22:59:00.000Z,Vendor creates invoice
user_001,74.0,2000000098_00001,2018-02-05T16:29:00.000Z,Record Invoice Receipt
user_002,74.0,2000000098_00001,2018-02-22T15:17:00.000Z,Clear Invoice
batch_00,102.0,2000000098_00002,2018-01-29T07:54:00.000Z,SRM: Created
batch_00,102.0,2000000098_00002,2018-01-29T08:54:00.000Z,SRM: Complete
batch_00,102.0,2000000098_00002,2018-01-29T08:54:00.000Z,SRM: Awaiting Approval
batch_00,102.0,2000000098_00002,2018-01-29T08:54:00.000Z,SRM: Document Completed
batch_00,102.0,2000000098_00002,2018-01-29T08:54:00.000Z,SRM: Ordered
batch_00,102.0,2000000098_00002,2018-01-29T08:54:00.000Z,SRM: Change was Transmitted
batch_00,102.0,2000000098_00002,2018-01-29T08:54:00.000Z,SRM: In Transfer to Execution Syst.
user_000,102.0,2000000098_00002,2018-01-29T08:54:00.000Z,Create Purchase Order Item
user_000,102.0,2000000098_00002,2018-01-29T09:10:00.000Z,Record Goods Receipt
NONE,102.0,2000000098_00002,2018-01-30T22:59:00.000Z,Vendor creates invoice
user_001,102.0,2000000098_00002,2018-02-05T16:29:00.000Z,Record Invoice Receipt
user_002,102.0,2000000098_00002,2018-02-22T15:17:00.000Z,Clear Invoice
batch_00,167.0,2000000098_00003,2018-01-29T07:54:00.000Z,SRM: Created
batch_00,167.0,2000000098_00003,2018-01-29T08:54:00.000Z,SRM: Complete
batch_00,167.0,2000000098_00003,2018-01-29T08:54:00.000Z,SRM: Awaiting Approval
batch_00,167.0,2000000098_00003,2018-01-29T08:54:00.000Z,SRM: Document Completed
batch_00,167.0,2000000098_00003,2018-01-29T08:54:00.000Z,SRM: Ordered
batch_00,167.0,2000000098_00003,2018-01-29T08:54:00.000Z,SRM: Change was Transmitted
batch_00,167.0,2000000098_00003,2018-01-29T08:54:00.000Z,SRM: In Transfer to Execution Syst.
user_000,167.0,2000000098_00003,2018-01-29T08:54:00.000Z,Create Purchase Order Item
user_000,167.0,2000000098_00003,2018-01-29T09:10:00.000Z,Record Goods Receipt
NONE,167.0,2000000098_00003,2018-01-30T22:59:00.000Z,Vendor creates invoice
user_001,167.0,2000000098_00003,2018-02-05T16:29:00.000Z,Record Invoice Receipt
user_002,167.0,2000000098_00003,2018-02-22T15:17:00.000Z,Clear Invoice
batch_00,46.0,2000000099_00001,2018-01-29T08:57:00.000Z,SRM: Created
batch_00,46.0,2000000099_00001,2018-01-29T09:57:00.000Z,SRM: Complete
batch_00,46.0,2000000099_00001,2018-01-29T09:57:00.000Z,SRM: Awaiting Approval
batch_00,46.0,2000000099_00001,2018-01-29T09:57:00.000Z,SRM: Document Completed
batch_00,46.0,2000000099_00001,2018-01-29T09:57:00.000Z,SRM: In Transfer to Execution Syst.
batch_00,46.0,2000000099_00001,2018-01-29T09:57:00.000Z,SRM: Ordered
batch_00,46.0,2000000099_00001,2018-01-29T09:57:00.000Z,SRM: Change was Transmitted
user_000,46.0,2000000099_00001,2018-01-29T09:57:00.000Z,Create Purchase Order Item
NONE,46.0,2000000099_00001,2018-01-29T22:59:00.000Z,Vendor creates invoice
user_000,46.0,2000000099_00001,2018-02-01T12:57:00.000Z,Record Goods Receipt
user_001,46.0,2000000099_00001,2018-02-12T16:29:00.000Z,Record Invoice Receipt
user_005,46.0,2000000099_00001,2018-03-08T12:21:00.000Z,Clear Invoice
NONE,7815013.0,2000000100_00001,2017-01-31T22:59:00.000Z,Vendor creates invoice
NONE,7815013.0,2000000100_00001,2017-05-25T21:59:00.000Z,Vendor creates invoice
batch_00,7815013.0,2000000100_00001,2018-01-29T09:34:00.000Z,SRM: Created
batch_00,7815013.0,2000000100_00001,2018-01-29T10:34:00.000Z,SRM: Complete
batch_00,7815013.0,2000000100_00001,2018-01-29T10:34:00.000Z,SRM: Awaiting Approval
batch_00,7815013.0,2000000100_00001,2018-01-29T10:34:00.000Z,SRM: Document Completed
batch_00,7815013.0,2000000100_00001,2018-01-29T10:34:00.000Z,SRM: Ordered
batch_00,7815013.0,2000000100_00001,2018-01-29T10:34:00.000Z,SRM: In Transfer to Execution Syst.
batch_00,7815013.0,2000000100_00001,2018-01-29T10:34:00.000Z,SRM: Change was Transmitted
user_000,7815013.0,2000000100_00001,2018-01-29T10:34:00.000Z,Create Purchase Order Item
NONE,7815013.0,2000000100_00001,2018-01-31T22:59:00.000Z,Vendor creates invoice
NONE,7815013.0,2000000100_00001,2018-01-31T22:59:00.000Z,Vendor creates debit memo
NONE,7815013.0,2000000100_00001,2018-02-09T22:59:00.000Z,Vendor creates invoice
user_000,7815013.0,2000000100_00001,2018-02-16T15:20:00.000Z,Record Goods Receipt
NONE,7815013.0,2000000100_00001,2018-02-16T15:20:00.000Z,Record Service Entry Sheet
user_000,7815013.0,2000000100_00001,2018-02-16T15:23:00.000Z,Record Goods Receipt
NONE,7815013.0,2000000100_00001,2018-02-16T15:23:00.000Z,Record Service Entry Sheet
user_000,7815013.0,2000000100_00001,2018-02-16T15:26:00.000Z,Record Goods Receipt
NONE,7815013.0,2000000100_00001,2018-02-16T15:26:00.000Z,Record Service Entry Sheet
user_000,7815013.0,2000000100_00001,2018-02-16T15:29:00.000Z,Record Goods Receipt
NONE,7815013.0,2000000100_00001,2018-02-16T15:29:00.000Z,Record Service Entry Sheet
user_000,7815013.0,2000000100_00001,2018-02-16T15:32:00.000Z,Record Goods Receipt
NONE,7815013.0,2000000100_00001,2018-02-16T15:32:00.000Z,Record Service Entry Sheet
user_000,7815013.0,2000000100_00001,2018-02-16T15:35:00.000Z,Record Goods Receipt
NONE,7815013.0,2000000100_00001,2018-02-16T15:35:00.000Z,Record Service Entry Sheet
user_000,7815013.0,2000000100_00001,2018-02-16T15:37:00.000Z,Record Goods Receipt
NONE,7815013.0,2000000100_00001,2018-02-16T15:37:00.000Z,Record Service Entry Sheet
user_000,7815013.0,2000000100_00001,2018-02-16T15:40:00.000Z,Record Goods Receipt
NONE,7815013.0,2000000100_00001,2018-02-16T15:40:00.000Z,Record Service Entry Sheet
user_000,7815013.0,2000000100_00001,2018-02-16T15:43:00.000Z,Record Goods Receipt
NONE,7815013.0,2000000100_00001,2018-02-16T15:43:00.000Z,Record Service Entry Sheet
user_000,7815013.0,2000000100_00001,2018-02-16T15:53:00.000Z,Record Goods Receipt
NONE,7815013.0,2000000100_00001,2018-02-16T15:53:00.000Z,Record Service Entry Sheet
user_011,7815013.0,2000000100_00001,2018-02-19T13:19:00.000Z,Record Invoice Receipt
user_011,7815013.0,2000000100_00001,2018-02-19T13:22:00.000Z,Record Invoice Receipt
user_011,7815013.0,2000000100_00001,2018-02-19T13:24:00.000Z,Record Invoice Receipt
user_011,7815013.0,2000000100_00001,2018-02-19T13:25:00.000Z,Record Invoice Receipt
user_011,7815013.0,2000000100_00001,2018-02-19T13:28:00.000Z,Record Invoice Receipt
user_011,7815013.0,2000000100_00001,2018-02-19T13:29:00.000Z,Record Invoice Receipt
user_011,7815013.0,2000000100_00001,2018-02-19T13:31:00.000Z,Record Invoice Receipt
user_011,7815013.0,2000000100_00001,2018-02-19T13:32:00.000Z,Record Invoice Receipt
user_011,7815013.0,2000000100_00001,2018-02-19T13:33:00.000Z,Record Invoice Receipt
user_002,7815013.0,2000000100_00001,2018-02-22T15:18:00.000Z,Clear Invoice
NONE,7815013.0,2000000100_00001,2018-02-28T22:59:00.000Z,Vendor creates invoice
user_006,7815013.0,2000000100_00001,2018-03-05T11:15:00.000Z,Record Invoice Receipt
NONE,7815013.0,2000000100_00001,2018-03-09T22:59:00.000Z,Vendor creates invoice
NONE,7815013.0,2000000100_00001,2018-03-09T22:59:00.000Z,Vendor creates debit memo
user_000,7815013.0,2000000100_00001,2018-03-27T12:20:00.000Z,Record Goods Receipt
NONE,7815013.0,2000000100_00001,2018-03-27T12:20:00.000Z,Record Service Entry Sheet
user_001,7815013.0,2000000100_00001,2018-03-29T08:01:00.000Z,Record Invoice Receipt
user_002,7815013.0,2000000100_00001,2018-03-29T13:10:00.000Z,Clear Invoice
NONE,7815013.0,2000000100_00001,2018-03-29T21:59:00.000Z,Vendor creates invoice
NONE,7815013.0,2000000100_00001,2018-03-31T21:59:00.000Z,Vendor creates invoice
NONE,7815013.0,2000000100_00001,2018-04-06T21:59:00.000Z,Vendor creates invoice
NONE,7815013.0,2000000100_00001,2018-04-09T21:59:00.000Z,Vendor creates invoice
NONE,7815013.0,2000000100_00001,2018-04-10T21:59:00.000Z,Vendor creates invoice
NONE,7815013.0,2000000100_00001,2018-04-10T21:59:00.000Z,Vendor creates debit memo
user_014,7815013.0,2000000100_00001,2018-04-26T06:19:00.000Z,SRM: Created
user_014,7815013.0,2000000100_00001,2018-04-26T08:21:00.000Z,SRM: Complete
user_014,7815013.0,2000000100_00001,2018-04-26T08:21:00.000Z,SRM: Awaiting Approval
user_014,7815013.0,2000000100_00001,2018-04-26T08:21:00.000Z,SRM: Document Completed
user_002,7815013.0,2000000100_00001,2018-04-26T09:15:00.000Z,Clear Invoice
user_002,7815013.0,2000000100_00001,2018-04-26T09:15:00.000Z,Clear Invoice
batch_00,7815013.0,2000000100_00001,2018-04-26T11:04:00.000Z,SRM: Ordered
batch_00,7815013.0,2000000100_00001,2018-04-26T11:04:00.000Z,SRM: In Transfer to Execution Syst.
batch_00,7815013.0,2000000100_00001,2018-04-26T11:04:00.000Z,SRM: Deleted
user_000,7815013.0,2000000100_00001,2018-04-26T11:04:00.000Z,Change Price
user_000,7815013.0,2000000100_00001,2018-04-29T16:46:00.000Z,Record Goods Receipt
NONE,7815013.0,2000000100_00001,2018-04-29T16:46:00.000Z,Record Service Entry Sheet
user_000,7815013.0,2000000100_00001,2018-04-29T16:49:00.000Z,Record Goods Receipt
NONE,7815013.0,2000000100_00001,2018-04-29T16:49:00.000Z,Record Service Entry Sheet
user_000,7815013.0,2000000100_00001,2018-04-29T16:52:00.000Z,Record Goods Receipt
NONE,7815013.0,2000000100_00001,2018-04-29T16:52:00.000Z,Record Service Entry Sheet
user_000,7815013.0,2000000100_00001,2018-04-29T16:55:00.000Z,Record Goods Receipt
NONE,7815013.0,2000000100_00001,2018-04-29T16:55:00.000Z,Record Service Entry Sheet
user_000,7815013.0,2000000100_00001,2018-04-29T16:58:00.000Z,Record Goods Receipt
NONE,7815013.0,2000000100_00001,2018-04-29T16:58:00.000Z,Record Service Entry Sheet
user_000,7815013.0,2000000100_00001,2018-04-29T21:16:00.000Z,Record Goods Receipt
NONE,7815013.0,2000000100_00001,2018-04-29T21:16:00.000Z,Record Service Entry Sheet
user_000,7815013.0,2000000100_00001,2018-04-29T21:19:00.000Z,Record Goods Receipt
NONE,7815013.0,2000000100_00001,2018-04-29T21:19:00.000Z,Record Service Entry Sheet
user_000,7815013.0,2000000100_00001,2018-04-30T09:11:00.000Z,Record Goods Receipt
NONE,7815013.0,2000000100_00001,2018-04-30T09:11:00.000Z,Record Service Entry Sheet
user_000,7815013.0,2000000100_00001,2018-04-30T09:14:00.000Z,Record Goods Receipt
NONE,7815013.0,2000000100_00001,2018-04-30T09:14:00.000Z,Record Service Entry Sheet
NONE,7815013.0,2000000100_00001,2018-04-30T21:59:00.000Z,Vendor creates invoice
NONE,7815013.0,2000000100_00001,2018-04-30T21:59:00.000Z,Vendor creates debit memo
user_012,7815013.0,2000000100_00001,2018-05-15T14:29:00.000Z,Record Invoice Receipt
user_013,7815013.0,2000000100_00001,2018-05-17T09:56:00.000Z,Record Invoice Receipt
user_012,7815013.0,2000000100_00001,2018-05-17T13:16:00.000Z,Record Invoice Receipt
user_002,7815013.0,2000000100_00001,2018-05-24T11:36:00.000Z,Clear Invoice
user_000,7815013.0,2000000100_00001,2018-05-27T19:51:00.000Z,Record Goods Receipt
NONE,7815013.0,2000000100_00001,2018-05-27T19:51:00.000Z,Record Service Entry Sheet
user_000,7815013.0,2000000100_00001,2018-05-27T19:54:00.000Z,Record Goods Receipt
NONE,7815013.0,2000000100_00001,2018-05-27T19:54:00.000Z,Record Service Entry Sheet
user_000,7815013.0,2000000100_00001,2018-05-27T19:57:00.000Z,Record Goods Receipt
NONE,7815013.0,2000000100_00001,2018-05-27T19:57:00.000Z,Record Service Entry Sheet
user_000,7815013.0,2000000100_00001,2018-05-27T19:59:00.000Z,Record Goods Receipt
NONE,7815013.0,2000000100_00001,2018-05-27T19:59:00.000Z,Record Service Entry Sheet
user_000,7815013.0,2000000100_00001,2018-05-27T20:02:00.000Z,Record Goods Receipt
NONE,7815013.0,2000000100_00001,2018-05-27T20:02:00.000Z,Record Service Entry Sheet
user_000,7815013.0,2000000100_00001,2018-05-27T20:04:00.000Z,Record Goods Receipt
NONE,7815013.0,2000000100_00001,2018-05-27T20:04:00.000Z,Record Service Entry Sheet
user_000,7815013.0,2000000100_00001,2018-05-27T20:52:00.000Z,Record Goods Receipt
NONE,7815013.0,2000000100_00001,2018-05-27T20:52:00.000Z,Record Service Entry Sheet
user_000,7815013.0,2000000100_00001,2018-05-27T20:56:00.000Z,Record Goods Receipt
NONE,7815013.0,2000000100_00001,2018-05-27T20:56:00.000Z,Record Service Entry Sheet
user_000,7815013.0,2000000100_00001,2018-05-27T20:58:00.000Z,Record Goods Receipt
NONE,7815013.0,2000000100_00001,2018-05-27T20:58:00.000Z,Record Service Entry Sheet
user_000,7815013.0,2000000100_00001,2018-05-27T21:01:00.000Z,Record Goods Receipt
NONE,7815013.0,2000000100_00001,2018-05-27T21:01:00.000Z,Record Service Entry Sheet
user_000,7815013.0,2000000100_00001,2018-05-27T21:04:00.000Z,Record Goods Receipt
NONE,7815013.0,2000000100_00001,2018-05-27T21:04:00.000Z,Record Service Entry Sheet
NONE,7815013.0,2000000100_00001,2018-05-31T21:59:00.000Z,Vendor creates invoice
NONE,7815013.0,2000000100_00001,2018-05-31T21:59:00.000Z,Vendor creates debit memo
user_001,7815013.0,2000000100_00001,2018-06-04T08:33:00.000Z,Record Invoice Receipt
user_013,7815013.0,2000000100_00001,2018-06-06T15:39:00.000Z,Record Invoice Receipt
user_013,7815013.0,2000000100_00001,2018-06-06T15:55:00.000Z,Record Invoice Receipt
user_001,7815013.0,2000000100_00001,2018-06-06T16:03:00.000Z,Record Invoice Receipt
user_013,7815013.0,2000000100_00001,2018-06-07T12:21:00.000Z,Record Invoice Receipt
user_013,7815013.0,2000000100_00001,2018-06-07T12:26:00.000Z,Record Invoice Receipt
user_013,7815013.0,2000000100_00001,2018-06-07T12:27:00.000Z,Record Invoice Receipt
user_012,7815013.0,2000000100_00001,2018-06-07T14:21:00.000Z,Record Invoice Receipt
user_012,7815013.0,2000000100_00001,2018-06-08T12:02:00.000Z,Record Invoice Receipt
user_012,7815013.0,2000000100_00001,2018-06-12T15:04:00.000Z,Record Invoice Receipt
user_012,7815013.0,2000000100_00001,2018-06-12T15:12:00.000Z,Record Invoice Receipt
user_013,7815013.0,2000000100_00001,2018-06-12T15:27:00.000Z,Record Invoice Receipt
user_013,7815013.0,2000000100_00001,2018-06-12T15:43:00.000Z,Record Invoice Receipt
user_000,7815013.0,2000000100_00001,2018-06-26T23:03:00.000Z,Record Goods Receipt
NONE,7815013.0,2000000100_00001,2018-06-26T23:03:00.000Z,Record Service Entry Sheet
user_000,7815013.0,2000000100_00001,2018-06-26T23:07:00.000Z,Record Goods Receipt
NONE,7815013.0,2000000100_00001,2018-06-26T23:07:00.000Z,Record Service Entry Sheet
user_000,7815013.0,2000000100_00001,2018-06-26T23:10:00.000Z,Record Goods Receipt
NONE,7815013.0,2000000100_00001,2018-06-26T23:10:00.000Z,Record Service Entry Sheet
user_000,7815013.0,2000000100_00001,2018-06-26T23:12:00.000Z,Record Goods Receipt
NONE,7815013.0,2000000100_00001,2018-06-26T23:12:00.000Z,Record Service Entry Sheet
user_000,7815013.0,2000000100_00001,2018-06-26T23:15:00.000Z,Record Goods Receipt
NONE,7815013.0,2000000100_00001,2018-06-26T23:15:00.000Z,Record Service Entry Sheet
user_000,7815013.0,2000000100_00001,2018-06-26T23:18:00.000Z,Record Goods Receipt
NONE,7815013.0,2000000100_00001,2018-06-26T23:18:00.000Z,Record Service Entry Sheet
user_000,7815013.0,2000000100_00001,2018-06-26T23:20:00.000Z,Record Goods Receipt
NONE,7815013.0,2000000100_00001,2018-06-26T23:20:00.000Z,Record Service Entry Sheet
user_000,7815013.0,2000000100_00001,2018-06-26T23:31:00.000Z,Record Goods Receipt
NONE,7815013.0,2000000100_00001,2018-06-26T23:31:00.000Z,Record Service Entry Sheet
user_000,7815013.0,2000000100_00001,2018-06-26T23:34:00.000Z,Record Goods Receipt
NONE,7815013.0,2000000100_00001,2018-06-26T23:34:00.000Z,Record Service Entry Sheet
user_000,7815013.0,2000000100_00001,2018-06-26T23:36:00.000Z,Record Goods Receipt
NONE,7815013.0,2000000100_00001,2018-06-26T23:36:00.000Z,Record Service Entry Sheet
user_000,7815013.0,2000000100_00001,2018-06-26T23:38:00.000Z,Record Goods Receipt
NONE,7815013.0,2000000100_00001,2018-06-26T23:38:00.000Z,Record Service Entry Sheet
user_000,7815013.0,2000000100_00001,2018-06-26T23:46:00.000Z,Record Goods Receipt
NONE,7815013.0,2000000100_00001,2018-06-26T23:46:00.000Z,Record Service Entry Sheet
user_000,7815013.0,2000000100_00001,2018-06-28T11:27:00.000Z,Record Goods Receipt
NONE,7815013.0,2000000100_00001,2018-06-28T11:27:00.000Z,Record Service Entry Sheet
user_000,7815013.0,2000000100_00001,2018-06-28T11:34:00.000Z,Cancel Goods Receipt
user_002,7815013.0,2000000100_00001,2018-06-28T12:05:00.000Z,Clear Invoice
NONE,7815013.0,2000000100_00001,2018-06-30T21:59:00.000Z,Vendor creates invoice
NONE,7815013.0,2000000100_00001,2018-06-30T21:59:00.000Z,Vendor creates debit memo
user_001,7815013.0,2000000100_00001,2018-07-04T08:48:00.000Z,Record Invoice Receipt
user_002,7815013.0,2000000100_00001,2018-07-05T12:13:00.000Z,Clear Invoice
user_015,7815013.0,2000000100_00001,2018-07-09T09:54:00.000Z,Cancel Invoice Receipt
user_015,7815013.0,2000000100_00001,2018-07-09T09:56:00.000Z,Record Invoice Receipt
user_015,7815013.0,2000000100_00001,2018-07-09T09:57:00.000Z,Clear Invoice
user_001,7815013.0,2000000100_00001,2018-07-09T10:17:00.000Z,Record Invoice Receipt
user_001,7815013.0,2000000100_00001,2018-07-09T10:19:00.000Z,Record Invoice Receipt
user_001,7815013.0,2000000100_00001,2018-07-09T10:21:00.000Z,Record Invoice Receipt
user_001,7815013.0,2000000100_00001,2018-07-09T10:23:00.000Z,Record Invoice Receipt
user_013,7815013.0,2000000100_00001,2018-07-09T12:30:00.000Z,Record Invoice Receipt
user_013,7815013.0,2000000100_00001,2018-07-09T12:31:00.000Z,Record Invoice Receipt
user_013,7815013.0,2000000100_00001,2018-07-09T12:33:00.000Z,Record Invoice Receipt
user_013,7815013.0,2000000100_00001,2018-07-09T12:34:00.000Z,Record Invoice Receipt
user_013,7815013.0,2000000100_00001,2018-07-09T12:35:00.000Z,Record Invoice Receipt
user_001,7815013.0,2000000100_00001,2018-07-11T09:05:00.000Z,Record Invoice Receipt
user_001,7815013.0,2000000100_00001,2018-07-11T09:11:00.000Z,Record Invoice Receipt
user_002,7815013.0,2000000100_00001,2018-07-12T10:55:00.000Z,Clear Invoice
user_013,7815013.0,2000000100_00001,2018-07-13T15:01:00.000Z,Record Invoice Receipt
user_000,7815013.0,2000000100_00001,2018-07-24T13:19:00.000Z,Record Goods Receipt
NONE,7815013.0,2000000100_00001,2018-07-24T13:19:00.000Z,Record Service Entry Sheet
user_000,7815013.0,2000000100_00001,2018-07-24T13:23:00.000Z,Record Goods Receipt
NONE,7815013.0,2000000100_00001,2018-07-24T13:23:00.000Z,Record Service Entry Sheet
user_000,7815013.0,2000000100_00001,2018-07-24T13:26:00.000Z,Record Goods Receipt
NONE,7815013.0,2000000100_00001,2018-07-24T13:26:00.000Z,Record Service Entry Sheet
user_000,7815013.0,2000000100_00001,2018-07-24T13:29:00.000Z,Record Goods Receipt
NONE,7815013.0,2000000100_00001,2018-07-24T13:29:00.000Z,Record Service Entry Sheet
user_000,7815013.0,2000000100_00001,2018-07-24T13:31:00.000Z,Record Goods Receipt
NONE,7815013.0,2000000100_00001,2018-07-24T13:31:00.000Z,Record Service Entry Sheet
user_000,7815013.0,2000000100_00001,2018-07-24T13:34:00.000Z,Record Goods Receipt
NONE,7815013.0,2000000100_00001,2018-07-24T13:34:00.000Z,Record Service Entry Sheet
user_000,7815013.0,2000000100_00001,2018-07-24T13:37:00.000Z,Record Goods Receipt
NONE,7815013.0,2000000100_00001,2018-07-24T13:37:00.000Z,Record Service Entry Sheet
user_000,7815013.0,2000000100_00001,2018-07-24T13:40:00.000Z,Record Goods Receipt
NONE,7815013.0,2000000100_00001,2018-07-24T13:40:00.000Z,Record Service Entry Sheet
user_002,7815013.0,2000000100_00001,2018-07-26T16:09:00.000Z,Clear Invoice
user_002,7815013.0,2000000100_00001,2018-07-26T16:09:00.000Z,Clear Invoice
user_012,7815013.0,2000000100_00001,2018-07-27T07:37:00.000Z,Record Invoice Receipt
user_012,7815013.0,2000000100_00001,2018-07-27T08:12:00.000Z,Record Invoice Receipt
user_001,7815013.0,2000000100_00001,2018-07-27T09:39:00.000Z,Record Invoice Receipt
user_000,7815013.0,2000000100_00001,2018-07-27T11:18:00.000Z,Record Goods Receipt
NONE,7815013.0,2000000100_00001,2018-07-27T11:18:00.000Z,Record Service Entry Sheet
user_016,7815013.0,2000000100_00001,2018-07-27T11:40:00.000Z,SRM: Created
user_016,7815013.0,2000000100_00001,2018-07-27T13:40:00.000Z,SRM: Complete
user_016,7815013.0,2000000100_00001,2018-07-27T13:40:00.000Z,SRM: Awaiting Approval
user_016,7815013.0,2000000100_00001,2018-07-27T13:40:00.000Z,SRM: Document Completed
user_020,7815013.0,2000000100_00001,2018-07-30T09:41:00.000Z,Record Invoice Receipt
batch_00,7815013.0,2000000100_00001,2018-07-30T20:58:00.000Z,SRM: Ordered
batch_00,7815013.0,2000000100_00001,2018-07-30T20:58:00.000Z,SRM: In Transfer to Execution Syst.
batch_00,7815013.0,2000000100_00001,2018-07-30T20:58:00.000Z,SRM: Deleted
user_000,7815013.0,2000000100_00001,2018-07-30T20:58:00.000Z,Change Price
NONE,7815013.0,2000000100_00001,2018-07-31T21:59:00.000Z,Vendor creates invoice
user_012,7815013.0,2000000100_00001,2018-08-01T13:29:00.000Z,Record Invoice Receipt
user_012,7815013.0,2000000100_00001,2018-08-02T09:46:00.000Z,Record Invoice Receipt
user_002,7815013.0,2000000100_00001,2018-08-02T14:07:00.000Z,Clear Invoice
user_013,7815013.0,2000000100_00001,2018-08-06T13:37:00.000Z,Record Invoice Receipt
user_012,7815013.0,2000000100_00001,2018-08-06T15:36:00.000Z,Record Invoice Receipt
user_004,7815013.0,2000000100_00001,2018-08-13T10:30:00.000Z,Cancel Invoice Receipt
user_004,7815013.0,2000000100_00001,2018-08-13T10:33:00.000Z,Record Invoice Receipt
user_012,7815013.0,2000000100_00001,2018-08-14T09:11:00.000Z,Record Invoice Receipt
user_002,7815013.0,2000000100_00001,2018-08-16T13:03:00.000Z,Clear Invoice
user_013,7815013.0,2000000100_00001,2018-08-17T15:14:00.000Z,Record Invoice Receipt
user_000,7815013.0,2000000100_00001,2018-08-27T10:39:00.000Z,Record Goods Receipt
NONE,7815013.0,2000000100_00001,2018-08-27T10:39:00.000Z,Record Service Entry Sheet
user_000,7815013.0,2000000100_00001,2018-08-27T10:50:00.000Z,Record Goods Receipt
NONE,7815013.0,2000000100_00001,2018-08-27T10:50:00.000Z,Record Service Entry Sheet
user_012,7815013.0,2000000100_00001,2018-08-30T09:29:00.000Z,Record Invoice Receipt
user_000,7815013.0,2000000100_00001,2018-08-30T12:01:00.000Z,Record Goods Receipt
NONE,7815013.0,2000000100_00001,2018-08-30T12:01:00.000Z,Record Service Entry Sheet
user_002,7815013.0,2000000100_00001,2018-08-30T13:40:00.000Z,Clear Invoice
user_000,7815013.0,2000000100_00001,2018-08-30T15:10:00.000Z,Record Goods Receipt
NONE,7815013.0,2000000100_00001,2018-08-30T15:10:00.000Z,Record Service Entry Sheet
user_000,7815013.0,2000000100_00001,2018-08-30T15:14:00.000Z,Record Goods Receipt
NONE,7815013.0,2000000100_00001,2018-08-30T15:14:00.000Z,Record Service Entry Sheet
user_000,7815013.0,2000000100_00001,2018-08-30T15:18:00.000Z,Record Goods Receipt
NONE,7815013.0,2000000100_00001,2018-08-30T15:18:00.000Z,Record Service Entry Sheet
user_000,7815013.0,2000000100_00001,2018-08-30T15:21:00.000Z,Record Goods Receipt
NONE,7815013.0,2000000100_00001,2018-08-30T15:21:00.000Z,Record Service Entry Sheet
user_000,7815013.0,2000000100_00001,2018-08-30T15:24:00.000Z,Record Goods Receipt
NONE,7815013.0,2000000100_00001,2018-08-30T15:24:00.000Z,Record Service Entry Sheet
user_000,7815013.0,2000000100_00001,2018-08-30T15:28:00.000Z,Record Goods Receipt
NONE,7815013.0,2000000100_00001,2018-08-30T15:28:00.000Z,Record Service Entry Sheet
user_000,7815013.0,2000000100_00001,2018-08-30T15:31:00.000Z,Record Goods Receipt
NONE,7815013.0,2000000100_00001,2018-08-30T15:31:00.000Z,Record Service Entry Sheet
user_000,7815013.0,2000000100_00001,2018-08-30T15:35:00.000Z,Record Goods Receipt
NONE,7815013.0,2000000100_00001,2018-08-30T15:35:00.000Z,Record Service Entry Sheet
user_000,7815013.0,2000000100_00001,2018-08-30T15:38:00.000Z,Record Goods Receipt
NONE,7815013.0,2000000100_00001,2018-08-30T15:38:00.000Z,Record Service Entry Sheet
user_000,7815013.0,2000000100_00001,2018-08-30T15:42:00.000Z,Record Goods Receipt
NONE,7815013.0,2000000100_00001,2018-08-30T15:42:00.000Z,Record Service Entry Sheet
user_000,7815013.0,2000000100_00001,2018-08-30T15:51:00.000Z,Record Goods Receipt
NONE,7815013.0,2000000100_00001,2018-08-30T15:51:00.000Z,Record Service Entry Sheet
user_000,7815013.0,2000000100_00001,2018-08-30T15:57:00.000Z,Record Goods Receipt
NONE,7815013.0,2000000100_00001,2018-08-30T15:57:00.000Z,Record Service Entry Sheet
user_020,7815013.0,2000000100_00001,2018-08-31T12:16:00.000Z,Record Invoice Receipt
user_020,7815013.0,2000000100_00001,2018-08-31T12:20:00.000Z,Record Invoice Receipt
user_020,7815013.0,2000000100_00001,2018-08-31T13:12:00.000Z,Record Invoice Receipt
NONE,7815013.0,2000000100_00001,2018-08-31T21:59:00.000Z,Vendor creates invoice
user_012,7815013.0,2000000100_00001,2018-09-03T08:16:00.000Z,Record Invoice Receipt
user_012,7815013.0,2000000100_00001,2018-09-03T09:43:00.000Z,Cancel Invoice Receipt
user_012,7815013.0,2000000100_00001,2018-09-03T09:53:00.000Z,Clear Invoice
user_013,7815013.0,2000000100_00001,2018-09-03T15:18:00.000Z,Record Invoice Receipt
user_004,7815013.0,2000000100_00001,2018-09-06T09:12:00.000Z,Record Invoice Receipt
user_001,7815013.0,2000000100_00001,2018-09-06T10:01:00.000Z,Record Invoice Receipt
user_001,7815013.0,2000000100_00001,2018-09-06T10:02:00.000Z,Record Invoice Receipt
user_001,7815013.0,2000000100_00001,2018-09-06T10:04:00.000Z,Record Invoice Receipt
user_013,7815013.0,2000000100_00001,2018-09-06T11:55:00.000Z,Record Invoice Receipt
user_013,7815013.0,2000000100_00001,2018-09-06T12:04:00.000Z,Record Invoice Receipt
user_002,7815013.0,2000000100_00001,2018-09-06T12:08:00.000Z,Clear Invoice
user_012,7815013.0,2000000100_00001,2018-09-06T14:31:00.000Z,Record Invoice Receipt
user_012,7815013.0,2000000100_00001,2018-09-06T14:33:00.000Z,Record Invoice Receipt
user_012,7815013.0,2000000100_00001,2018-09-06T14:36:00.000Z,Record Invoice Receipt
user_000,7815013.0,2000000100_00001,2018-09-28T07:12:00.000Z,Record Goods Receipt
NONE,7815013.0,2000000100_00001,2018-09-28T07:12:00.000Z,Record Service Entry Sheet
user_000,7815013.0,2000000100_00001,2018-09-28T07:21:00.000Z,Record Goods Receipt
NONE,7815013.0,2000000100_00001,2018-09-28T07:21:00.000Z,Record Service Entry Sheet
user_000,7815013.0,2000000100_00001,2018-09-28T07:25:00.000Z,Record Goods Receipt
NONE,7815013.0,2000000100_00001,2018-09-28T07:25:00.000Z,Record Service Entry Sheet
user_000,7815013.0,2000000100_00001,2018-09-28T07:31:00.000Z,Record Goods Receipt
NONE,7815013.0,2000000100_00001,2018-09-28T07:31:00.000Z,Record Service Entry Sheet
user_000,7815013.0,2000000100_00001,2018-09-28T07:36:00.000Z,Record Goods Receipt
NONE,7815013.0,2000000100_00001,2018-09-28T07:36:00.000Z,Record Service Entry Sheet
user_000,7815013.0,2000000100_00001,2018-09-28T07:40:00.000Z,Record Goods Receipt
NONE,7815013.0,2000000100_00001,2018-09-28T07:40:00.000Z,Record Service Entry Sheet
user_000,7815013.0,2000000100_00001,2018-09-28T07:54:00.000Z,Record Goods Receipt
NONE,7815013.0,2000000100_00001,2018-09-28T07:54:00.000Z,Record Service Entry Sheet
user_000,7815013.0,2000000100_00001,2018-09-28T07:59:00.000Z,Record Goods Receipt
NONE,7815013.0,2000000100_00001,2018-09-28T07:59:00.000Z,Record Service Entry Sheet
user_000,7815013.0,2000000100_00001,2018-09-28T08:03:00.000Z,Record Goods Receipt
NONE,7815013.0,2000000100_00001,2018-09-28T08:03:00.000Z,Record Service Entry Sheet
NONE,7815013.0,2000000100_00001,2018-09-28T08:08:00.000Z,Record Service Entry Sheet
user_000,7815013.0,2000000100_00001,2018-09-28T08:09:00.000Z,Record Goods Receipt
user_000,7815013.0,2000000100_00001,2018-09-28T08:13:00.000Z,Record Goods Receipt
NONE,7815013.0,2000000100_00001,2018-09-28T08:13:00.000Z,Record Service Entry Sheet
user_002,7815013.0,2000000100_00001,2018-09-28T08:29:00.000Z,Clear Invoice
user_002,7815013.0,2000000100_00001,2018-09-28T08:29:00.000Z,Clear Invoice
batch_00,7815013.0,2000000100_00001,2018-09-28T11:02:00.000Z,Record Invoice Receipt
NONE,7815013.0,2000000100_00001,2018-09-29T21:59:00.000Z,Vendor creates invoice
NONE,7815013.0,2000000100_00001,2018-09-30T21:59:00.000Z,Vendor creates invoice
user_013,7815013.0,2000000100_00001,2018-10-01T12:28:00.000Z,Record Invoice Receipt
user_015,7815013.0,2000000100_00001,2018-10-01T14:16:00.000Z,Cancel Invoice Receipt
user_015,7815013.0,2000000100_00001,2018-10-01T15:33:00.000Z,Record Invoice Receipt
user_015,7815013.0,2000000100_00001,2018-10-01T15:34:00.000Z,Remove Payment Block
user_019,7815013.0,2000000100_00001,2018-10-02T10:17:00.000Z,Record Invoice Receipt
user_019,7815013.0,2000000100_00001,2018-10-02T10:20:00.000Z,Record Invoice Receipt
user_019,7815013.0,2000000100_00001,2018-10-02T10:27:00.000Z,Record Invoice Receipt
user_019,7815013.0,2000000100_00001,2018-10-02T10:29:00.000Z,Record Invoice Receipt
user_019,7815013.0,2000000100_00001,2018-10-02T10:31:00.000Z,Record Invoice Receipt
batch_00,7815013.0,2000000100_00001,2018-10-03T09:22:00.000Z,Record Invoice Receipt
batch_00,7815013.0,2000000100_00001,2018-10-03T09:24:00.000Z,Record Invoice Receipt
batch_00,7815013.0,2000000100_00001,2018-10-03T09:26:00.000Z,Record Invoice Receipt
user_011,7815013.0,2000000100_00001,2018-10-03T09:30:00.000Z,Record Invoice Receipt
user_002,7815013.0,2000000100_00001,2018-10-04T14:50:00.000Z,Clear Invoice
user_027,7815013.0,2000000100_00001,2018-10-11T11:03:00.000Z,Clear Invoice
user_010,7815013.0,2000000100_00001,2018-10-18T11:59:00.000Z,SRM: Created
user_010,7815013.0,2000000100_00001,2018-10-18T14:00:00.000Z,SRM: Complete
user_010,7815013.0,2000000100_00001,2018-10-18T14:00:00.000Z,SRM: Awaiting Approval
user_010,7815013.0,2000000100_00001,2018-10-18T14:00:00.000Z,SRM: Document Completed
batch_00,7815013.0,2000000100_00001,2018-10-22T07:31:00.000Z,SRM: Ordered
batch_00,7815013.0,2000000100_00001,2018-10-22T07:31:00.000Z,SRM: In Transfer to Execution Syst.
batch_00,7815013.0,2000000100_00001,2018-10-22T07:31:00.000Z,SRM: Deleted
user_000,7815013.0,2000000100_00001,2018-10-22T07:31:00.000Z,Change Price
user_005,7815013.0,2000000100_00001,2018-10-26T09:03:00.000Z,Clear Invoice
user_000,7815013.0,2000000100_00001,2018-10-30T16:40:00.000Z,Record Goods Receipt
NONE,7815013.0,2000000100_00001,2018-10-30T16:40:00.000Z,Record Service Entry Sheet
user_000,7815013.0,2000000100_00001,2018-10-30T16:44:00.000Z,Record Goods Receipt
NONE,7815013.0,2000000100_00001,2018-10-30T16:44:00.000Z,Record Service Entry Sheet
user_000,7815013.0,2000000100_00001,2018-10-30T16:48:00.000Z,Record Goods Receipt
NONE,7815013.0,2000000100_00001,2018-10-30T16:48:00.000Z,Record Service Entry Sheet
user_000,7815013.0,2000000100_00001,2018-10-30T16:52:00.000Z,Record Goods Receipt
NONE,7815013.0,2000000100_00001,2018-10-30T16:52:00.000Z,Record Service Entry Sheet
user_000,7815013.0,2000000100_00001,2018-10-30T16:56:00.000Z,Record Goods Receipt
NONE,7815013.0,2000000100_00001,2018-10-30T16:56:00.000Z,Record Service Entry Sheet
user_000,7815013.0,2000000100_00001,2018-10-30T17:00:00.000Z,Record Goods Receipt
NONE,7815013.0,2000000100_00001,2018-10-30T17:00:00.000Z,Record Service Entry Sheet
user_000,7815013.0,2000000100_00001,2018-10-30T17:04:00.000Z,Record Goods Receipt
NONE,7815013.0,2000000100_00001,2018-10-30T17:04:00.000Z,Record Service Entry Sheet
user_000,7815013.0,2000000100_00001,2018-10-30T17:08:00.000Z,Record Goods Receipt
NONE,7815013.0,2000000100_00001,2018-10-30T17:08:00.000Z,Record Service Entry Sheet
user_000,7815013.0,2000000100_00001,2018-10-30T17:12:00.000Z,Record Goods Receipt
NONE,7815013.0,2000000100_00001,2018-10-30T17:12:00.000Z,Record Service Entry Sheet
user_000,7815013.0,2000000100_00001,2018-10-30T17:16:00.000Z,Record Goods Receipt
NONE,7815013.0,2000000100_00001,2018-10-30T17:16:00.000Z,Record Service Entry Sheet
user_000,7815013.0,2000000100_00001,2018-10-30T17:20:00.000Z,Record Goods Receipt
NONE,7815013.0,2000000100_00001,2018-10-30T17:20:00.000Z,Record Service Entry Sheet
user_000,7815013.0,2000000100_00001,2018-10-30T17:24:00.000Z,Record Goods Receipt
NONE,7815013.0,2000000100_00001,2018-10-30T17:24:00.000Z,Record Service Entry Sheet
user_000,7815013.0,2000000100_00001,2018-10-30T17:28:00.000Z,Record Goods Receipt
NONE,7815013.0,2000000100_00001,2018-10-30T17:28:00.000Z,Record Service Entry Sheet
user_001,7815013.0,2000000100_00001,2018-10-31T10:09:00.000Z,Record Invoice Receipt
user_001,7815013.0,2000000100_00001,2018-10-31T10:11:00.000Z,Record Invoice Receipt
user_012,7815013.0,2000000100_00001,2018-10-31T10:12:00.000Z,Record Invoice Receipt
user_001,7815013.0,2000000100_00001,2018-10-31T10:15:00.000Z,Record Invoice Receipt
user_013,7815013.0,2000000100_00001,2018-10-31T15:25:00.000Z,Record Invoice Receipt
user_013,7815013.0,2000000100_00001,2018-10-31T15:27:00.000Z,Record Invoice Receipt
user_013,7815013.0,2000000100_00001,2018-10-31T15:39:00.000Z,Record Invoice Receipt
user_013,7815013.0,2000000100_00001,2018-11-05T11:12:00.000Z,Cancel Invoice Receipt
user_013,7815013.0,2000000100_00001,2018-11-05T11:14:00.000Z,Record Invoice Receipt
user_013,7815013.0,2000000100_00001,2018-11-05T11:28:00.000Z,Clear Invoice
user_015,7815013.0,2000000100_00001,2018-11-05T15:46:00.000Z,Cancel Invoice Receipt
user_015,7815013.0,2000000100_00001,2018-11-05T15:47:00.000Z,Record Invoice Receipt
user_015,7815013.0,2000000100_00001,2018-11-05T16:00:00.000Z,Clear Invoice
user_004,7815013.0,2000000100_00001,2018-11-06T04:21:00.000Z,Cancel Invoice Receipt
user_004,7815013.0,2000000100_00001,2018-11-06T04:23:00.000Z,Record Invoice Receipt
user_004,7815013.0,2000000100_00001,2018-11-06T04:24:00.000Z,Clear Invoice
user_012,7815013.0,2000000100_00001,2018-11-06T12:03:00.000Z,Cancel Invoice Receipt
user_012,7815013.0,2000000100_00001,2018-11-06T12:09:00.000Z,Record Invoice Receipt
user_012,7815013.0,2000000100_00001,2018-11-06T12:11:00.000Z,Clear Invoice
user_020,7815013.0,2000000100_00001,2018-11-07T02:51:00.000Z,Cancel Invoice Receipt
user_020,7815013.0,2000000100_00001,2018-11-07T02:54:00.000Z,Record Invoice Receipt
user_020,7815013.0,2000000100_00001,2018-11-07T02:55:00.000Z,Clear Invoice
user_001,7815013.0,2000000100_00001,2018-11-12T12:33:00.000Z,Record Invoice Receipt
user_001,7815013.0,2000000100_00001,2018-11-12T12:35:00.000Z,Record Invoice Receipt
user_013,7815013.0,2000000100_00001,2018-11-12T16:01:00.000Z,Record Invoice Receipt
NONE,7815013.0,2000000100_00001,2018-11-13T22:59:00.000Z,Vendor creates invoice
user_020,7815013.0,2000000100_00001,2018-11-14T12:24:00.000Z,Record Invoice Receipt
user_019,7815013.0,2000000100_00001,2018-11-14T15:40:00.000Z,Record Invoice Receipt
user_000,7815013.0,2000000100_00001,2018-11-19T00:12:00.000Z,Cancel Goods Receipt
user_012,7815013.0,2000000100_00001,2018-11-19T11:14:00.000Z,Record Invoice Receipt
user_012,7815013.0,2000000100_00001,2018-11-21T13:43:00.000Z,Cancel Invoice Receipt
user_012,7815013.0,2000000100_00001,2018-11-21T13:46:00.000Z,Record Invoice Receipt
user_012,7815013.0,2000000100_00001,2018-11-21T13:47:00.000Z,Clear Invoice
user_012,7815013.0,2000000100_00001,2018-11-21T13:54:00.000Z,Cancel Invoice Receipt
user_012,7815013.0,2000000100_00001,2018-11-21T14:01:00.000Z,Record Invoice Receipt
user_012,7815013.0,2000000100_00001,2018-11-21T14:03:00.000Z,Clear Invoice
user_000,7815013.0,2000000100_00001,2018-11-27T01:13:00.000Z,Record Goods Receipt
NONE,7815013.0,2000000100_00001,2018-11-27T01:13:00.000Z,Record Service Entry Sheet
user_000,7815013.0,2000000100_00001,2018-11-27T01:18:00.000Z,Record Goods Receipt
NONE,7815013.0,2000000100_00001,2018-11-27T01:18:00.000Z,Record Service Entry Sheet
user_000,7815013.0,2000000100_00001,2018-11-27T01:23:00.000Z,Record Goods Receipt
NONE,7815013.0,2000000100_00001,2018-11-27T01:23:00.000Z,Record Service Entry Sheet
user_000,7815013.0,2000000100_00001,2018-11-27T01:30:00.000Z,Record Goods Receipt
NONE,7815013.0,2000000100_00001,2018-11-27T01:30:00.000Z,Record Service Entry Sheet
user_000,7815013.0,2000000100_00001,2018-11-27T01:42:00.000Z,Record Goods Receipt
NONE,7815013.0,2000000100_00001,2018-11-27T01:42:00.000Z,Record Service Entry Sheet
user_000,7815013.0,2000000100_00001,2018-11-27T01:56:00.000Z,Record Goods Receipt
NONE,7815013.0,2000000100_00001,2018-11-27T01:56:00.000Z,Record Service Entry Sheet
user_000,7815013.0,2000000100_00001,2018-11-27T02:03:00.000Z,Record Goods Receipt
NONE,7815013.0,2000000100_00001,2018-11-27T02:03:00.000Z,Record Service Entry Sheet
user_000,7815013.0,2000000100_00001,2018-11-27T02:10:00.000Z,Record Goods Receipt
NONE,7815013.0,2000000100_00001,2018-11-27T02:10:00.000Z,Record Service Entry Sheet
user_000,7815013.0,2000000100_00001,2018-11-27T02:21:00.000Z,Record Goods Receipt
NONE,7815013.0,2000000100_00001,2018-11-27T02:21:00.000Z,Record Service Entry Sheet
user_000,7815013.0,2000000100_00001,2018-11-27T02:28:00.000Z,Record Goods Receipt
NONE,7815013.0,2000000100_00001,2018-11-27T02:28:00.000Z,Record Service Entry Sheet
user_012,7815013.0,2000000100_00001,2018-11-27T15:47:00.000Z,Record Invoice Receipt
user_012,7815013.0,2000000100_00001,2018-11-27T15:48:00.000Z,Record Invoice Receipt
user_000,7815013.0,2000000100_00001,2018-11-27T23:25:00.000Z,Record Goods Receipt
NONE,7815013.0,2000000100_00001,2018-11-27T23:25:00.000Z,Record Service Entry Sheet
user_000,7815013.0,2000000100_00001,2018-11-27T23:36:00.000Z,Record Goods Receipt
NONE,7815013.0,2000000100_00001,2018-11-27T23:36:00.000Z,Record Service Entry Sheet
user_000,7815013.0,2000000100_00001,2018-11-27T23:39:00.000Z,Record Goods Receipt
NONE,7815013.0,2000000100_00001,2018-11-27T23:39:00.000Z,Record Service Entry Sheet
user_000,7815013.0,2000000100_00001,2018-11-27T23:44:00.000Z,Record Goods Receipt
NONE,7815013.0,2000000100_00001,2018-11-27T23:44:00.000Z,Record Service Entry Sheet
user_002,7815013.0,2000000100_00001,2018-11-29T15:16:00.000Z,Clear Invoice
NONE,7815013.0,2000000100_00001,2018-11-30T22:59:00.000Z,Vendor creates invoice
user_019,7815013.0,2000000100_00001,2018-12-12T17:05:00.000Z,Record Invoice Receipt
user_000,7815013.0,2000000100_00001,2018-12-17T13:09:00.000Z,Record Goods Receipt
NONE,7815013.0,2000000100_00001,2018-12-17T13:09:00.000Z,Record Service Entry Sheet
user_000,7815013.0,2000000100_00001,2018-12-17T13:19:00.000Z,Record Goods Receipt
NONE,7815013.0,2000000100_00001,2018-12-17T13:19:00.000Z,Record Service Entry Sheet
user_000,7815013.0,2000000100_00001,2018-12-17T13:27:00.000Z,Record Goods Receipt
NONE,7815013.0,2000000100_00001,2018-12-17T13:27:00.000Z,Record Service Entry Sheet
user_000,7815013.0,2000000100_00001,2018-12-17T13:32:00.000Z,Record Goods Receipt
NONE,7815013.0,2000000100_00001,2018-12-17T13:32:00.000Z,Record Service Entry Sheet
user_000,7815013.0,2000000100_00001,2018-12-17T13:37:00.000Z,Record Goods Receipt
NONE,7815013.0,2000000100_00001,2018-12-17T13:37:00.000Z,Record Service Entry Sheet
user_000,7815013.0,2000000100_00001,2018-12-17T13:44:00.000Z,Record Goods Receipt
NONE,7815013.0,2000000100_00001,2018-12-17T13:44:00.000Z,Record Service Entry Sheet
user_000,7815013.0,2000000100_00001,2018-12-17T13:50:00.000Z,Record Goods Receipt
NONE,7815013.0,2000000100_00001,2018-12-17T13:50:00.000Z,Record Service Entry Sheet
user_000,7815013.0,2000000100_00001,2018-12-17T13:59:00.000Z,Record Goods Receipt
NONE,7815013.0,2000000100_00001,2018-12-17T13:59:00.000Z,Record Service Entry Sheet
user_000,7815013.0,2000000100_00001,2018-12-17T14:03:00.000Z,Record Goods Receipt
NONE,7815013.0,2000000100_00001,2018-12-17T14:03:00.000Z,Record Service Entry Sheet
user_000,7815013.0,2000000100_00001,2018-12-17T15:56:00.000Z,Record Goods Receipt
NONE,7815013.0,2000000100_00001,2018-12-17T15:56:00.000Z,Record Service Entry Sheet
user_000,7815013.0,2000000100_00001,2018-12-17T16:07:00.000Z,Record Goods Receipt
NONE,7815013.0,2000000100_00001,2018-12-17T16:07:00.000Z,Record Service Entry Sheet
user_013,7815013.0,2000000100_00001,2018-12-20T12:40:00.000Z,Record Invoice Receipt
user_013,7815013.0,2000000100_00001,2018-12-20T12:56:00.000Z,Record Invoice Receipt
user_012,7815013.0,2000000100_00001,2018-12-20T15:01:00.000Z,Record Invoice Receipt
user_012,7815013.0,2000000100_00001,2018-12-20T15:03:00.000Z,Record Invoice Receipt
user_012,7815013.0,2000000100_00001,2018-12-20T15:07:00.000Z,Record Invoice Receipt
user_020,7815013.0,2000000100_00001,2018-12-24T13:23:00.000Z,Record Invoice Receipt
batch_00,7815013.0,2000000100_00001,2018-12-27T13:57:00.000Z,Record Invoice Receipt
batch_00,7815013.0,2000000100_00001,2018-12-27T14:01:00.000Z,Record Invoice Receipt
user_020,7815013.0,2000000100_00001,2018-12-27T14:04:00.000Z,Record Invoice Receipt
user_019,7815013.0,2000000100_00001,2018-12-27T16:18:00.000Z,Record Invoice Receipt
user_020,7815013.0,2000000100_00001,2018-12-28T13:09:00.000Z,Record Invoice Receipt
user_020,7815013.0,2000000100_00001,2018-12-28T13:15:00.000Z,Record Invoice Receipt
user_020,7815013.0,2000000100_00001,2019-01-02T08:54:00.000Z,Record Invoice Receipt
user_012,7815013.0,2000000100_00001,2019-01-02T08:56:00.000Z,Record Invoice Receipt
user_012,7815013.0,2000000100_00001,2019-01-02T12:27:00.000Z,Record Invoice Receipt
user_019,7815013.0,2000000100_00001,2019-01-02T13:35:00.000Z,Record Invoice Receipt
user_020,7815013.0,2000000100_00001,2019-01-02T16:43:00.000Z,Record Invoice Receipt
user_020,7815013.0,2000000100_00001,2019-01-03T08:11:00.000Z,Record Invoice Receipt
user_012,7815013.0,2000000100_00001,2019-01-03T09:25:00.000Z,Record Invoice Receipt
user_019,7815013.0,2000000100_00001,2019-01-03T09:27:00.000Z,Record Invoice Receipt
user_020,7815013.0,2000000100_00001,2019-01-04T07:02:00.000Z,Record Invoice Receipt
user_013,7815013.0,2000000100_00001,2019-01-04T09:52:00.000Z,Record Invoice Receipt
user_013,7815013.0,2000000100_00001,2019-01-04T12:29:00.000Z,Record Invoice Receipt
user_003,7815013.0,2000000100_00001,2019-01-17T11:00:00.000Z,SRM: In Transfer to Execution Syst.
user_003,7815013.0,2000000100_00001,2019-01-17T11:00:00.000Z,SRM: Transfer Failed (E.Sys.)
NONE,7815013.0,2000000100_00001,2019-04-30T21:59:00.000Z,Vendor creates invoice
NONE,7815013.0,2000000100_00001,2019-04-30T21:59:00.000Z,Vendor creates debit memo
batch_00,19875.0,2000000101_00001,2018-01-29T09:58:00.000Z,SRM: Created
batch_00,19875.0,2000000101_00001,2018-01-29T10:58:00.000Z,SRM: Complete
batch_00,19875.0,2000000101_00001,2018-01-29T10:58:00.000Z,SRM: Awaiting Approval
batch_00,19875.0,2000000101_00001,2018-01-29T10:58:00.000Z,SRM: Document Completed
batch_00,19875.0,2000000101_00001,2018-01-29T10:58:00.000Z,SRM: Ordered
batch_00,19875.0,2000000101_00001,2018-01-29T10:59:00.000Z,SRM: In Transfer to Execution Syst.
batch_00,19875.0,2000000101_00001,2018-01-29T10:59:00.000Z,SRM: Change was Transmitted
user_000,19875.0,2000000101_00001,2018-01-29T10:59:00.000Z,Create Purchase Order Item
NONE,19875.0,2000000101_00001,2018-01-31T22:59:00.000Z,Vendor creates invoice
user_026,19875.0,2000000101_00001,2018-02-06T06:45:00.000Z,SRM: Created
user_026,19875.0,2000000101_00001,2018-02-06T07:45:00.000Z,SRM: Complete
user_026,19875.0,2000000101_00001,2018-02-06T07:45:00.000Z,SRM: Awaiting Approval
user_026,19875.0,2000000101_00001,2018-02-06T07:45:00.000Z,SRM: Document Completed
batch_00,19875.0,2000000101_00001,2018-02-06T12:02:00.000Z,SRM: Ordered
batch_00,19875.0,2000000101_00001,2018-02-06T12:02:00.000Z,SRM: Deleted
batch_00,19875.0,2000000101_00001,2018-02-06T12:12:00.000Z,SRM: In Transfer to Execution Syst.
user_000,19875.0,2000000101_00001,2018-02-06T12:12:00.000Z,Change Price
NONE,19875.0,2000000101_00001,2018-02-07T22:59:00.000Z,Vendor creates invoice
user_000,19875.0,2000000101_00001,2018-02-11T08:04:00.000Z,Record Goods Receipt
NONE,19875.0,2000000101_00001,2018-02-11T08:04:00.000Z,Record Service Entry Sheet
user_011,19875.0,2000000101_00001,2018-02-12T14:37:00.000Z,Record Invoice Receipt
user_000,19875.0,2000000101_00001,2018-02-13T08:56:00.000Z,Record Goods Receipt
NONE,19875.0,2000000101_00001,2018-02-13T08:56:00.000Z,Record Service Entry Sheet
user_012,19875.0,2000000101_00001,2018-04-03T14:34:00.000Z,Record Invoice Receipt
user_002,19875.0,2000000101_00001,2018-04-26T09:16:00.000Z,Clear Invoice
batch_00,132664.0,2000000102_00001,2018-01-29T10:52:00.000Z,SRM: Created
batch_00,132664.0,2000000102_00001,2018-01-29T11:52:00.000Z,SRM: Complete
batch_00,132664.0,2000000102_00001,2018-01-29T11:52:00.000Z,SRM: Awaiting Approval
batch_00,132664.0,2000000102_00001,2018-01-29T11:52:00.000Z,SRM: Document Completed
batch_00,132664.0,2000000102_00001,2018-01-29T11:52:00.000Z,SRM: In Transfer to Execution Syst.
batch_00,132664.0,2000000102_00001,2018-01-29T11:52:00.000Z,SRM: Ordered
user_000,132664.0,2000000102_00001,2018-01-29T11:52:00.000Z,Create Purchase Order Item
batch_00,132664.0,2000000102_00001,2018-01-29T11:52:00.000Z,SRM: Change was Transmitted
NONE,132664.0,2000000102_00001,2018-05-25T21:59:00.000Z,Vendor creates invoice
user_000,132664.0,2000000102_00001,2018-06-09T05:24:00.000Z,Record Goods Receipt
NONE,132664.0,2000000102_00001,2018-06-09T05:24:00.000Z,Record Service Entry Sheet
user_012,132664.0,2000000102_00001,2018-06-11T13:12:00.000Z,Record Invoice Receipt
NONE,132664.0,2000000102_00001,2018-06-25T21:59:00.000Z,Vendor creates invoice
user_002,132664.0,2000000102_00001,2018-06-28T12:05:00.000Z,Clear Invoice
user_000,132664.0,2000000102_00001,2018-07-11T05:25:00.000Z,Record Goods Receipt
NONE,132664.0,2000000102_00001,2018-07-11T05:25:00.000Z,Record Service Entry Sheet
user_004,132664.0,2000000102_00001,2018-07-11T07:26:00.000Z,Record Invoice Receipt
user_014,132664.0,2000000102_00001,2018-07-18T06:22:00.000Z,SRM: Created
user_014,132664.0,2000000102_00001,2018-07-18T08:22:00.000Z,SRM: Complete
user_014,132664.0,2000000102_00001,2018-07-18T08:22:00.000Z,SRM: Awaiting Approval
user_014,132664.0,2000000102_00001,2018-07-18T08:22:00.000Z,SRM: Document Completed
batch_00,132664.0,2000000102_00001,2018-07-18T08:22:00.000Z,SRM: In Transfer to Execution Syst.
batch_00,132664.0,2000000102_00001,2018-07-18T08:22:00.000Z,SRM: Ordered
batch_00,132664.0,2000000102_00001,2018-07-18T08:22:00.000Z,SRM: Deleted
NONE,132664.0,2000000102_00001,2018-07-25T21:59:00.000Z,Vendor creates invoice
user_002,132664.0,2000000102_00001,2018-07-26T16:09:00.000Z,Clear Invoice
user_000,132664.0,2000000102_00001,2018-07-29T08:41:00.000Z,Record Goods Receipt
NONE,132664.0,2000000102_00001,2018-07-29T08:41:00.000Z,Record Service Entry Sheet
batch_00,132664.0,2000000102_00001,2018-07-31T07:56:00.000Z,Record Invoice Receipt
user_014,132664.0,2000000102_00001,2018-08-06T05:26:00.000Z,SRM: Created
user_014,132664.0,2000000102_00001,2018-08-06T07:27:00.000Z,SRM: Complete
user_014,132664.0,2000000102_00001,2018-08-06T07:27:00.000Z,SRM: Awaiting Approval
user_014,132664.0,2000000102_00001,2018-08-06T07:27:00.000Z,SRM: Document Completed
batch_00,132664.0,2000000102_00001,2018-08-06T07:28:00.000Z,SRM: In Transfer to Execution Syst.
batch_00,132664.0,2000000102_00001,2018-08-06T07:28:00.000Z,SRM: Ordered
batch_00,132664.0,2000000102_00001,2018-08-06T07:28:00.000Z,SRM: Deleted
user_016,132664.0,2000000102_00001,2018-08-10T07:48:00.000Z,SRM: Created
user_016,132664.0,2000000102_00001,2018-08-10T09:49:00.000Z,SRM: Complete
user_016,132664.0,2000000102_00001,2018-08-10T09:49:00.000Z,SRM: Awaiting Approval
user_016,132664.0,2000000102_00001,2018-08-10T09:49:00.000Z,SRM: Document Completed
batch_00,132664.0,2000000102_00001,2018-08-10T09:49:00.000Z,SRM: In Transfer to Execution Syst.
batch_00,132664.0,2000000102_00001,2018-08-10T09:49:00.000Z,SRM: Ordered
batch_00,132664.0,2000000102_00001,2018-08-10T09:49:00.000Z,SRM: Deleted
user_002,132664.0,2000000102_00001,2018-08-30T13:40:00.000Z,Clear Invoice
user_010,132664.0,2000000102_00001,2018-09-18T05:35:00.000Z,SRM: Created
user_010,132664.0,2000000102_00001,2018-09-18T07:35:00.000Z,SRM: Complete
user_010,132664.0,2000000102_00001,2018-09-18T07:35:00.000Z,SRM: Awaiting Approval
user_010,132664.0,2000000102_00001,2018-09-18T07:35:00.000Z,SRM: Document Completed
batch_00,132664.0,2000000102_00001,2018-09-18T07:35:00.000Z,SRM: In Transfer to Execution Syst.
batch_00,132664.0,2000000102_00001,2018-09-18T07:35:00.000Z,SRM: Ordered
batch_00,132664.0,2000000102_00001,2018-09-18T07:35:00.000Z,SRM: Deleted
NONE,132664.0,2000000102_00001,2018-09-25T21:59:00.000Z,Vendor creates invoice
user_014,132664.0,2000000102_00001,2018-10-04T11:50:00.000Z,SRM: Created
user_014,132664.0,2000000102_00001,2018-10-04T13:51:00.000Z,SRM: Complete
user_014,132664.0,2000000102_00001,2018-10-04T13:51:00.000Z,SRM: Awaiting Approval
user_014,132664.0,2000000102_00001,2018-10-04T13:51:00.000Z,SRM: Document Completed
batch_00,132664.0,2000000102_00001,2018-10-10T14:39:00.000Z,SRM: In Transfer to Execution Syst.
batch_00,132664.0,2000000102_00001,2018-10-10T14:39:00.000Z,SRM: Ordered
batch_00,132664.0,2000000102_00001,2018-10-10T14:39:00.000Z,SRM: Deleted
user_000,132664.0,2000000102_00001,2018-10-10T14:39:00.000Z,Change Price
user_000,132664.0,2000000102_00001,2018-10-11T06:44:00.000Z,Record Goods Receipt
NONE,132664.0,2000000102_00001,2018-10-11T06:44:00.000Z,Record Service Entry Sheet
batch_00,132664.0,2000000102_00001,2018-10-11T11:12:00.000Z,Record Invoice Receipt
user_005,132664.0,2000000102_00001,2018-10-26T09:03:00.000Z,Clear Invoice
batch_00,293.0,2000000103_00001,2018-01-29T12:35:00.000Z,SRM: Created
batch_00,293.0,2000000103_00001,2018-01-29T13:35:00.000Z,SRM: Complete
batch_00,293.0,2000000103_00001,2018-01-29T13:35:00.000Z,SRM: Awaiting Approval
batch_00,293.0,2000000103_00001,2018-01-29T13:35:00.000Z,SRM: Document Completed
batch_00,293.0,2000000103_00001,2018-01-29T13:35:00.000Z,SRM: In Transfer to Execution Syst.
batch_00,293.0,2000000103_00001,2018-01-29T13:35:00.000Z,SRM: Ordered
batch_00,293.0,2000000103_00001,2018-01-29T13:35:00.000Z,SRM: Change was Transmitted
user_000,293.0,2000000103_00001,2018-01-29T13:35:00.000Z,Create Purchase Order Item
NONE,293.0,2000000103_00001,2018-01-30T22:59:00.000Z,Vendor creates invoice
user_000,293.0,2000000103_00001,2018-02-05T14:11:00.000Z,Record Goods Receipt
batch_00,293.0,2000000103_00001,2018-03-05T15:09:00.000Z,Record Invoice Receipt
user_002,293.0,2000000103_00001,2018-03-29T13:07:00.000Z,Clear Invoice
batch_00,226.0,2000000104_00001,2018-01-29T13:16:00.000Z,SRM: Created
batch_00,226.0,2000000104_00001,2018-01-29T14:16:00.000Z,SRM: Complete
batch_00,226.0,2000000104_00001,2018-01-29T14:16:00.000Z,SRM: Awaiting Approval
batch_00,226.0,2000000104_00001,2018-01-29T14:16:00.000Z,SRM: Document Completed
batch_00,226.0,2000000104_00001,2018-01-29T14:16:00.000Z,SRM: In Transfer to Execution Syst.
batch_00,226.0,2000000104_00001,2018-01-29T14:16:00.000Z,SRM: Change was Transmitted
batch_00,226.0,2000000104_00001,2018-01-29T14:16:00.000Z,SRM: Ordered
user_000,226.0,2000000104_00001,2018-01-29T14:16:00.000Z,Create Purchase Order Item
NONE,226.0,2000000104_00001,2018-01-30T22:59:00.000Z,Vendor creates invoice
user_000,226.0,2000000104_00001,2018-02-07T08:45:00.000Z,Record Goods Receipt
user_007,226.0,2000000104_00001,2018-02-28T16:52:00.000Z,Record Invoice Receipt
user_002,226.0,2000000104_00001,2018-04-05T13:48:00.000Z,Clear Invoice
batch_00,498.0,2000000105_00001,2018-01-29T13:27:00.000Z,SRM: Created
batch_00,498.0,2000000105_00001,2018-01-29T14:27:00.000Z,SRM: Complete
batch_00,498.0,2000000105_00001,2018-01-29T14:27:00.000Z,SRM: Awaiting Approval
batch_00,498.0,2000000105_00001,2018-01-29T14:27:00.000Z,SRM: Document Completed
batch_00,498.0,2000000105_00001,2018-01-29T14:27:00.000Z,SRM: In Transfer to Execution Syst.
batch_00,498.0,2000000105_00001,2018-01-29T14:27:00.000Z,SRM: Ordered
batch_00,498.0,2000000105_00001,2018-01-29T14:27:00.000Z,SRM: Change was Transmitted
user_000,498.0,2000000105_00001,2018-01-29T14:27:00.000Z,Create Purchase Order Item
NONE,53065.0,2000000106_00001,2018-01-29T22:59:00.000Z,Vendor creates invoice
batch_00,53065.0,2000000106_00001,2018-01-30T05:26:00.000Z,SRM: Created
batch_00,53065.0,2000000106_00001,2018-01-30T06:26:00.000Z,SRM: Complete
batch_00,53065.0,2000000106_00001,2018-01-30T06:26:00.000Z,SRM: Awaiting Approval
batch_00,53065.0,2000000106_00001,2018-01-30T06:26:00.000Z,SRM: Document Completed
batch_00,53065.0,2000000106_00001,2018-01-30T06:26:00.000Z,SRM: In Transfer to Execution Syst.
batch_00,53065.0,2000000106_00001,2018-01-30T06:26:00.000Z,SRM: Ordered
batch_00,53065.0,2000000106_00001,2018-01-30T06:26:00.000Z,SRM: Change was Transmitted
user_000,53065.0,2000000106_00001,2018-01-30T06:26:00.000Z,Create Purchase Order Item
user_000,53065.0,2000000106_00001,2018-01-30T13:13:00.000Z,Record Goods Receipt
NONE,53065.0,2000000106_00001,2018-01-30T13:13:00.000Z,Record Service Entry Sheet
user_001,53065.0,2000000106_00001,2018-01-31T10:56:00.000Z,Record Invoice Receipt
user_016,53065.0,2000000106_00001,2018-02-27T11:36:00.000Z,SRM: Created
user_016,53065.0,2000000106_00001,2018-02-27T12:36:00.000Z,SRM: Complete
user_016,53065.0,2000000106_00001,2018-02-27T12:36:00.000Z,SRM: Awaiting Approval
user_016,53065.0,2000000106_00001,2018-02-27T12:36:00.000Z,SRM: Document Completed
batch_00,53065.0,2000000106_00001,2018-02-27T12:36:00.000Z,SRM: In Transfer to Execution Syst.
batch_00,53065.0,2000000106_00001,2018-02-27T12:36:00.000Z,SRM: Ordered
batch_00,53065.0,2000000106_00001,2018-02-27T12:36:00.000Z,SRM: Deleted
user_005,53065.0,2000000106_00001,2018-03-08T12:23:00.000Z,Clear Invoice
batch_00,1160.0,2000000107_00001,2018-01-30T09:08:00.000Z,SRM: Created
batch_00,1160.0,2000000107_00001,2018-01-30T10:08:00.000Z,SRM: Complete
batch_00,1160.0,2000000107_00001,2018-01-30T10:08:00.000Z,SRM: Awaiting Approval
batch_00,1160.0,2000000107_00001,2018-01-30T10:08:00.000Z,SRM: Document Completed
batch_00,1160.0,2000000107_00001,2018-01-30T10:08:00.000Z,SRM: Ordered
batch_00,1160.0,2000000107_00001,2018-01-30T10:08:00.000Z,SRM: Change was Transmitted
batch_00,1160.0,2000000107_00001,2018-01-30T10:10:00.000Z,SRM: In Transfer to Execution Syst.
user_000,1160.0,2000000107_00001,2018-01-30T10:10:00.000Z,Create Purchase Order Item
NONE,1160.0,2000000107_00001,2018-02-15T22:59:00.000Z,Vendor creates invoice
user_000,1160.0,2000000107_00001,2018-02-16T06:21:00.000Z,Record Goods Receipt
NONE,1160.0,2000000107_00001,2018-02-16T06:21:00.000Z,Record Service Entry Sheet
user_013,1160.0,2000000107_00001,2018-03-13T16:18:00.000Z,Record Invoice Receipt
user_002,1160.0,2000000107_00001,2018-04-05T13:50:00.000Z,Clear Invoice
user_003,1160.0,2000000107_00001,2019-01-17T11:00:00.000Z,SRM: In Transfer to Execution Syst.
user_000,1160.0,2000000107_00001,2019-01-17T11:00:00.000Z,Change Delivery Indicator
batch_00,12470.0,2000000108_00001,2018-01-30T09:23:00.000Z,SRM: Created
batch_00,12470.0,2000000108_00001,2018-01-30T10:23:00.000Z,SRM: Complete
batch_00,12470.0,2000000108_00001,2018-01-30T10:23:00.000Z,SRM: Awaiting Approval
batch_00,12470.0,2000000108_00001,2018-01-30T10:23:00.000Z,SRM: Document Completed
batch_00,12470.0,2000000108_00001,2018-01-30T10:23:00.000Z,SRM: In Transfer to Execution Syst.
batch_00,12470.0,2000000108_00001,2018-01-30T10:23:00.000Z,SRM: Ordered
batch_00,12470.0,2000000108_00001,2018-01-30T10:23:00.000Z,SRM: Change was Transmitted
user_000,12470.0,2000000108_00001,2018-01-30T10:23:00.000Z,Create Purchase Order Item
NONE,12470.0,2000000108_00001,2018-02-20T22:59:00.000Z,Vendor creates invoice
user_000,12470.0,2000000108_00001,2018-02-21T10:26:00.000Z,Record Goods Receipt
NONE,12470.0,2000000108_00001,2018-02-21T10:26:00.000Z,Record Service Entry Sheet
user_004,12470.0,2000000108_00001,2018-02-22T13:05:00.000Z,Record Invoice Receipt
user_002,12470.0,2000000108_00001,2018-03-29T13:09:00.000Z,Clear Invoice
user_003,12470.0,2000000108_00001,2019-01-17T11:00:00.000Z,SRM: In Transfer to Execution Syst.
user_003,12470.0,2000000108_00001,2019-01-17T11:00:00.000Z,SRM: Transfer Failed (E.Sys.)
NONE,34145.0,2000000109_00001,2016-05-02T21:59:00.000Z,Vendor creates invoice
batch_00,34145.0,2000000109_00001,2018-01-30T10:34:00.000Z,SRM: Created
batch_00,34145.0,2000000109_00001,2018-01-30T11:34:00.000Z,SRM: Complete
batch_00,34145.0,2000000109_00001,2018-01-30T11:34:00.000Z,SRM: Awaiting Approval
batch_00,34145.0,2000000109_00001,2018-01-30T11:34:00.000Z,SRM: Document Completed
batch_00,34145.0,2000000109_00001,2018-01-30T11:34:00.000Z,SRM: In Transfer to Execution Syst.
batch_00,34145.0,2000000109_00001,2018-01-30T11:34:00.000Z,SRM: Ordered
batch_00,34145.0,2000000109_00001,2018-01-30T11:34:00.000Z,SRM: Change was Transmitted
user_000,34145.0,2000000109_00001,2018-01-30T11:34:00.000Z,Create Purchase Order Item
user_000,34145.0,2000000109_00001,2018-01-30T13:12:00.000Z,Record Goods Receipt
NONE,34145.0,2000000109_00001,2018-01-30T13:12:00.000Z,Record Service Entry Sheet
user_015,34145.0,2000000109_00001,2018-02-07T13:31:00.000Z,Record Invoice Receipt
user_002,34145.0,2000000109_00001,2018-02-08T13:44:00.000Z,Clear Invoice
batch_00,632.0,2000000110_00001,2018-01-30T11:13:00.000Z,SRM: Created
batch_00,632.0,2000000110_00001,2018-01-30T12:13:00.000Z,SRM: Complete
batch_00,632.0,2000000110_00001,2018-01-30T12:13:00.000Z,SRM: Awaiting Approval
batch_00,632.0,2000000110_00001,2018-01-30T12:13:00.000Z,SRM: Document Completed
batch_00,632.0,2000000110_00001,2018-01-30T12:13:00.000Z,SRM: In Transfer to Execution Syst.
batch_00,632.0,2000000110_00001,2018-01-30T12:13:00.000Z,SRM: Ordered
user_000,632.0,2000000110_00001,2018-01-30T12:13:00.000Z,Create Purchase Order Item
batch_00,632.0,2000000110_00001,2018-01-30T12:13:00.000Z,SRM: Change was Transmitted
NONE,632.0,2000000110_00001,2018-02-07T22:59:00.000Z,Vendor creates invoice
user_000,632.0,2000000110_00001,2018-02-09T08:17:00.000Z,Record Goods Receipt
user_007,632.0,2000000110_00001,2018-04-03T13:10:00.000Z,Record Invoice Receipt
user_002,632.0,2000000110_00001,2018-04-26T09:15:00.000Z,Clear Invoice
batch_00,24972.0,2000000111_00001,2018-01-30T12:17:00.000Z,SRM: Created
batch_00,24972.0,2000000111_00001,2018-01-30T13:17:00.000Z,SRM: Complete
batch_00,24972.0,2000000111_00001,2018-01-30T13:17:00.000Z,SRM: Awaiting Approval
batch_00,24972.0,2000000111_00001,2018-01-30T13:17:00.000Z,SRM: Document Completed
batch_00,24972.0,2000000111_00001,2018-01-30T13:17:00.000Z,SRM: In Transfer to Execution Syst.
batch_00,24972.0,2000000111_00001,2018-01-30T13:17:00.000Z,SRM: Ordered
batch_00,24972.0,2000000111_00001,2018-01-30T13:17:00.000Z,SRM: Change was Transmitted
user_000,24972.0,2000000111_00001,2018-01-30T13:17:00.000Z,Create Purchase Order Item
NONE,24972.0,2000000111_00001,2018-01-30T22:59:00.000Z,Vendor creates invoice
user_000,24972.0,2000000111_00001,2018-02-05T10:36:00.000Z,Record Goods Receipt
NONE,24972.0,2000000111_00001,2018-02-05T10:36:00.000Z,Record Service Entry Sheet
user_015,24972.0,2000000111_00001,2018-02-09T16:18:00.000Z,Record Invoice Receipt
user_005,24972.0,2000000111_00001,2018-03-08T15:48:00.000Z,Clear Invoice
user_003,24972.0,2000000111_00001,2019-01-17T11:00:00.000Z,SRM: In Transfer to Execution Syst.
user_003,24972.0,2000000111_00001,2019-01-17T11:00:00.000Z,SRM: Transfer Failed (E.Sys.)
batch_00,82.0,2000000112_00001,2018-01-30T12:49:00.000Z,SRM: Created
batch_00,82.0,2000000112_00001,2018-01-30T13:49:00.000Z,SRM: Complete
batch_00,82.0,2000000112_00001,2018-01-30T13:49:00.000Z,SRM: Awaiting Approval
batch_00,82.0,2000000112_00001,2018-01-30T13:49:00.000Z,SRM: Document Completed
batch_00,82.0,2000000112_00001,2018-01-30T13:49:00.000Z,SRM: In Transfer to Execution Syst.
batch_00,82.0,2000000112_00001,2018-01-30T13:49:00.000Z,SRM: Ordered
batch_00,82.0,2000000112_00001,2018-01-30T13:49:00.000Z,SRM: Change was Transmitted
user_000,82.0,2000000112_00001,2018-01-30T13:49:00.000Z,Create Purchase Order Item
NONE,82.0,2000000112_00001,2018-01-31T22:59:00.000Z,Vendor creates invoice
user_000,82.0,2000000112_00001,2018-02-05T10:47:00.000Z,Record Goods Receipt
user_001,82.0,2000000112_00001,2018-02-10T07:29:00.000Z,Record Invoice Receipt
user_002,82.0,2000000112_00001,2018-04-05T13:48:00.000Z,Clear Invoice
batch_00,242.0,2000000113_00001,2018-01-30T12:54:00.000Z,SRM: Created
batch_00,242.0,2000000113_00001,2018-01-30T13:54:00.000Z,SRM: Complete
batch_00,242.0,2000000113_00001,2018-01-30T13:54:00.000Z,SRM: Awaiting Approval
batch_00,242.0,2000000113_00001,2018-01-30T13:54:00.000Z,SRM: Document Completed
batch_00,242.0,2000000113_00001,2018-01-30T13:54:00.000Z,SRM: In Transfer to Execution Syst.
batch_00,242.0,2000000113_00001,2018-01-30T13:54:00.000Z,SRM: Ordered
batch_00,242.0,2000000113_00001,2018-01-30T13:54:00.000Z,SRM: Change was Transmitted
user_000,242.0,2000000113_00001,2018-01-30T13:54:00.000Z,Create Purchase Order Item
user_000,242.0,2000000113_00001,2018-03-06T06:54:00.000Z,Record Goods Receipt
NONE,242.0,2000000113_00001,2018-03-07T22:59:00.000Z,Vendor creates invoice
user_013,242.0,2000000113_00001,2018-03-22T16:52:00.000Z,Record Invoice Receipt
user_002,242.0,2000000113_00001,2018-05-24T11:33:00.000Z,Clear Invoice
batch_00,78912.0,2000000114_00001,2018-01-30T13:41:00.000Z,SRM: Created
batch_00,78912.0,2000000114_00001,2018-01-30T14:41:00.000Z,SRM: Complete
batch_00,78912.0,2000000114_00001,2018-01-30T14:41:00.000Z,SRM: Awaiting Approval
batch_00,78912.0,2000000114_00001,2018-01-30T14:41:00.000Z,SRM: Document Completed
batch_00,78912.0,2000000114_00001,2018-01-30T14:41:00.000Z,SRM: In Transfer to Execution Syst.
batch_00,78912.0,2000000114_00001,2018-01-30T14:41:00.000Z,SRM: Ordered
user_000,78912.0,2000000114_00001,2018-01-30T14:41:00.000Z,Create Purchase Order Item
batch_00,78912.0,2000000114_00001,2018-01-30T14:41:00.000Z,SRM: Change was Transmitted
user_000,78912.0,2000000114_00001,2018-04-06T12:23:00.000Z,Record Goods Receipt
NONE,78912.0,2000000114_00001,2018-04-06T12:23:00.000Z,Record Service Entry Sheet
NONE,78912.0,2000000114_00001,2018-04-06T21:59:00.000Z,Vendor creates invoice
user_012,78912.0,2000000114_00001,2018-05-04T07:39:00.000Z,Record Invoice Receipt
user_002,78912.0,2000000114_00001,2018-05-24T11:36:00.000Z,Clear Invoice
user_009,78912.0,2000000114_00001,2018-07-24T10:10:00.000Z,SRM: Created
user_009,78912.0,2000000114_00001,2018-07-24T12:11:00.000Z,SRM: Complete
user_009,78912.0,2000000114_00001,2018-07-24T12:11:00.000Z,SRM: Awaiting Approval
user_009,78912.0,2000000114_00001,2018-07-24T12:11:00.000Z,SRM: Document Completed
batch_00,78912.0,2000000114_00001,2018-07-24T13:38:00.000Z,SRM: In Transfer to Execution Syst.
batch_00,78912.0,2000000114_00001,2018-07-24T13:38:00.000Z,SRM: Ordered
batch_00,78912.0,2000000114_00001,2018-07-24T13:38:00.000Z,SRM: Deleted
user_000,78912.0,2000000114_00001,2018-07-24T13:38:00.000Z,Change Price
NONE,78912.0,2000000114_00001,2018-09-10T21:59:00.000Z,Vendor creates invoice
user_000,78912.0,2000000114_00001,2018-09-19T10:04:00.000Z,Record Goods Receipt
NONE,78912.0,2000000114_00001,2018-09-19T10:04:00.000Z,Record Service Entry Sheet
user_013,78912.0,2000000114_00001,2018-09-26T07:32:00.000Z,Record Invoice Receipt
NONE,78912.0,2000000114_00001,2018-10-01T21:59:00.000Z,Vendor creates invoice
user_005,78912.0,2000000114_00001,2018-10-26T09:04:00.000Z,Clear Invoice
NONE,78912.0,2000000114_00001,2018-11-05T22:59:00.000Z,Vendor creates invoice
NONE,78912.0,2000000114_00001,2018-12-01T22:59:00.000Z,Vendor creates invoice
user_021,78912.0,2000000114_00001,2018-12-11T00:40:00.000Z,SRM: Created
user_021,78912.0,2000000114_00001,2018-12-11T01:43:00.000Z,SRM: Complete
user_021,78912.0,2000000114_00001,2018-12-11T01:43:00.000Z,SRM: Awaiting Approval
user_021,78912.0,2000000114_00001,2018-12-11T01:43:00.000Z,SRM: Document Completed
batch_00,78912.0,2000000114_00001,2018-12-11T08:38:00.000Z,SRM: In Transfer to Execution Syst.
batch_00,78912.0,2000000114_00001,2018-12-11T08:38:00.000Z,SRM: Ordered
batch_00,78912.0,2000000114_00001,2018-12-11T08:38:00.000Z,SRM: Deleted
user_000,78912.0,2000000114_00001,2018-12-18T10:27:00.000Z,Record Goods Receipt
NONE,78912.0,2000000114_00001,2018-12-18T10:27:00.000Z,Record Service Entry Sheet
user_000,78912.0,2000000114_00001,2018-12-18T10:30:00.000Z,Record Goods Receipt
NONE,78912.0,2000000114_00001,2018-12-18T10:30:00.000Z,Record Service Entry Sheet
user_000,78912.0,2000000114_00001,2018-12-18T10:32:00.000Z,Record Goods Receipt
NONE,78912.0,2000000114_00001,2018-12-18T10:32:00.000Z,Record Service Entry Sheet
user_013,78912.0,2000000114_00001,2018-12-18T11:26:00.000Z,Record Invoice Receipt
user_013,78912.0,2000000114_00001,2018-12-18T15:13:00.000Z,Record Invoice Receipt
user_015,78912.0,2000000114_00001,2018-12-19T15:54:00.000Z,Record Invoice Receipt
user_002,78912.0,2000000114_00001,2018-12-20T12:29:00.000Z,Clear Invoice
user_003,78912.0,2000000114_00001,2019-01-17T11:00:00.000Z,SRM: In Transfer to Execution Syst.
user_003,78912.0,2000000114_00001,2019-01-17T11:00:00.000Z,SRM: Transfer Failed (E.Sys.)
NONE,2159297.0,2000000115_00001,2017-12-20T22:59:00.000Z,Vendor creates invoice
batch_00,2159297.0,2000000115_00001,2018-01-30T13:40:00.000Z,SRM: Created
batch_00,2159297.0,2000000115_00001,2018-01-30T14:40:00.000Z,SRM: Complete
batch_00,2159297.0,2000000115_00001,2018-01-30T14:40:00.000Z,SRM: Awaiting Approval
batch_00,2159297.0,2000000115_00001,2018-01-30T14:40:00.000Z,SRM: Document Completed
batch_00,2159297.0,2000000115_00001,2018-01-30T14:40:00.000Z,SRM: In Transfer to Execution Syst.
batch_00,2159297.0,2000000115_00001,2018-01-30T14:40:00.000Z,SRM: Ordered
batch_00,2159297.0,2000000115_00001,2018-01-30T14:40:00.000Z,SRM: Change was Transmitted
user_000,2159297.0,2000000115_00001,2018-01-30T14:40:00.000Z,Create Purchase Order Item
NONE,2159297.0,2000000115_00001,2018-01-30T22:59:00.000Z,Vendor creates invoice
user_000,2159297.0,2000000115_00001,2018-03-01T10:27:00.000Z,Record Goods Receipt
NONE,2159297.0,2000000115_00001,2018-03-01T10:27:00.000Z,Record Service Entry Sheet
user_007,2159297.0,2000000115_00001,2018-03-06T10:06:00.000Z,Record Invoice Receipt
NONE,2159297.0,2000000115_00001,2018-03-20T22:59:00.000Z,Vendor creates invoice
NONE,2159297.0,2000000115_00001,2018-03-20T22:59:00.000Z,Vendor creates debit memo
user_002,2159297.0,2000000115_00001,2018-03-29T13:11:00.000Z,Clear Invoice
user_014,2159297.0,2000000115_00001,2018-04-26T06:10:00.000Z,SRM: Created
user_014,2159297.0,2000000115_00001,2018-04-26T08:11:00.000Z,SRM: Complete
user_014,2159297.0,2000000115_00001,2018-04-26T08:11:00.000Z,SRM: Awaiting Approval
user_014,2159297.0,2000000115_00001,2018-04-26T08:11:00.000Z,SRM: Document Completed
batch_00,2159297.0,2000000115_00001,2018-04-26T11:04:00.000Z,SRM: In Transfer to Execution Syst.
batch_00,2159297.0,2000000115_00001,2018-04-26T11:04:00.000Z,SRM: Ordered
batch_00,2159297.0,2000000115_00001,2018-04-26T11:04:00.000Z,SRM: Deleted
user_000,2159297.0,2000000115_00001,2018-04-26T11:04:00.000Z,Change Price
user_000,2159297.0,2000000115_00001,2018-04-29T21:26:00.000Z,Record Goods Receipt
NONE,2159297.0,2000000115_00001,2018-04-29T21:26:00.000Z,Record Service Entry Sheet
user_013,2159297.0,2000000115_00001,2018-05-14T12:48:00.000Z,Record Invoice Receipt
user_011,2159297.0,2000000115_00001,2018-05-25T06:09:00.000Z,Cancel Invoice Receipt
user_011,2159297.0,2000000115_00001,2018-05-25T06:10:00.000Z,Clear Invoice
user_011,2159297.0,2000000115_00001,2018-05-25T06:14:00.000Z,Record Invoice Receipt
user_010,2159297.0,2000000115_00001,2018-05-31T09:32:00.000Z,SRM: Created
user_002,2159297.0,2000000115_00001,2018-05-31T10:33:00.000Z,Clear Invoice
user_010,2159297.0,2000000115_00001,2018-05-31T11:33:00.000Z,SRM: Complete
user_010,2159297.0,2000000115_00001,2018-05-31T11:33:00.000Z,SRM: Awaiting Approval
user_010,2159297.0,2000000115_00001,2018-05-31T11:33:00.000Z,SRM: Document Completed
batch_00,2159297.0,2000000115_00001,2018-05-31T13:41:00.000Z,SRM: In Transfer to Execution Syst.
batch_00,2159297.0,2000000115_00001,2018-05-31T13:41:00.000Z,SRM: Ordered
batch_00,2159297.0,2000000115_00001,2018-05-31T13:41:00.000Z,SRM: Deleted
user_000,2159297.0,2000000115_00001,2018-05-31T13:41:00.000Z,Change Price
NONE,2159297.0,2000000115_00001,2018-06-04T21:59:00.000Z,Vendor creates invoice
user_000,2159297.0,2000000115_00001,2018-06-24T23:51:00.000Z,Record Goods Receipt
NONE,2159297.0,2000000115_00001,2018-06-24T23:51:00.000Z,Record Service Entry Sheet
user_001,2159297.0,2000000115_00001,2018-08-01T03:55:00.000Z,Record Invoice Receipt
user_002,2159297.0,2000000115_00001,2018-08-30T13:40:00.000Z,Clear Invoice
user_003,2159297.0,2000000115_00001,2019-01-17T11:00:00.000Z,SRM: In Transfer to Execution Syst.
user_003,2159297.0,2000000115_00001,2019-01-17T11:00:00.000Z,SRM: Transfer Failed (E.Sys.)
batch_00,108.0,2000000116_00001,2018-01-31T06:15:00.000Z,SRM: Created
batch_00,108.0,2000000116_00001,2018-01-31T07:15:00.000Z,SRM: Complete
batch_00,108.0,2000000116_00001,2018-01-31T07:15:00.000Z,SRM: Awaiting Approval
batch_00,108.0,2000000116_00001,2018-01-31T07:15:00.000Z,SRM: Document Completed
batch_00,108.0,2000000116_00001,2018-01-31T07:15:00.000Z,SRM: In Transfer to Execution Syst.
batch_00,108.0,2000000116_00001,2018-01-31T07:15:00.000Z,SRM: Ordered
batch_00,108.0,2000000116_00001,2018-01-31T07:15:00.000Z,SRM: Change was Transmitted
user_000,108.0,2000000116_00001,2018-01-31T07:15:00.000Z,Create Purchase Order Item
user_000,108.0,2000000116_00001,2018-02-05T09:14:00.000Z,Record Goods Receipt
NONE,108.0,2000000116_00001,2018-02-23T22:59:00.000Z,Vendor creates invoice
NONE,108.0,2000000116_00001,2018-03-09T22:59:00.000Z,Vendor creates invoice
NONE,108.0,2000000116_00001,2018-03-09T22:59:00.000Z,Vendor creates debit memo
user_015,108.0,2000000116_00001,2018-03-20T07:10:00.000Z,Record Invoice Receipt
user_002,108.0,2000000116_00001,2018-04-05T13:51:00.000Z,Clear Invoice
user_015,108.0,2000000116_00001,2018-06-14T08:34:00.000Z,Record Invoice Receipt
user_012,108.0,2000000116_00001,2018-10-24T14:21:00.000Z,Cancel Invoice Receipt
batch_02,108.0,2000000116_00001,2018-10-25T00:23:00.000Z,Remove Payment Block
user_005,108.0,2000000116_00001,2018-10-26T09:03:00.000Z,Clear Invoice
batch_00,11.0,2000000117_00001,2018-01-31T08:40:00.000Z,SRM: Created
batch_00,11.0,2000000117_00001,2018-01-31T09:40:00.000Z,SRM: Complete
batch_00,11.0,2000000117_00001,2018-01-31T09:40:00.000Z,SRM: Awaiting Approval
batch_00,11.0,2000000117_00001,2018-01-31T09:40:00.000Z,SRM: Document Completed
batch_00,11.0,2000000117_00001,2018-01-31T09:40:00.000Z,SRM: In Transfer to Execution Syst.
batch_00,11.0,2000000117_00001,2018-01-31T09:40:00.000Z,SRM: Ordered
batch_00,11.0,2000000117_00001,2018-01-31T09:40:00.000Z,SRM: Change was Transmitted
user_000,11.0,2000000117_00001,2018-01-31T09:40:00.000Z,Create Purchase Order Item
NONE,11.0,2000000117_00001,2018-01-31T22:59:00.000Z,Vendor creates invoice
user_000,11.0,2000000117_00001,2018-02-06T09:04:00.000Z,Record Goods Receipt
user_007,11.0,2000000117_00001,2018-03-15T16:45:00.000Z,Record Invoice Receipt
user_002,11.0,2000000117_00001,2018-04-05T13:49:00.000Z,Clear Invoice
batch_00,32.0,2000000117_00002,2018-01-31T08:40:00.000Z,SRM: Created
batch_00,32.0,2000000117_00002,2018-01-31T09:40:00.000Z,SRM: Complete
batch_00,32.0,2000000117_00002,2018-01-31T09:40:00.000Z,SRM: Awaiting Approval
batch_00,32.0,2000000117_00002,2018-01-31T09:40:00.000Z,SRM: Document Completed
batch_00,32.0,2000000117_00002,2018-01-31T09:40:00.000Z,SRM: In Transfer to Execution Syst.
batch_00,32.0,2000000117_00002,2018-01-31T09:40:00.000Z,SRM: Ordered
batch_00,32.0,2000000117_00002,2018-01-31T09:40:00.000Z,SRM: Change was Transmitted
user_000,32.0,2000000117_00002,2018-01-31T09:40:00.000Z,Create Purchase Order Item
NONE,32.0,2000000117_00002,2018-01-31T22:59:00.000Z,Vendor creates invoice
user_000,32.0,2000000117_00002,2018-02-06T09:04:00.000Z,Record Goods Receipt
user_007,32.0,2000000117_00002,2018-03-15T16:45:00.000Z,Record Invoice Receipt
user_002,32.0,2000000117_00002,2018-04-05T13:49:00.000Z,Clear Invoice
batch_00,13.0,2000000117_00003,2018-01-31T08:40:00.000Z,SRM: Created
batch_00,13.0,2000000117_00003,2018-01-31T09:40:00.000Z,SRM: Complete
batch_00,13.0,2000000117_00003,2018-01-31T09:40:00.000Z,SRM: Awaiting Approval
batch_00,13.0,2000000117_00003,2018-01-31T09:40:00.000Z,SRM: Document Completed
batch_00,13.0,2000000117_00003,2018-01-31T09:40:00.000Z,SRM: In Transfer to Execution Syst.
batch_00,13.0,2000000117_00003,2018-01-31T09:40:00.000Z,SRM: Ordered
batch_00,13.0,2000000117_00003,2018-01-31T09:40:00.000Z,SRM: Change was Transmitted
user_000,13.0,2000000117_00003,2018-01-31T09:40:00.000Z,Create Purchase Order Item
NONE,13.0,2000000117_00003,2018-01-31T22:59:00.000Z,Vendor creates invoice
user_000,13.0,2000000117_00003,2018-02-06T09:04:00.000Z,Record Goods Receipt
user_007,13.0,2000000117_00003,2018-03-15T16:45:00.000Z,Record Invoice Receipt
user_002,13.0,2000000117_00003,2018-04-05T13:49:00.000Z,Clear Invoice
batch_00,9.0,2000000117_00004,2018-01-31T08:40:00.000Z,SRM: Created
batch_00,9.0,2000000117_00004,2018-01-31T09:40:00.000Z,SRM: Complete
batch_00,9.0,2000000117_00004,2018-01-31T09:40:00.000Z,SRM: Awaiting Approval
batch_00,9.0,2000000117_00004,2018-01-31T09:40:00.000Z,SRM: Document Completed
batch_00,9.0,2000000117_00004,2018-01-31T09:40:00.000Z,SRM: In Transfer to Execution Syst.
batch_00,9.0,2000000117_00004,2018-01-31T09:40:00.000Z,SRM: Ordered
batch_00,9.0,2000000117_00004,2018-01-31T09:40:00.000Z,SRM: Change was Transmitted
user_000,9.0,2000000117_00004,2018-01-31T09:40:00.000Z,Create Purchase Order Item
NONE,9.0,2000000117_00004,2018-01-31T22:59:00.000Z,Vendor creates invoice
user_000,9.0,2000000117_00004,2018-02-06T09:04:00.000Z,Record Goods Receipt
user_007,9.0,2000000117_00004,2018-03-15T16:45:00.000Z,Record Invoice Receipt
user_002,9.0,2000000117_00004,2018-04-05T13:49:00.000Z,Clear Invoice
batch_00,9.0,2000000117_00005,2018-01-31T08:40:00.000Z,SRM: Created
batch_00,9.0,2000000117_00005,2018-01-31T09:40:00.000Z,SRM: Complete
batch_00,9.0,2000000117_00005,2018-01-31T09:40:00.000Z,SRM: Awaiting Approval
batch_00,9.0,2000000117_00005,2018-01-31T09:40:00.000Z,SRM: Document Completed
batch_00,9.0,2000000117_00005,2018-01-31T09:40:00.000Z,SRM: In Transfer to Execution Syst.
batch_00,9.0,2000000117_00005,2018-01-31T09:40:00.000Z,SRM: Ordered
batch_00,9.0,2000000117_00005,2018-01-31T09:40:00.000Z,SRM: Change was Transmitted
user_000,9.0,2000000117_00005,2018-01-31T09:40:00.000Z,Create Purchase Order Item
NONE,9.0,2000000117_00005,2018-01-31T22:59:00.000Z,Vendor creates invoice
user_000,9.0,2000000117_00005,2018-02-06T09:04:00.000Z,Record Goods Receipt
user_007,9.0,2000000117_00005,2018-03-15T16:45:00.000Z,Record Invoice Receipt
user_002,9.0,2000000117_00005,2018-04-05T13:49:00.000Z,Clear Invoice
batch_00,24.0,2000000117_00006,2018-01-31T08:40:00.000Z,SRM: Created
batch_00,24.0,2000000117_00006,2018-01-31T09:40:00.000Z,SRM: Complete
batch_00,24.0,2000000117_00006,2018-01-31T09:40:00.000Z,SRM: Awaiting Approval
batch_00,24.0,2000000117_00006,2018-01-31T09:40:00.000Z,SRM: Document Completed
batch_00,24.0,2000000117_00006,2018-01-31T09:40:00.000Z,SRM: In Transfer to Execution Syst.
batch_00,24.0,2000000117_00006,2018-01-31T09:40:00.000Z,SRM: Ordered
batch_00,24.0,2000000117_00006,2018-01-31T09:40:00.000Z,SRM: Change was Transmitted
user_000,24.0,2000000117_00006,2018-01-31T09:40:00.000Z,Create Purchase Order Item
NONE,24.0,2000000117_00006,2018-01-31T22:59:00.000Z,Vendor creates invoice
user_000,24.0,2000000117_00006,2018-02-06T09:04:00.000Z,Record Goods Receipt
user_007,24.0,2000000117_00006,2018-03-15T16:45:00.000Z,Record Invoice Receipt
user_002,24.0,2000000117_00006,2018-04-05T13:49:00.000Z,Clear Invoice
batch_00,30.0,2000000118_00001,2018-01-31T11:06:00.000Z,SRM: Created
batch_00,30.0,2000000118_00001,2018-01-31T12:06:00.000Z,SRM: Complete
batch_00,30.0,2000000118_00001,2018-01-31T12:06:00.000Z,SRM: Awaiting Approval
batch_00,30.0,2000000118_00001,2018-01-31T12:06:00.000Z,SRM: Document Completed
batch_00,30.0,2000000118_00001,2018-01-31T12:06:00.000Z,SRM: In Transfer to Execution Syst.
batch_00,30.0,2000000118_00001,2018-01-31T12:06:00.000Z,SRM: Ordered
batch_00,30.0,2000000118_00001,2018-01-31T12:06:00.000Z,SRM: Change was Transmitted
user_000,30.0,2000000118_00001,2018-01-31T12:06:00.000Z,Create Purchase Order Item
user_000,30.0,2000000118_00001,2018-02-07T12:57:00.000Z,Record Goods Receipt
batch_01,30.0,2000000118_00001,2018-08-20T00:21:00.000Z,Record Invoice Receipt
batch_00,2251.0,2000000119_00001,2018-01-31T12:12:00.000Z,SRM: Created
batch_00,2251.0,2000000119_00001,2018-01-31T13:12:00.000Z,SRM: Complete
batch_00,2251.0,2000000119_00001,2018-01-31T13:12:00.000Z,SRM: Awaiting Approval
batch_00,2251.0,2000000119_00001,2018-01-31T13:12:00.000Z,SRM: Document Completed
batch_00,2251.0,2000000119_00001,2018-01-31T13:13:00.000Z,SRM: In Transfer to Execution Syst.
batch_00,2251.0,2000000119_00001,2018-01-31T13:13:00.000Z,SRM: Ordered
batch_00,2251.0,2000000119_00001,2018-01-31T13:13:00.000Z,SRM: Change was Transmitted
user_000,2251.0,2000000119_00001,2018-01-31T13:13:00.000Z,Create Purchase Order Item
batch_00,54319.0,2000000120_00001,2018-01-31T13:03:00.000Z,SRM: Created
batch_00,54319.0,2000000120_00001,2018-01-31T14:03:00.000Z,SRM: Complete
batch_00,54319.0,2000000120_00001,2018-01-31T14:03:00.000Z,SRM: Awaiting Approval
batch_00,54319.0,2000000120_00001,2018-01-31T14:03:00.000Z,SRM: Document Completed
batch_00,54319.0,2000000120_00001,2018-01-31T14:04:00.000Z,SRM: Ordered
batch_00,54319.0,2000000120_00001,2018-01-31T14:04:00.000Z,SRM: Change was Transmitted
batch_00,54319.0,2000000120_00001,2018-01-31T14:05:00.000Z,SRM: In Transfer to Execution Syst.
user_000,54319.0,2000000120_00001,2018-01-31T14:05:00.000Z,Create Purchase Order Item
NONE,54319.0,2000000120_00001,2018-02-15T22:59:00.000Z,Vendor creates invoice
NONE,54319.0,2000000120_00001,2018-03-22T22:59:00.000Z,Vendor creates invoice
user_000,54319.0,2000000120_00001,2018-03-28T10:37:00.000Z,Record Goods Receipt
NONE,54319.0,2000000120_00001,2018-03-28T10:37:00.000Z,Record Service Entry Sheet
user_000,54319.0,2000000120_00001,2018-03-28T10:41:00.000Z,Record Goods Receipt
NONE,54319.0,2000000120_00001,2018-03-28T10:41:00.000Z,Record Service Entry Sheet
user_001,54319.0,2000000120_00001,2018-04-03T12:59:00.000Z,Record Invoice Receipt
user_002,54319.0,2000000120_00001,2018-04-05T13:50:00.000Z,Clear Invoice
user_013,54319.0,2000000120_00001,2018-04-13T12:10:00.000Z,Record Invoice Receipt
user_002,54319.0,2000000120_00001,2018-04-26T09:15:00.000Z,Clear Invoice
batch_00,43.0,2000000121_00001,2018-02-01T06:52:00.000Z,SRM: Created
batch_00,43.0,2000000121_00001,2018-02-01T07:52:00.000Z,SRM: Complete
batch_00,43.0,2000000121_00001,2018-02-01T07:52:00.000Z,SRM: Awaiting Approval
batch_00,43.0,2000000121_00001,2018-02-01T07:52:00.000Z,SRM: Document Completed
batch_00,43.0,2000000121_00001,2018-02-01T07:52:00.000Z,SRM: In Transfer to Execution Syst.
batch_00,43.0,2000000121_00001,2018-02-01T07:52:00.000Z,SRM: Ordered
batch_00,43.0,2000000121_00001,2018-02-01T07:52:00.000Z,SRM: Change was Transmitted
user_000,43.0,2000000121_00001,2018-02-01T07:52:00.000Z,Create Purchase Order Item
NONE,43.0,2000000121_00001,2018-02-01T22:59:00.000Z,Vendor creates invoice
user_000,43.0,2000000121_00001,2018-03-21T15:57:00.000Z,Record Goods Receipt
user_001,43.0,2000000121_00001,2018-03-22T11:28:00.000Z,Record Invoice Receipt
user_002,43.0,2000000121_00001,2018-04-05T13:49:00.000Z,Clear Invoice
batch_00,33.0,2000000121_00002,2018-02-01T06:52:00.000Z,SRM: Created
batch_00,33.0,2000000121_00002,2018-02-01T07:52:00.000Z,SRM: Complete
batch_00,33.0,2000000121_00002,2018-02-01T07:52:00.000Z,SRM: Awaiting Approval
batch_00,33.0,2000000121_00002,2018-02-01T07:52:00.000Z,SRM: Document Completed
batch_00,33.0,2000000121_00002,2018-02-01T07:52:00.000Z,SRM: In Transfer to Execution Syst.
batch_00,33.0,2000000121_00002,2018-02-01T07:52:00.000Z,SRM: Ordered
batch_00,33.0,2000000121_00002,2018-02-01T07:52:00.000Z,SRM: Change was Transmitted
user_000,33.0,2000000121_00002,2018-02-01T07:52:00.000Z,Create Purchase Order Item
NONE,33.0,2000000121_00002,2018-02-01T22:59:00.000Z,Vendor creates invoice
user_000,33.0,2000000121_00002,2018-03-21T15:57:00.000Z,Record Goods Receipt
user_001,33.0,2000000121_00002,2018-03-22T11:28:00.000Z,Record Invoice Receipt
user_002,33.0,2000000121_00002,2018-04-05T13:49:00.000Z,Clear Invoice
batch_00,31.0,2000000121_00003,2018-02-01T06:52:00.000Z,SRM: Created
batch_00,31.0,2000000121_00003,2018-02-01T07:52:00.000Z,SRM: Complete
batch_00,31.0,2000000121_00003,2018-02-01T07:52:00.000Z,SRM: Awaiting Approval
batch_00,31.0,2000000121_00003,2018-02-01T07:52:00.000Z,SRM: Document Completed
batch_00,31.0,2000000121_00003,2018-02-01T07:52:00.000Z,SRM: In Transfer to Execution Syst.
batch_00,31.0,2000000121_00003,2018-02-01T07:52:00.000Z,SRM: Ordered
batch_00,31.0,2000000121_00003,2018-02-01T07:52:00.000Z,SRM: Change was Transmitted
user_000,31.0,2000000121_00003,2018-02-01T07:52:00.000Z,Create Purchase Order Item
NONE,31.0,2000000121_00003,2018-02-01T22:59:00.000Z,Vendor creates invoice
user_000,31.0,2000000121_00003,2018-03-21T15:57:00.000Z,Record Goods Receipt
user_001,31.0,2000000121_00003,2018-03-22T11:28:00.000Z,Record Invoice Receipt
user_002,31.0,2000000121_00003,2018-04-05T13:49:00.000Z,Clear Invoice
batch_00,15.0,2000000121_00004,2018-02-01T06:52:00.000Z,SRM: Created
batch_00,15.0,2000000121_00004,2018-02-01T07:52:00.000Z,SRM: Complete
batch_00,15.0,2000000121_00004,2018-02-01T07:52:00.000Z,SRM: Awaiting Approval
batch_00,15.0,2000000121_00004,2018-02-01T07:52:00.000Z,SRM: Document Completed
batch_00,15.0,2000000121_00004,2018-02-01T07:52:00.000Z,SRM: In Transfer to Execution Syst.
batch_00,15.0,2000000121_00004,2018-02-01T07:52:00.000Z,SRM: Ordered
batch_00,15.0,2000000121_00004,2018-02-01T07:52:00.000Z,SRM: Change was Transmitted
user_000,15.0,2000000121_00004,2018-02-01T07:52:00.000Z,Create Purchase Order Item
NONE,15.0,2000000121_00004,2018-02-01T22:59:00.000Z,Vendor creates invoice
user_000,15.0,2000000121_00004,2018-03-21T15:57:00.000Z,Record Goods Receipt
user_001,15.0,2000000121_00004,2018-03-22T11:28:00.000Z,Record Invoice Receipt
user_002,15.0,2000000121_00004,2018-04-05T13:49:00.000Z,Clear Invoice
batch_00,18.0,2000000121_00005,2018-02-01T06:52:00.000Z,SRM: Created
batch_00,18.0,2000000121_00005,2018-02-01T07:52:00.000Z,SRM: Complete
batch_00,18.0,2000000121_00005,2018-02-01T07:52:00.000Z,SRM: Awaiting Approval
batch_00,18.0,2000000121_00005,2018-02-01T07:52:00.000Z,SRM: Document Completed
batch_00,18.0,2000000121_00005,2018-02-01T07:52:00.000Z,SRM: In Transfer to Execution Syst.
batch_00,18.0,2000000121_00005,2018-02-01T07:52:00.000Z,SRM: Ordered
batch_00,18.0,2000000121_00005,2018-02-01T07:52:00.000Z,SRM: Change was Transmitted
user_000,18.0,2000000121_00005,2018-02-01T07:52:00.000Z,Create Purchase Order Item
NONE,18.0,2000000121_00005,2018-02-01T22:59:00.000Z,Vendor creates invoice
user_000,18.0,2000000121_00005,2018-03-21T15:57:00.000Z,Record Goods Receipt
user_001,18.0,2000000121_00005,2018-03-22T11:28:00.000Z,Record Invoice Receipt
user_002,18.0,2000000121_00005,2018-04-05T13:49:00.000Z,Clear Invoice
batch_00,47.0,2000000121_00006,2018-02-01T06:52:00.000Z,SRM: Created
batch_00,47.0,2000000121_00006,2018-02-01T07:52:00.000Z,SRM: Complete
batch_00,47.0,2000000121_00006,2018-02-01T07:52:00.000Z,SRM: Awaiting Approval
batch_00,47.0,2000000121_00006,2018-02-01T07:52:00.000Z,SRM: Document Completed
batch_00,47.0,2000000121_00006,2018-02-01T07:52:00.000Z,SRM: In Transfer to Execution Syst.
batch_00,47.0,2000000121_00006,2018-02-01T07:52:00.000Z,SRM: Ordered
batch_00,47.0,2000000121_00006,2018-02-01T07:52:00.000Z,SRM: Change was Transmitted
user_000,47.0,2000000121_00006,2018-02-01T07:52:00.000Z,Create Purchase Order Item
NONE,47.0,2000000121_00006,2018-02-01T22:59:00.000Z,Vendor creates invoice
user_000,47.0,2000000121_00006,2018-03-21T15:57:00.000Z,Record Goods Receipt
user_001,47.0,2000000121_00006,2018-03-22T11:28:00.000Z,Record Invoice Receipt
user_002,47.0,2000000121_00006,2018-04-05T13:49:00.000Z,Clear Invoice
batch_00,30.0,2000000121_00007,2018-02-01T06:52:00.000Z,SRM: Created
batch_00,30.0,2000000121_00007,2018-02-01T07:52:00.000Z,SRM: Complete
batch_00,30.0,2000000121_00007,2018-02-01T07:52:00.000Z,SRM: Awaiting Approval
batch_00,30.0,2000000121_00007,2018-02-01T07:52:00.000Z,SRM: Document Completed
batch_00,30.0,2000000121_00007,2018-02-01T07:52:00.000Z,SRM: In Transfer to Execution Syst.
batch_00,30.0,2000000121_00007,2018-02-01T07:52:00.000Z,SRM: Ordered
batch_00,30.0,2000000121_00007,2018-02-01T07:52:00.000Z,SRM: Change was Transmitted
user_000,30.0,2000000121_00007,2018-02-01T07:52:00.000Z,Create Purchase Order Item
NONE,30.0,2000000121_00007,2018-02-01T22:59:00.000Z,Vendor creates invoice
user_000,30.0,2000000121_00007,2018-03-21T15:57:00.000Z,Record Goods Receipt
user_001,30.0,2000000121_00007,2018-03-22T11:28:00.000Z,Record Invoice Receipt
user_002,30.0,2000000121_00007,2018-04-05T13:49:00.000Z,Clear Invoice
batch_00,30.0,2000000121_00008,2018-02-01T06:52:00.000Z,SRM: Created
batch_00,30.0,2000000121_00008,2018-02-01T07:52:00.000Z,SRM: Complete
batch_00,30.0,2000000121_00008,2018-02-01T07:52:00.000Z,SRM: Awaiting Approval
batch_00,30.0,2000000121_00008,2018-02-01T07:52:00.000Z,SRM: Document Completed
batch_00,30.0,2000000121_00008,2018-02-01T07:52:00.000Z,SRM: In Transfer to Execution Syst.
batch_00,30.0,2000000121_00008,2018-02-01T07:52:00.000Z,SRM: Ordered
batch_00,30.0,2000000121_00008,2018-02-01T07:52:00.000Z,SRM: Change was Transmitted
user_000,30.0,2000000121_00008,2018-02-01T07:52:00.000Z,Create Purchase Order Item
NONE,30.0,2000000121_00008,2018-02-01T22:59:00.000Z,Vendor creates invoice
user_000,30.0,2000000121_00008,2018-03-21T15:57:00.000Z,Record Goods Receipt
user_001,30.0,2000000121_00008,2018-03-22T11:28:00.000Z,Record Invoice Receipt
user_002,30.0,2000000121_00008,2018-04-05T13:49:00.000Z,Clear Invoice
batch_00,24.0,2000000121_00009,2018-02-01T06:52:00.000Z,SRM: Created
batch_00,24.0,2000000121_00009,2018-02-01T07:52:00.000Z,SRM: Complete
batch_00,24.0,2000000121_00009,2018-02-01T07:52:00.000Z,SRM: Awaiting Approval
batch_00,24.0,2000000121_00009,2018-02-01T07:52:00.000Z,SRM: Document Completed
batch_00,24.0,2000000121_00009,2018-02-01T07:52:00.000Z,SRM: In Transfer to Execution Syst.
batch_00,24.0,2000000121_00009,2018-02-01T07:52:00.000Z,SRM: Ordered
batch_00,24.0,2000000121_00009,2018-02-01T07:52:00.000Z,SRM: Change was Transmitted
user_000,24.0,2000000121_00009,2018-02-01T07:52:00.000Z,Create Purchase Order Item
NONE,24.0,2000000121_00009,2018-02-01T22:59:00.000Z,Vendor creates invoice
user_000,24.0,2000000121_00009,2018-03-21T15:57:00.000Z,Record Goods Receipt
user_001,24.0,2000000121_00009,2018-03-22T11:28:00.000Z,Record Invoice Receipt
user_002,24.0,2000000121_00009,2018-04-05T13:49:00.000Z,Clear Invoice
batch_00,24.0,2000000121_00010,2018-02-01T06:52:00.000Z,SRM: Created
batch_00,24.0,2000000121_00010,2018-02-01T07:52:00.000Z,SRM: Complete
batch_00,24.0,2000000121_00010,2018-02-01T07:52:00.000Z,SRM: Awaiting Approval
batch_00,24.0,2000000121_00010,2018-02-01T07:52:00.000Z,SRM: Document Completed
batch_00,24.0,2000000121_00010,2018-02-01T07:52:00.000Z,SRM: In Transfer to Execution Syst.
batch_00,24.0,2000000121_00010,2018-02-01T07:52:00.000Z,SRM: Ordered
batch_00,24.0,2000000121_00010,2018-02-01T07:52:00.000Z,SRM: Change was Transmitted
user_000,24.0,2000000121_00010,2018-02-01T07:52:00.000Z,Create Purchase Order Item
NONE,24.0,2000000121_00010,2018-02-01T22:59:00.000Z,Vendor creates invoice
user_000,24.0,2000000121_00010,2018-03-21T15:57:00.000Z,Record Goods Receipt
user_001,24.0,2000000121_00010,2018-03-22T11:28:00.000Z,Record Invoice Receipt
user_002,24.0,2000000121_00010,2018-04-05T13:49:00.000Z,Clear Invoice
batch_00,24.0,2000000121_00011,2018-02-01T06:52:00.000Z,SRM: Created
batch_00,24.0,2000000121_00011,2018-02-01T07:52:00.000Z,SRM: Complete
batch_00,24.0,2000000121_00011,2018-02-01T07:52:00.000Z,SRM: Awaiting Approval
batch_00,24.0,2000000121_00011,2018-02-01T07:52:00.000Z,SRM: Document Completed
batch_00,24.0,2000000121_00011,2018-02-01T07:52:00.000Z,SRM: In Transfer to Execution Syst.
batch_00,24.0,2000000121_00011,2018-02-01T07:52:00.000Z,SRM: Ordered
batch_00,24.0,2000000121_00011,2018-02-01T07:52:00.000Z,SRM: Change was Transmitted
user_000,24.0,2000000121_00011,2018-02-01T07:52:00.000Z,Create Purchase Order Item
NONE,24.0,2000000121_00011,2018-02-01T22:59:00.000Z,Vendor creates invoice
user_000,24.0,2000000121_00011,2018-03-21T15:57:00.000Z,Record Goods Receipt
user_001,24.0,2000000121_00011,2018-03-22T11:28:00.000Z,Record Invoice Receipt
user_002,24.0,2000000121_00011,2018-04-05T13:49:00.000Z,Clear Invoice
batch_00,52537.0,2000000122_00001,2018-02-01T09:13:00.000Z,SRM: Created
batch_00,52537.0,2000000122_00001,2018-02-01T10:13:00.000Z,SRM: Complete
batch_00,52537.0,2000000122_00001,2018-02-01T10:13:00.000Z,SRM: Awaiting Approval
batch_00,52537.0,2000000122_00001,2018-02-01T10:13:00.000Z,SRM: Document Completed
batch_00,52537.0,2000000122_00001,2018-02-01T10:13:00.000Z,SRM: In Transfer to Execution Syst.
batch_00,52537.0,2000000122_00001,2018-02-01T10:13:00.000Z,SRM: Ordered
batch_00,52537.0,2000000122_00001,2018-02-01T10:13:00.000Z,SRM: Change was Transmitted
user_000,52537.0,2000000122_00001,2018-02-01T10:13:00.000Z,Create Purchase Order Item
user_022,52537.0,2000000122_00001,2018-02-23T08:34:00.000Z,SRM: Created
user_022,52537.0,2000000122_00001,2018-02-23T09:38:00.000Z,SRM: Complete
user_022,52537.0,2000000122_00001,2018-02-23T09:38:00.000Z,SRM: Awaiting Approval
user_022,52537.0,2000000122_00001,2018-02-23T09:38:00.000Z,SRM: Document Completed
NONE,52537.0,2000000122_00001,2018-03-26T21:59:00.000Z,Vendor creates invoice
user_000,52537.0,2000000122_00001,2018-03-30T13:57:00.000Z,Record Goods Receipt
NONE,52537.0,2000000122_00001,2018-03-30T13:57:00.000Z,Record Service Entry Sheet
user_013,52537.0,2000000122_00001,2018-04-03T14:15:00.000Z,Record Invoice Receipt
batch_00,52537.0,2000000122_00001,2018-04-07T21:24:00.000Z,SRM: In Transfer to Execution Syst.
batch_00,52537.0,2000000122_00001,2018-04-07T21:24:00.000Z,SRM: Ordered
batch_00,52537.0,2000000122_00001,2018-04-07T21:24:00.000Z,SRM: Deleted
user_000,52537.0,2000000122_00001,2018-04-07T21:24:00.000Z,Change Price
user_002,52537.0,2000000122_00001,2018-04-26T09:12:00.000Z,Clear Invoice
NONE,52537.0,2000000122_00001,2018-05-25T21:59:00.000Z,Vendor creates invoice
user_000,52537.0,2000000122_00001,2018-06-18T09:58:00.000Z,Record Goods Receipt
NONE,52537.0,2000000122_00001,2018-06-18T09:58:00.000Z,Record Service Entry Sheet
user_013,52537.0,2000000122_00001,2018-06-19T10:36:00.000Z,Record Invoice Receipt
NONE,52537.0,2000000122_00001,2018-06-25T21:59:00.000Z,Vendor creates invoice
user_002,52537.0,2000000122_00001,2018-06-28T12:05:00.000Z,Clear Invoice
user_000,52537.0,2000000122_00001,2018-07-24T10:15:00.000Z,Record Goods Receipt
NONE,52537.0,2000000122_00001,2018-07-24T10:15:00.000Z,Record Service Entry Sheet
user_001,52537.0,2000000122_00001,2018-07-25T09:56:00.000Z,Record Invoice Receipt
user_002,52537.0,2000000122_00001,2018-07-26T16:09:00.000Z,Clear Invoice
batch_00,379.0,2000000123_00001,2018-02-01T09:50:00.000Z,SRM: Created
batch_00,379.0,2000000123_00001,2018-02-01T10:50:00.000Z,SRM: Complete
batch_00,379.0,2000000123_00001,2018-02-01T10:50:00.000Z,SRM: Awaiting Approval
batch_00,379.0,2000000123_00001,2018-02-01T10:50:00.000Z,SRM: Document Completed
batch_00,379.0,2000000123_00001,2018-02-01T10:50:00.000Z,SRM: Ordered
batch_00,379.0,2000000123_00001,2018-02-01T10:50:00.000Z,SRM: In Transfer to Execution Syst.
batch_00,379.0,2000000123_00001,2018-02-01T10:50:00.000Z,SRM: Change was Transmitted
user_000,379.0,2000000123_00001,2018-02-01T10:50:00.000Z,Create Purchase Order Item
NONE,379.0,2000000123_00001,2018-02-02T22:59:00.000Z,Vendor creates invoice
user_000,379.0,2000000123_00001,2018-02-06T07:58:00.000Z,Record Goods Receipt
user_013,379.0,2000000123_00001,2018-03-12T13:57:00.000Z,Record Invoice Receipt
user_002,379.0,2000000123_00001,2018-04-26T09:12:00.000Z,Clear Invoice
batch_00,66.0,2000000123_00002,2018-02-01T09:50:00.000Z,SRM: Created
batch_00,66.0,2000000123_00002,2018-02-01T10:50:00.000Z,SRM: Complete
batch_00,66.0,2000000123_00002,2018-02-01T10:50:00.000Z,SRM: Awaiting Approval
batch_00,66.0,2000000123_00002,2018-02-01T10:50:00.000Z,SRM: Document Completed
batch_00,66.0,2000000123_00002,2018-02-01T10:50:00.000Z,SRM: Ordered
batch_00,66.0,2000000123_00002,2018-02-01T10:50:00.000Z,SRM: In Transfer to Execution Syst.
batch_00,66.0,2000000123_00002,2018-02-01T10:50:00.000Z,SRM: Change was Transmitted
user_000,66.0,2000000123_00002,2018-02-01T10:50:00.000Z,Create Purchase Order Item
NONE,66.0,2000000123_00002,2018-03-09T22:59:00.000Z,Vendor creates invoice
user_000,66.0,2000000123_00002,2018-03-12T09:13:00.000Z,Record Goods Receipt
user_012,66.0,2000000123_00002,2018-03-27T13:44:00.000Z,Record Invoice Receipt
user_002,66.0,2000000123_00002,2018-05-24T11:32:00.000Z,Clear Invoice
batch_00,142.0,2000000123_00003,2018-02-01T09:50:00.000Z,SRM: Created
batch_00,142.0,2000000123_00003,2018-02-01T10:50:00.000Z,SRM: Complete
batch_00,142.0,2000000123_00003,2018-02-01T10:50:00.000Z,SRM: Awaiting Approval
batch_00,142.0,2000000123_00003,2018-02-01T10:50:00.000Z,SRM: Document Completed
batch_00,142.0,2000000123_00003,2018-02-01T10:50:00.000Z,SRM: Ordered
batch_00,142.0,2000000123_00003,2018-02-01T10:50:00.000Z,SRM: In Transfer to Execution Syst.
batch_00,142.0,2000000123_00003,2018-02-01T10:50:00.000Z,SRM: Change was Transmitted
user_000,142.0,2000000123_00003,2018-02-01T10:50:00.000Z,Create Purchase Order Item
NONE,142.0,2000000123_00003,2018-02-02T22:59:00.000Z,Vendor creates invoice
user_000,142.0,2000000123_00003,2018-02-06T07:58:00.000Z,Record Goods Receipt
user_013,142.0,2000000123_00003,2018-03-12T13:57:00.000Z,Record Invoice Receipt
user_002,142.0,2000000123_00003,2018-04-26T09:12:00.000Z,Clear Invoice
batch_00,142.0,2000000123_00004,2018-02-01T09:50:00.000Z,SRM: Created
batch_00,142.0,2000000123_00004,2018-02-01T10:50:00.000Z,SRM: Complete
batch_00,142.0,2000000123_00004,2018-02-01T10:50:00.000Z,SRM: Awaiting Approval
batch_00,142.0,2000000123_00004,2018-02-01T10:50:00.000Z,SRM: Document Completed
batch_00,142.0,2000000123_00004,2018-02-01T10:50:00.000Z,SRM: Ordered
batch_00,142.0,2000000123_00004,2018-02-01T10:50:00.000Z,SRM: In Transfer to Execution Syst.
batch_00,142.0,2000000123_00004,2018-02-01T10:50:00.000Z,SRM: Change was Transmitted
user_000,142.0,2000000123_00004,2018-02-01T10:50:00.000Z,Create Purchase Order Item
NONE,142.0,2000000123_00004,2018-02-02T22:59:00.000Z,Vendor creates invoice
user_000,142.0,2000000123_00004,2018-02-06T07:58:00.000Z,Record Goods Receipt
user_013,142.0,2000000123_00004,2018-03-12T13:57:00.000Z,Record Invoice Receipt
user_002,142.0,2000000123_00004,2018-04-26T09:12:00.000Z,Clear Invoice
batch_00,34.0,2000000123_00005,2018-02-01T09:50:00.000Z,SRM: Created
batch_00,34.0,2000000123_00005,2018-02-01T10:50:00.000Z,SRM: Complete
batch_00,34.0,2000000123_00005,2018-02-01T10:50:00.000Z,SRM: Awaiting Approval
batch_00,34.0,2000000123_00005,2018-02-01T10:50:00.000Z,SRM: Document Completed
batch_00,34.0,2000000123_00005,2018-02-01T10:50:00.000Z,SRM: Ordered
batch_00,34.0,2000000123_00005,2018-02-01T10:50:00.000Z,SRM: In Transfer to Execution Syst.
batch_00,34.0,2000000123_00005,2018-02-01T10:50:00.000Z,SRM: Change was Transmitted
user_000,34.0,2000000123_00005,2018-02-01T10:50:00.000Z,Create Purchase Order Item
NONE,34.0,2000000123_00005,2018-02-02T22:59:00.000Z,Vendor creates invoice
user_000,34.0,2000000123_00005,2018-02-05T08:53:00.000Z,Record Goods Receipt
user_013,34.0,2000000123_00005,2018-03-12T13:57:00.000Z,Record Invoice Receipt
user_002,34.0,2000000123_00005,2018-04-26T09:12:00.000Z,Clear Invoice
batch_00,107.0,2000000124_00001,2018-02-01T09:50:00.000Z,SRM: Created
batch_00,107.0,2000000124_00001,2018-02-01T10:50:00.000Z,SRM: Complete
batch_00,107.0,2000000124_00001,2018-02-01T10:50:00.000Z,SRM: Awaiting Approval
batch_00,107.0,2000000124_00001,2018-02-01T10:50:00.000Z,SRM: Document Completed
batch_00,107.0,2000000124_00001,2018-02-01T10:50:00.000Z,SRM: In Transfer to Execution Syst.
batch_00,107.0,2000000124_00001,2018-02-01T10:50:00.000Z,SRM: Ordered
user_000,107.0,2000000124_00001,2018-02-01T10:50:00.000Z,Create Purchase Order Item
batch_00,107.0,2000000124_00001,2018-02-01T10:50:00.000Z,SRM: Change was Transmitted
NONE,107.0,2000000124_00001,2018-02-01T22:59:00.000Z,Vendor creates invoice
user_000,107.0,2000000124_00001,2018-02-05T08:51:00.000Z,Record Goods Receipt
user_007,107.0,2000000124_00001,2018-02-28T16:42:00.000Z,Record Invoice Receipt
user_002,107.0,2000000124_00001,2018-04-05T13:48:00.000Z,Clear Invoice
batch_00,247.0,2000000124_00002,2018-02-01T09:50:00.000Z,SRM: Created
batch_00,247.0,2000000124_00002,2018-02-01T10:50:00.000Z,SRM: Complete
batch_00,247.0,2000000124_00002,2018-02-01T10:50:00.000Z,SRM: Awaiting Approval
batch_00,247.0,2000000124_00002,2018-02-01T10:50:00.000Z,SRM: Document Completed
batch_00,247.0,2000000124_00002,2018-02-01T10:50:00.000Z,SRM: In Transfer to Execution Syst.
batch_00,247.0,2000000124_00002,2018-02-01T10:50:00.000Z,SRM: Ordered
user_000,247.0,2000000124_00002,2018-02-01T10:50:00.000Z,Create Purchase Order Item
batch_00,247.0,2000000124_00002,2018-02-01T10:50:00.000Z,SRM: Change was Transmitted
NONE,247.0,2000000124_00002,2018-02-01T22:59:00.000Z,Vendor creates invoice
user_000,247.0,2000000124_00002,2018-02-05T08:51:00.000Z,Record Goods Receipt
user_007,247.0,2000000124_00002,2018-02-28T16:42:00.000Z,Record Invoice Receipt
user_002,247.0,2000000124_00002,2018-04-05T13:48:00.000Z,Clear Invoice
batch_00,98.0,2000000125_00001,2018-02-01T09:50:00.000Z,SRM: Created
batch_00,98.0,2000000125_00001,2018-02-01T10:50:00.000Z,SRM: Complete
batch_00,98.0,2000000125_00001,2018-02-01T10:50:00.000Z,SRM: Awaiting Approval
batch_00,98.0,2000000125_00001,2018-02-01T10:50:00.000Z,SRM: Document Completed
batch_00,98.0,2000000125_00001,2018-02-01T10:50:00.000Z,SRM: In Transfer to Execution Syst.
batch_00,98.0,2000000125_00001,2018-02-01T10:50:00.000Z,SRM: Ordered
batch_00,98.0,2000000125_00001,2018-02-01T10:50:00.000Z,SRM: Change was Transmitted
user_000,98.0,2000000125_00001,2018-02-01T10:50:00.000Z,Create Purchase Order Item
user_000,98.0,2000000125_00001,2018-02-06T13:03:00.000Z,Record Goods Receipt
batch_01,98.0,2000000125_00001,2018-08-20T00:21:00.000Z,Record Invoice Receipt
batch_00,14.0,2000000125_00002,2018-02-01T09:50:00.000Z,SRM: Created
batch_00,14.0,2000000125_00002,2018-02-01T10:50:00.000Z,SRM: Complete
batch_00,14.0,2000000125_00002,2018-02-01T10:50:00.000Z,SRM: Awaiting Approval
batch_00,14.0,2000000125_00002,2018-02-01T10:50:00.000Z,SRM: Document Completed
batch_00,14.0,2000000125_00002,2018-02-01T10:50:00.000Z,SRM: In Transfer to Execution Syst.
batch_00,14.0,2000000125_00002,2018-02-01T10:50:00.000Z,SRM: Ordered
batch_00,14.0,2000000125_00002,2018-02-01T10:50:00.000Z,SRM: Change was Transmitted
user_000,14.0,2000000125_00002,2018-02-01T10:50:00.000Z,Create Purchase Order Item
user_000,14.0,2000000125_00002,2018-02-06T07:57:00.000Z,Record Goods Receipt
batch_01,14.0,2000000125_00002,2018-08-20T00:21:00.000Z,Record Invoice Receipt
batch_00,185.0,2000000126_00001,2018-02-01T10:14:00.000Z,SRM: Created
batch_00,185.0,2000000126_00001,2018-02-01T11:14:00.000Z,SRM: Complete
batch_00,185.0,2000000126_00001,2018-02-01T11:14:00.000Z,SRM: Awaiting Approval
batch_00,185.0,2000000126_00001,2018-02-01T11:14:00.000Z,SRM: Document Completed
batch_00,185.0,2000000126_00001,2018-02-01T11:14:00.000Z,SRM: In Transfer to Execution Syst.
batch_00,185.0,2000000126_00001,2018-02-01T11:14:00.000Z,SRM: Ordered
user_000,185.0,2000000126_00001,2018-02-01T11:14:00.000Z,Create Purchase Order Item
batch_00,185.0,2000000126_00001,2018-02-01T11:14:00.000Z,SRM: Change was Transmitted
user_000,185.0,2000000126_00001,2018-02-14T08:41:00.000Z,Record Goods Receipt
NONE,185.0,2000000126_00001,2018-02-19T22:59:00.000Z,Vendor creates invoice
user_001,185.0,2000000126_00001,2018-02-27T14:04:00.000Z,Record Invoice Receipt
user_005,185.0,2000000126_00001,2018-03-15T13:13:00.000Z,Clear Invoice
batch_00,1039.0,2000000126_00002,2018-02-01T10:14:00.000Z,SRM: Created
batch_00,1039.0,2000000126_00002,2018-02-01T11:14:00.000Z,SRM: Complete
batch_00,1039.0,2000000126_00002,2018-02-01T11:14:00.000Z,SRM: Awaiting Approval
batch_00,1039.0,2000000126_00002,2018-02-01T11:14:00.000Z,SRM: Document Completed
batch_00,1039.0,2000000126_00002,2018-02-01T11:14:00.000Z,SRM: In Transfer to Execution Syst.
batch_00,1039.0,2000000126_00002,2018-02-01T11:14:00.000Z,SRM: Ordered
user_000,1039.0,2000000126_00002,2018-02-01T11:14:00.000Z,Create Purchase Order Item
batch_00,1039.0,2000000126_00002,2018-02-01T11:14:00.000Z,SRM: Change was Transmitted
user_000,1039.0,2000000126_00002,2018-02-14T08:41:00.000Z,Record Goods Receipt
NONE,1039.0,2000000126_00002,2018-02-19T22:59:00.000Z,Vendor creates invoice
user_001,1039.0,2000000126_00002,2018-02-27T14:04:00.000Z,Record Invoice Receipt
user_005,1039.0,2000000126_00002,2018-03-15T13:13:00.000Z,Clear Invoice
batch_00,283.0,2000000126_00003,2018-02-01T10:14:00.000Z,SRM: Created
batch_00,283.0,2000000126_00003,2018-02-01T11:14:00.000Z,SRM: Complete
batch_00,283.0,2000000126_00003,2018-02-01T11:14:00.000Z,SRM: Awaiting Approval
batch_00,283.0,2000000126_00003,2018-02-01T11:14:00.000Z,SRM: Document Completed
batch_00,283.0,2000000126_00003,2018-02-01T11:14:00.000Z,SRM: In Transfer to Execution Syst.
batch_00,283.0,2000000126_00003,2018-02-01T11:14:00.000Z,SRM: Ordered
user_000,283.0,2000000126_00003,2018-02-01T11:14:00.000Z,Create Purchase Order Item
batch_00,283.0,2000000126_00003,2018-02-01T11:14:00.000Z,SRM: Change was Transmitted
user_000,283.0,2000000126_00003,2018-02-14T08:41:00.000Z,Record Goods Receipt
NONE,283.0,2000000126_00003,2018-02-19T22:59:00.000Z,Vendor creates invoice
user_001,283.0,2000000126_00003,2018-02-27T14:04:00.000Z,Record Invoice Receipt
user_005,283.0,2000000126_00003,2018-03-15T13:13:00.000Z,Clear Invoice
batch_00,86.0,2000000127_00001,2018-02-01T15:39:00.000Z,SRM: Created
batch_00,86.0,2000000127_00001,2018-02-01T16:39:00.000Z,SRM: Complete
batch_00,86.0,2000000127_00001,2018-02-01T16:39:00.000Z,SRM: Awaiting Approval
batch_00,86.0,2000000127_00001,2018-02-01T16:39:00.000Z,SRM: Document Completed
batch_00,86.0,2000000127_00001,2018-02-01T16:39:00.000Z,SRM: In Transfer to Execution Syst.
batch_00,86.0,2000000127_00001,2018-02-01T16:39:00.000Z,SRM: Ordered
batch_00,86.0,2000000127_00001,2018-02-01T16:39:00.000Z,SRM: Change was Transmitted
user_000,86.0,2000000127_00001,2018-02-01T16:39:00.000Z,Create Purchase Order Item
NONE,86.0,2000000127_00001,2018-02-02T22:59:00.000Z,Vendor creates invoice
user_000,86.0,2000000127_00001,2018-02-06T15:37:00.000Z,Record Goods Receipt
user_007,86.0,2000000127_00001,2018-04-03T13:17:00.000Z,Record Invoice Receipt
user_002,86.0,2000000127_00001,2018-04-26T09:12:00.000Z,Clear Invoice
batch_00,13163.0,2000000128_00001,2018-02-02T13:24:00.000Z,SRM: Created
batch_00,13163.0,2000000128_00001,2018-02-02T14:24:00.000Z,SRM: Complete
batch_00,13163.0,2000000128_00001,2018-02-02T14:24:00.000Z,SRM: Awaiting Approval
batch_00,13163.0,2000000128_00001,2018-02-02T14:24:00.000Z,SRM: Document Completed
batch_00,13163.0,2000000128_00001,2018-02-02T14:24:00.000Z,SRM: Ordered
batch_00,13163.0,2000000128_00001,2018-02-02T14:24:00.000Z,SRM: In Transfer to Execution Syst.
user_000,13163.0,2000000128_00001,2018-02-02T14:24:00.000Z,Create Purchase Order Item
batch_00,13163.0,2000000128_00001,2018-02-02T14:24:00.000Z,SRM: Change was Transmitted
NONE,13163.0,2000000128_00001,2018-02-05T22:59:00.000Z,Vendor creates invoice
user_009,13163.0,2000000128_00001,2018-03-22T10:12:00.000Z,SRM: Created
user_009,13163.0,2000000128_00001,2018-03-22T11:12:00.000Z,SRM: Complete
user_009,13163.0,2000000128_00001,2018-03-22T11:12:00.000Z,SRM: Awaiting Approval
user_009,13163.0,2000000128_00001,2018-03-22T11:12:00.000Z,SRM: Document Completed
batch_00,13163.0,2000000128_00001,2018-03-22T12:12:00.000Z,SRM: Ordered
batch_00,13163.0,2000000128_00001,2018-03-22T12:12:00.000Z,SRM: In Transfer to Execution Syst.
batch_00,13163.0,2000000128_00001,2018-03-22T12:12:00.000Z,SRM: Deleted
user_000,13163.0,2000000128_00001,2018-03-22T12:12:00.000Z,Change Price
user_000,13163.0,2000000128_00001,2018-03-27T07:22:00.000Z,Record Goods Receipt
NONE,13163.0,2000000128_00001,2018-03-27T07:22:00.000Z,Record Service Entry Sheet
user_001,13163.0,2000000128_00001,2018-04-03T13:46:00.000Z,Record Invoice Receipt
user_002,13163.0,2000000128_00001,2018-04-05T13:48:00.000Z,Clear Invoice
batch_00,12384.0,2000000129_00001,2018-02-05T07:49:00.000Z,SRM: Created
batch_00,12384.0,2000000129_00001,2018-02-05T08:49:00.000Z,SRM: Complete
batch_00,12384.0,2000000129_00001,2018-02-05T08:49:00.000Z,SRM: Awaiting Approval
batch_00,12384.0,2000000129_00001,2018-02-05T08:49:00.000Z,SRM: Document Completed
batch_00,12384.0,2000000129_00001,2018-02-05T08:49:00.000Z,SRM: Ordered
batch_00,12384.0,2000000129_00001,2018-02-05T08:49:00.000Z,SRM: In Transfer to Execution Syst.
batch_00,12384.0,2000000129_00001,2018-02-05T08:49:00.000Z,SRM: Change was Transmitted
user_000,12384.0,2000000129_00001,2018-02-05T08:49:00.000Z,Create Purchase Order Item
NONE,12384.0,2000000129_00001,2018-02-06T22:59:00.000Z,Vendor creates invoice
user_000,12384.0,2000000129_00001,2018-03-07T15:57:00.000Z,Record Goods Receipt
NONE,12384.0,2000000129_00001,2018-03-07T15:57:00.000Z,Record Service Entry Sheet
user_001,12384.0,2000000129_00001,2018-03-12T16:32:00.000Z,Record Invoice Receipt
user_002,12384.0,2000000129_00001,2018-03-29T13:11:00.000Z,Clear Invoice
batch_00,44.0,2000000130_00001,2018-02-06T08:46:00.000Z,SRM: Created
batch_00,44.0,2000000130_00001,2018-02-06T09:46:00.000Z,SRM: Complete
batch_00,44.0,2000000130_00001,2018-02-06T09:46:00.000Z,SRM: Awaiting Approval
batch_00,44.0,2000000130_00001,2018-02-06T09:46:00.000Z,SRM: Document Completed
batch_00,44.0,2000000130_00001,2018-02-06T09:46:00.000Z,SRM: In Transfer to Execution Syst.
batch_00,44.0,2000000130_00001,2018-02-06T09:46:00.000Z,SRM: Change was Transmitted
batch_00,44.0,2000000130_00001,2018-02-06T09:46:00.000Z,SRM: Ordered
user_000,44.0,2000000130_00001,2018-02-06T09:46:00.000Z,Create Purchase Order Item
NONE,44.0,2000000130_00001,2018-02-07T22:59:00.000Z,Vendor creates invoice
user_000,44.0,2000000130_00001,2018-02-13T12:25:00.000Z,Record Goods Receipt
user_013,44.0,2000000130_00001,2018-04-04T09:10:00.000Z,Record Invoice Receipt
user_002,44.0,2000000130_00001,2018-04-26T09:12:00.000Z,Clear Invoice
batch_00,80.0,2000000130_00002,2018-02-06T08:46:00.000Z,SRM: Created
batch_00,80.0,2000000130_00002,2018-02-06T09:46:00.000Z,SRM: Complete
batch_00,80.0,2000000130_00002,2018-02-06T09:46:00.000Z,SRM: Awaiting Approval
batch_00,80.0,2000000130_00002,2018-02-06T09:46:00.000Z,SRM: Document Completed
batch_00,80.0,2000000130_00002,2018-02-06T09:46:00.000Z,SRM: In Transfer to Execution Syst.
batch_00,80.0,2000000130_00002,2018-02-06T09:46:00.000Z,SRM: Ordered
batch_00,80.0,2000000130_00002,2018-02-06T09:46:00.000Z,SRM: Change was Transmitted
user_000,80.0,2000000130_00002,2018-02-06T09:46:00.000Z,Create Purchase Order Item
NONE,80.0,2000000130_00002,2018-02-07T22:59:00.000Z,Vendor creates invoice
user_000,80.0,2000000130_00002,2018-02-13T12:25:00.000Z,Record Goods Receipt
user_013,80.0,2000000130_00002,2018-04-04T09:10:00.000Z,Record Invoice Receipt
user_002,80.0,2000000130_00002,2018-04-26T09:12:00.000Z,Clear Invoice
batch_00,85.0,2000000131_00001,2018-02-06T12:55:00.000Z,SRM: Created
batch_00,85.0,2000000131_00001,2018-02-06T13:55:00.000Z,SRM: Complete
batch_00,85.0,2000000131_00001,2018-02-06T13:55:00.000Z,SRM: Awaiting Approval
batch_00,85.0,2000000131_00001,2018-02-06T13:55:00.000Z,SRM: Document Completed
batch_00,85.0,2000000131_00001,2018-02-06T13:55:00.000Z,SRM: In Transfer to Execution Syst.
batch_00,85.0,2000000131_00001,2018-02-06T13:55:00.000Z,SRM: Ordered
user_000,85.0,2000000131_00001,2018-02-06T13:55:00.000Z,Create Purchase Order Item
batch_00,85.0,2000000131_00001,2018-02-06T13:55:00.000Z,SRM: Change was Transmitted
NONE,85.0,2000000131_00001,2018-02-21T22:59:00.000Z,Vendor creates invoice
NONE,85.0,2000000131_00001,2018-02-21T22:59:00.000Z,Vendor creates debit memo
user_000,85.0,2000000131_00001,2018-02-23T07:59:00.000Z,Record Goods Receipt
batch_00,85.0,2000000131_00001,2018-02-26T13:31:00.000Z,Record Invoice Receipt
user_000,85.0,2000000131_00001,2018-03-05T13:14:00.000Z,Record Goods Receipt
user_006,85.0,2000000131_00001,2018-03-06T11:10:00.000Z,Cancel Invoice Receipt
user_006,85.0,2000000131_00001,2018-03-06T11:11:00.000Z,Clear Invoice
user_006,85.0,2000000131_00001,2018-03-06T11:12:00.000Z,Record Invoice Receipt
user_005,85.0,2000000131_00001,2018-03-15T13:13:00.000Z,Clear Invoice
batch_00,30.0,2000000131_00002,2018-02-06T12:55:00.000Z,SRM: Created
batch_00,30.0,2000000131_00002,2018-02-06T13:55:00.000Z,SRM: Complete
batch_00,30.0,2000000131_00002,2018-02-06T13:55:00.000Z,SRM: Awaiting Approval
batch_00,30.0,2000000131_00002,2018-02-06T13:55:00.000Z,SRM: Document Completed
batch_00,30.0,2000000131_00002,2018-02-06T13:55:00.000Z,SRM: In Transfer to Execution Syst.
batch_00,30.0,2000000131_00002,2018-02-06T13:55:00.000Z,SRM: Ordered
user_000,30.0,2000000131_00002,2018-02-06T13:55:00.000Z,Create Purchase Order Item
batch_00,30.0,2000000131_00002,2018-02-06T13:55:00.000Z,SRM: Change was Transmitted
NONE,30.0,2000000131_00002,2018-02-21T22:59:00.000Z,Vendor creates debit memo
NONE,30.0,2000000131_00002,2018-02-21T22:59:00.000Z,Vendor creates invoice
user_000,30.0,2000000131_00002,2018-02-23T07:59:00.000Z,Record Goods Receipt
batch_00,30.0,2000000131_00002,2018-02-26T13:31:00.000Z,Record Invoice Receipt
user_006,30.0,2000000131_00002,2018-03-06T11:10:00.000Z,Cancel Invoice Receipt
user_006,30.0,2000000131_00002,2018-03-06T11:11:00.000Z,Clear Invoice
user_006,30.0,2000000131_00002,2018-03-06T11:12:00.000Z,Record Invoice Receipt
user_005,30.0,2000000131_00002,2018-03-15T13:13:00.000Z,Clear Invoice
batch_00,285.0,2000000132_00001,2018-02-06T13:14:00.000Z,SRM: Created
batch_00,285.0,2000000132_00001,2018-02-06T14:14:00.000Z,SRM: Complete
batch_00,285.0,2000000132_00001,2018-02-06T14:14:00.000Z,SRM: Awaiting Approval
batch_00,285.0,2000000132_00001,2018-02-06T14:14:00.000Z,SRM: Document Completed
batch_00,285.0,2000000132_00001,2018-02-06T14:14:00.000Z,SRM: In Transfer to Execution Syst.
batch_00,285.0,2000000132_00001,2018-02-06T14:14:00.000Z,SRM: Ordered
batch_00,285.0,2000000132_00001,2018-02-06T14:14:00.000Z,SRM: Change was Transmitted
user_000,285.0,2000000132_00001,2018-02-06T14:14:00.000Z,Create Purchase Order Item
user_000,285.0,2000000132_00001,2018-02-13T10:30:00.000Z,Record Goods Receipt
NONE,285.0,2000000132_00001,2018-02-13T10:30:00.000Z,Record Service Entry Sheet
NONE,285.0,2000000132_00001,2018-02-22T22:59:00.000Z,Vendor creates invoice
batch_00,285.0,2000000132_00001,2018-02-27T15:47:00.000Z,Record Invoice Receipt
user_005,285.0,2000000132_00001,2018-03-15T13:13:00.000Z,Clear Invoice
batch_00,320.0,2000000133_00001,2018-02-06T15:36:00.000Z,SRM: Created
batch_00,320.0,2000000133_00001,2018-02-06T16:36:00.000Z,SRM: Complete
batch_00,320.0,2000000133_00001,2018-02-06T16:36:00.000Z,SRM: Awaiting Approval
batch_00,320.0,2000000133_00001,2018-02-06T16:36:00.000Z,SRM: Document Completed
batch_00,320.0,2000000133_00001,2018-02-06T16:36:00.000Z,SRM: In Transfer to Execution Syst.
batch_00,320.0,2000000133_00001,2018-02-06T16:36:00.000Z,SRM: Ordered
batch_00,320.0,2000000133_00001,2018-02-06T16:36:00.000Z,SRM: Change was Transmitted
user_000,320.0,2000000133_00001,2018-02-06T16:36:00.000Z,Create Purchase Order Item
user_000,320.0,2000000133_00001,2018-02-12T08:12:00.000Z,Record Goods Receipt
NONE,320.0,2000000133_00001,2018-03-30T21:59:00.000Z,Vendor creates invoice
user_001,320.0,2000000133_00001,2018-05-14T14:05:00.000Z,Record Invoice Receipt
user_002,320.0,2000000133_00001,2018-05-24T11:32:00.000Z,Clear Invoice
batch_00,29.0,2000000134_00001,2018-02-07T07:50:00.000Z,SRM: Created
batch_00,29.0,2000000134_00001,2018-02-07T08:50:00.000Z,SRM: Complete
batch_00,29.0,2000000134_00001,2018-02-07T08:50:00.000Z,SRM: Awaiting Approval
batch_00,29.0,2000000134_00001,2018-02-07T08:50:00.000Z,SRM: Document Completed
batch_00,29.0,2000000134_00001,2018-02-07T08:50:00.000Z,SRM: In Transfer to Execution Syst.
batch_00,29.0,2000000134_00001,2018-02-07T08:50:00.000Z,SRM: Ordered
batch_00,29.0,2000000134_00001,2018-02-07T08:50:00.000Z,SRM: Change was Transmitted
user_000,29.0,2000000134_00001,2018-02-07T08:50:00.000Z,Create Purchase Order Item
user_000,29.0,2000000134_00001,2018-02-14T07:58:00.000Z,Record Goods Receipt
NONE,29.0,2000000134_00001,2018-02-16T22:59:00.000Z,Vendor creates invoice
batch_00,29.0,2000000134_00001,2018-03-20T07:18:00.000Z,Record Invoice Receipt
user_002,29.0,2000000134_00001,2018-04-05T13:51:00.000Z,Clear Invoice
batch_00,810.0,2000000135_00001,2018-02-07T07:50:00.000Z,SRM: Created
batch_00,810.0,2000000135_00001,2018-02-07T08:50:00.000Z,SRM: Complete
batch_00,810.0,2000000135_00001,2018-02-07T08:50:00.000Z,SRM: Awaiting Approval
batch_00,810.0,2000000135_00001,2018-02-07T08:50:00.000Z,SRM: Document Completed
batch_00,810.0,2000000135_00001,2018-02-07T08:50:00.000Z,SRM: Ordered
batch_00,810.0,2000000135_00001,2018-02-07T08:50:00.000Z,SRM: In Transfer to Execution Syst.
user_000,810.0,2000000135_00001,2018-02-07T08:50:00.000Z,Create Purchase Order Item
batch_00,810.0,2000000135_00001,2018-02-07T08:50:00.000Z,SRM: Change was Transmitted
NONE,810.0,2000000135_00001,2018-03-15T22:59:00.000Z,Vendor creates invoice
user_000,810.0,2000000135_00001,2018-03-20T08:08:00.000Z,Record Goods Receipt
user_007,810.0,2000000135_00001,2018-03-27T08:18:00.000Z,Record Invoice Receipt
user_002,810.0,2000000135_00001,2018-06-28T12:04:00.000Z,Clear Invoice
batch_00,181.0,2000000135_00002,2018-02-07T07:50:00.000Z,SRM: Created
batch_00,181.0,2000000135_00002,2018-02-07T08:50:00.000Z,SRM: Complete
batch_00,181.0,2000000135_00002,2018-02-07T08:50:00.000Z,SRM: Awaiting Approval
batch_00,181.0,2000000135_00002,2018-02-07T08:50:00.000Z,SRM: Document Completed
batch_00,181.0,2000000135_00002,2018-02-07T08:50:00.000Z,SRM: Ordered
batch_00,181.0,2000000135_00002,2018-02-07T08:50:00.000Z,SRM: In Transfer to Execution Syst.
user_000,181.0,2000000135_00002,2018-02-07T08:50:00.000Z,Create Purchase Order Item
batch_00,181.0,2000000135_00002,2018-02-07T08:50:00.000Z,SRM: Change was Transmitted
NONE,181.0,2000000135_00002,2018-03-15T22:59:00.000Z,Vendor creates invoice
user_000,181.0,2000000135_00002,2018-03-20T08:08:00.000Z,Record Goods Receipt
user_007,181.0,2000000135_00002,2018-03-27T08:18:00.000Z,Record Invoice Receipt
user_002,181.0,2000000135_00002,2018-06-28T12:04:00.000Z,Clear Invoice
batch_00,4763.0,2000000136_00001,2018-02-07T08:36:00.000Z,SRM: Created
batch_00,4763.0,2000000136_00001,2018-02-07T09:36:00.000Z,SRM: Complete
batch_00,4763.0,2000000136_00001,2018-02-07T09:36:00.000Z,SRM: Awaiting Approval
batch_00,4763.0,2000000136_00001,2018-02-07T09:36:00.000Z,SRM: Document Completed
batch_00,4763.0,2000000136_00001,2018-02-07T09:36:00.000Z,SRM: Ordered
batch_00,4763.0,2000000136_00001,2018-02-07T09:36:00.000Z,SRM: Change was Transmitted
batch_00,4763.0,2000000136_00001,2018-02-07T09:36:00.000Z,SRM: In Transfer to Execution Syst.
user_000,4763.0,2000000136_00001,2018-02-07T09:36:00.000Z,Create Purchase Order Item
user_000,4763.0,2000000136_00001,2018-09-26T12:50:00.000Z,Record Goods Receipt
batch_00,46.0,2000000137_00001,2018-02-07T08:37:00.000Z,SRM: Created
batch_00,46.0,2000000137_00001,2018-02-07T09:37:00.000Z,SRM: Complete
batch_00,46.0,2000000137_00001,2018-02-07T09:37:00.000Z,SRM: Awaiting Approval
batch_00,46.0,2000000137_00001,2018-02-07T09:37:00.000Z,SRM: Document Completed
batch_00,46.0,2000000137_00001,2018-02-07T09:37:00.000Z,SRM: In Transfer to Execution Syst.
batch_00,46.0,2000000137_00001,2018-02-07T09:37:00.000Z,SRM: Change was Transmitted
batch_00,46.0,2000000137_00001,2018-02-07T09:37:00.000Z,SRM: Ordered
user_000,46.0,2000000137_00001,2018-02-07T09:37:00.000Z,Create Purchase Order Item
user_000,46.0,2000000137_00001,2018-02-12T08:10:00.000Z,Record Goods Receipt
NONE,46.0,2000000137_00001,2018-02-13T22:59:00.000Z,Vendor creates invoice
user_007,46.0,2000000137_00001,2018-02-28T15:20:00.000Z,Record Invoice Receipt
user_002,46.0,2000000137_00001,2018-04-05T13:48:00.000Z,Clear Invoice
batch_00,3058.0,2000000138_00001,2018-02-07T09:21:00.000Z,SRM: Created
batch_00,3058.0,2000000138_00001,2018-02-07T10:21:00.000Z,SRM: Complete
batch_00,3058.0,2000000138_00001,2018-02-07T10:21:00.000Z,SRM: Awaiting Approval
batch_00,3058.0,2000000138_00001,2018-02-07T10:21:00.000Z,SRM: Document Completed
batch_00,3058.0,2000000138_00001,2018-02-07T10:21:00.000Z,SRM: In Transfer to Execution Syst.
batch_00,3058.0,2000000138_00001,2018-02-07T10:21:00.000Z,SRM: Ordered
user_000,3058.0,2000000138_00001,2018-02-07T10:21:00.000Z,Create Purchase Order Item
batch_00,3058.0,2000000138_00001,2018-02-07T10:21:00.000Z,SRM: Change was Transmitted
NONE,3058.0,2000000138_00001,2018-04-16T21:59:00.000Z,Vendor creates invoice
user_000,3058.0,2000000138_00001,2018-04-17T06:09:00.000Z,Record Goods Receipt
user_001,3058.0,2000000138_00001,2018-04-17T09:32:00.000Z,Record Invoice Receipt
user_002,3058.0,2000000138_00001,2018-04-19T12:47:00.000Z,Clear Invoice
batch_00,282.0,2000000139_00001,2018-02-07T12:10:00.000Z,SRM: Created
batch_00,282.0,2000000139_00001,2018-02-07T13:10:00.000Z,SRM: Complete
batch_00,282.0,2000000139_00001,2018-02-07T13:10:00.000Z,SRM: Awaiting Approval
batch_00,282.0,2000000139_00001,2018-02-07T13:10:00.000Z,SRM: Document Completed
batch_00,282.0,2000000139_00001,2018-02-07T13:10:00.000Z,SRM: In Transfer to Execution Syst.
batch_00,282.0,2000000139_00001,2018-02-07T13:10:00.000Z,SRM: Ordered
batch_00,282.0,2000000139_00001,2018-02-07T13:10:00.000Z,SRM: Change was Transmitted
user_000,282.0,2000000139_00001,2018-02-07T13:10:00.000Z,Create Purchase Order Item
NONE,282.0,2000000139_00001,2018-02-09T22:59:00.000Z,Vendor creates invoice
user_000,282.0,2000000139_00001,2018-02-12T08:10:00.000Z,Record Goods Receipt
user_013,282.0,2000000139_00001,2018-04-04T09:09:00.000Z,Record Invoice Receipt
user_002,282.0,2000000139_00001,2018-04-26T09:11:00.000Z,Clear Invoice
batch_00,1108.0,2000000140_00001,2018-02-08T07:11:00.000Z,SRM: Created
batch_00,1108.0,2000000140_00001,2018-02-08T08:11:00.000Z,SRM: Complete
batch_00,1108.0,2000000140_00001,2018-02-08T08:11:00.000Z,SRM: Awaiting Approval
batch_00,1108.0,2000000140_00001,2018-02-08T08:11:00.000Z,SRM: Document Completed
batch_00,1108.0,2000000140_00001,2018-02-08T08:11:00.000Z,SRM: In Transfer to Execution Syst.
batch_00,1108.0,2000000140_00001,2018-02-08T08:11:00.000Z,SRM: Ordered
batch_00,1108.0,2000000140_00001,2018-02-08T08:11:00.000Z,SRM: Change was Transmitted
user_000,1108.0,2000000140_00001,2018-02-08T08:11:00.000Z,Create Purchase Order Item
user_000,1108.0,2000000140_00001,2018-02-26T08:40:00.000Z,Record Goods Receipt
NONE,1108.0,2000000140_00001,2018-03-04T22:59:00.000Z,Vendor creates invoice
user_012,1108.0,2000000140_00001,2018-03-07T08:35:00.000Z,Record Invoice Receipt
user_002,1108.0,2000000140_00001,2018-03-29T13:08:00.000Z,Clear Invoice
batch_00,62.0,2000000141_00001,2018-02-08T07:56:00.000Z,SRM: Created
batch_00,62.0,2000000141_00001,2018-02-08T08:56:00.000Z,SRM: Complete
batch_00,62.0,2000000141_00001,2018-02-08T08:56:00.000Z,SRM: Awaiting Approval
batch_00,62.0,2000000141_00001,2018-02-08T08:56:00.000Z,SRM: Document Completed
batch_00,62.0,2000000141_00001,2018-02-08T08:56:00.000Z,SRM: In Transfer to Execution Syst.
batch_00,62.0,2000000141_00001,2018-02-08T08:56:00.000Z,SRM: Ordered
batch_00,62.0,2000000141_00001,2018-02-08T08:56:00.000Z,SRM: Change was Transmitted
user_000,62.0,2000000141_00001,2018-02-08T08:56:00.000Z,Create Purchase Order Item
NONE,62.0,2000000141_00001,2018-02-08T22:59:00.000Z,Vendor creates invoice
user_000,62.0,2000000141_00001,2018-02-13T11:06:00.000Z,Record Goods Receipt
user_007,62.0,2000000141_00001,2018-04-03T13:02:00.000Z,Record Invoice Receipt
user_002,62.0,2000000141_00001,2018-04-26T09:12:00.000Z,Clear Invoice
batch_00,76.0,2000000141_00002,2018-02-08T07:56:00.000Z,SRM: Created
batch_00,76.0,2000000141_00002,2018-02-08T08:56:00.000Z,SRM: Complete
batch_00,76.0,2000000141_00002,2018-02-08T08:56:00.000Z,SRM: Awaiting Approval
batch_00,76.0,2000000141_00002,2018-02-08T08:56:00.000Z,SRM: Document Completed
batch_00,76.0,2000000141_00002,2018-02-08T08:56:00.000Z,SRM: In Transfer to Execution Syst.
batch_00,76.0,2000000141_00002,2018-02-08T08:56:00.000Z,SRM: Ordered
batch_00,76.0,2000000141_00002,2018-02-08T08:56:00.000Z,SRM: Change was Transmitted
user_000,76.0,2000000141_00002,2018-02-08T08:56:00.000Z,Create Purchase Order Item
NONE,76.0,2000000141_00002,2018-02-08T22:59:00.000Z,Vendor creates invoice
user_000,76.0,2000000141_00002,2018-02-13T11:06:00.000Z,Record Goods Receipt
user_007,76.0,2000000141_00002,2018-04-03T13:02:00.000Z,Record Invoice Receipt
user_002,76.0,2000000141_00002,2018-04-26T09:12:00.000Z,Clear Invoice
batch_00,33.0,2000000141_00003,2018-02-08T07:56:00.000Z,SRM: Created
batch_00,33.0,2000000141_00003,2018-02-08T08:56:00.000Z,SRM: Complete
batch_00,33.0,2000000141_00003,2018-02-08T08:56:00.000Z,SRM: Awaiting Approval
batch_00,33.0,2000000141_00003,2018-02-08T08:56:00.000Z,SRM: Document Completed
batch_00,33.0,2000000141_00003,2018-02-08T08:56:00.000Z,SRM: In Transfer to Execution Syst.
batch_00,33.0,2000000141_00003,2018-02-08T08:56:00.000Z,SRM: Ordered
batch_00,33.0,2000000141_00003,2018-02-08T08:56:00.000Z,SRM: Change was Transmitted
user_000,33.0,2000000141_00003,2018-02-08T08:56:00.000Z,Create Purchase Order Item
NONE,33.0,2000000141_00003,2018-02-08T22:59:00.000Z,Vendor creates invoice
user_000,33.0,2000000141_00003,2018-02-13T11:06:00.000Z,Record Goods Receipt
user_007,33.0,2000000141_00003,2018-04-03T13:02:00.000Z,Record Invoice Receipt
user_002,33.0,2000000141_00003,2018-04-26T09:12:00.000Z,Clear Invoice
batch_00,37.0,2000000142_00001,2018-02-08T07:56:00.000Z,SRM: Created
batch_00,37.0,2000000142_00001,2018-02-08T08:56:00.000Z,SRM: Complete
batch_00,37.0,2000000142_00001,2018-02-08T08:56:00.000Z,SRM: Awaiting Approval
batch_00,37.0,2000000142_00001,2018-02-08T08:56:00.000Z,SRM: Document Completed
batch_00,37.0,2000000142_00001,2018-02-08T08:56:00.000Z,SRM: In Transfer to Execution Syst.
batch_00,37.0,2000000142_00001,2018-02-08T08:56:00.000Z,SRM: Ordered
batch_00,37.0,2000000142_00001,2018-02-08T08:56:00.000Z,SRM: Change was Transmitted
user_000,37.0,2000000142_00001,2018-02-08T08:56:00.000Z,Create Purchase Order Item
user_000,37.0,2000000142_00001,2018-02-15T10:17:00.000Z,Record Goods Receipt
batch_01,37.0,2000000142_00001,2018-08-20T00:21:00.000Z,Record Invoice Receipt
batch_00,40.0,2000000142_00002,2018-02-08T07:56:00.000Z,SRM: Created
batch_00,40.0,2000000142_00002,2018-02-08T08:56:00.000Z,SRM: Complete
batch_00,40.0,2000000142_00002,2018-02-08T08:56:00.000Z,SRM: Awaiting Approval
batch_00,40.0,2000000142_00002,2018-02-08T08:56:00.000Z,SRM: Document Completed
batch_00,40.0,2000000142_00002,2018-02-08T08:56:00.000Z,SRM: In Transfer to Execution Syst.
batch_00,40.0,2000000142_00002,2018-02-08T08:56:00.000Z,SRM: Ordered
batch_00,40.0,2000000142_00002,2018-02-08T08:56:00.000Z,SRM: Change was Transmitted
user_000,40.0,2000000142_00002,2018-02-08T08:56:00.000Z,Create Purchase Order Item
user_000,40.0,2000000142_00002,2018-02-15T10:17:00.000Z,Record Goods Receipt
batch_01,40.0,2000000142_00002,2018-08-20T00:21:00.000Z,Record Invoice Receipt
batch_00,25.0,2000000142_00003,2018-02-08T07:56:00.000Z,SRM: Created
batch_00,25.0,2000000142_00003,2018-02-08T08:56:00.000Z,SRM: Complete
batch_00,25.0,2000000142_00003,2018-02-08T08:56:00.000Z,SRM: Awaiting Approval
batch_00,25.0,2000000142_00003,2018-02-08T08:56:00.000Z,SRM: Document Completed
batch_00,25.0,2000000142_00003,2018-02-08T08:56:00.000Z,SRM: In Transfer to Execution Syst.
batch_00,25.0,2000000142_00003,2018-02-08T08:56:00.000Z,SRM: Ordered
batch_00,25.0,2000000142_00003,2018-02-08T08:56:00.000Z,SRM: Change was Transmitted
user_000,25.0,2000000142_00003,2018-02-08T08:56:00.000Z,Create Purchase Order Item
user_000,25.0,2000000142_00003,2018-02-13T11:16:00.000Z,Record Goods Receipt
batch_01,25.0,2000000142_00003,2018-08-20T00:21:00.000Z,Record Invoice Receipt
batch_00,5196.0,2000000143_00001,2018-02-08T11:10:00.000Z,SRM: Created
batch_00,5196.0,2000000143_00001,2018-02-08T12:10:00.000Z,SRM: Complete
batch_00,5196.0,2000000143_00001,2018-02-08T12:10:00.000Z,SRM: Awaiting Approval
batch_00,5196.0,2000000143_00001,2018-02-08T12:10:00.000Z,SRM: Document Completed
batch_00,5196.0,2000000143_00001,2018-02-08T12:10:00.000Z,SRM: In Transfer to Execution Syst.
batch_00,5196.0,2000000143_00001,2018-02-08T12:10:00.000Z,SRM: Ordered
batch_00,5196.0,2000000143_00001,2018-02-08T12:10:00.000Z,SRM: Change was Transmitted
user_000,5196.0,2000000143_00001,2018-02-08T12:10:00.000Z,Create Purchase Order Item
NONE,5196.0,2000000143_00001,2018-02-19T22:59:00.000Z,Vendor creates invoice
NONE,5196.0,2000000143_00001,2018-04-30T11:22:00.000Z,Record Service Entry Sheet
user_000,5196.0,2000000143_00001,2018-04-30T11:22:00.000Z,Record Goods Receipt
user_001,5196.0,2000000143_00001,2018-05-08T09:51:00.000Z,Record Invoice Receipt
user_002,5196.0,2000000143_00001,2018-05-09T12:10:00.000Z,Clear Invoice
batch_00,20.0,2000000144_00001,2018-02-08T13:20:00.000Z,SRM: Created
batch_00,20.0,2000000144_00001,2018-02-08T14:20:00.000Z,SRM: Complete
batch_00,20.0,2000000144_00001,2018-02-08T14:20:00.000Z,SRM: Awaiting Approval
batch_00,20.0,2000000144_00001,2018-02-08T14:20:00.000Z,SRM: Document Completed
batch_00,20.0,2000000144_00001,2018-02-08T14:20:00.000Z,SRM: Ordered
batch_00,20.0,2000000144_00001,2018-02-08T14:20:00.000Z,SRM: In Transfer to Execution Syst.
batch_00,20.0,2000000144_00001,2018-02-08T14:20:00.000Z,SRM: Change was Transmitted
user_000,20.0,2000000144_00001,2018-02-08T14:20:00.000Z,Create Purchase Order Item
user_018,20.0,2000000144_00001,2018-02-12T11:54:00.000Z,Record Invoice Receipt
NONE,20.0,2000000144_00001,2018-02-12T22:59:00.000Z,Vendor creates invoice
user_000,20.0,2000000144_00001,2018-02-13T09:57:00.000Z,Record Goods Receipt
user_006,20.0,2000000144_00001,2018-02-13T16:31:00.000Z,Remove Payment Block
user_002,20.0,2000000144_00001,2018-04-26T09:12:00.000Z,Clear Invoice
batch_00,526.0,2000000144_00002,2018-02-08T13:20:00.000Z,SRM: Created
batch_00,526.0,2000000144_00002,2018-02-08T14:20:00.000Z,SRM: Complete
batch_00,526.0,2000000144_00002,2018-02-08T14:20:00.000Z,SRM: Awaiting Approval
batch_00,526.0,2000000144_00002,2018-02-08T14:20:00.000Z,SRM: Document Completed
batch_00,526.0,2000000144_00002,2018-02-08T14:20:00.000Z,SRM: Ordered
batch_00,526.0,2000000144_00002,2018-02-08T14:20:00.000Z,SRM: In Transfer to Execution Syst.
batch_00,526.0,2000000144_00002,2018-02-08T14:20:00.000Z,SRM: Change was Transmitted
user_000,526.0,2000000144_00002,2018-02-08T14:20:00.000Z,Create Purchase Order Item
user_000,526.0,2000000144_00002,2018-02-13T09:57:00.000Z,Record Goods Receipt
NONE,526.0,2000000144_00002,2018-02-13T22:59:00.000Z,Vendor creates invoice
user_013,526.0,2000000144_00002,2018-03-10T07:26:00.000Z,Record Invoice Receipt
user_002,526.0,2000000144_00002,2018-04-26T09:12:00.000Z,Clear Invoice
batch_00,62.0,2000000145_00001,2018-02-08T13:21:00.000Z,SRM: Created
batch_00,62.0,2000000145_00001,2018-02-08T14:21:00.000Z,SRM: Complete
batch_00,62.0,2000000145_00001,2018-02-08T14:21:00.000Z,SRM: Awaiting Approval
batch_00,62.0,2000000145_00001,2018-02-08T14:21:00.000Z,SRM: Document Completed
batch_00,62.0,2000000145_00001,2018-02-08T14:21:00.000Z,SRM: In Transfer to Execution Syst.
batch_00,62.0,2000000145_00001,2018-02-08T14:21:00.000Z,SRM: Ordered
batch_00,62.0,2000000145_00001,2018-02-08T14:21:00.000Z,SRM: Change was Transmitted
user_000,62.0,2000000145_00001,2018-02-08T14:21:00.000Z,Create Purchase Order Item
user_018,62.0,2000000145_00001,2018-02-12T11:55:00.000Z,Record Invoice Receipt
NONE,62.0,2000000145_00001,2018-02-12T22:59:00.000Z,Vendor creates invoice
user_000,62.0,2000000145_00001,2018-02-13T09:56:00.000Z,Record Goods Receipt
user_006,62.0,2000000145_00001,2018-02-13T16:31:00.000Z,Remove Payment Block
user_002,62.0,2000000145_00001,2018-04-26T09:12:00.000Z,Clear Invoice
batch_00,423.0,2000000146_00001,2018-02-08T13:28:00.000Z,SRM: Created
batch_00,423.0,2000000146_00001,2018-02-08T14:28:00.000Z,SRM: Complete
batch_00,423.0,2000000146_00001,2018-02-08T14:28:00.000Z,SRM: Awaiting Approval
batch_00,423.0,2000000146_00001,2018-02-08T14:28:00.000Z,SRM: Document Completed
batch_00,423.0,2000000146_00001,2018-02-08T14:28:00.000Z,SRM: Ordered
batch_00,423.0,2000000146_00001,2018-02-08T14:28:00.000Z,SRM: In Transfer to Execution Syst.
batch_00,423.0,2000000146_00001,2018-02-08T14:28:00.000Z,SRM: Change was Transmitted
user_000,423.0,2000000146_00001,2018-02-08T14:28:00.000Z,Create Purchase Order Item
NONE,423.0,2000000146_00001,2018-02-19T22:59:00.000Z,Vendor creates invoice
user_016,423.0,2000000146_00001,2018-02-27T14:26:00.000Z,SRM: Created
user_016,423.0,2000000146_00001,2018-02-27T15:28:00.000Z,SRM: Complete
user_016,423.0,2000000146_00001,2018-02-27T15:28:00.000Z,SRM: Awaiting Approval
user_016,423.0,2000000146_00001,2018-02-27T15:28:00.000Z,SRM: Document Completed
user_016,423.0,2000000146_00001,2018-02-27T15:29:00.000Z,SRM: Created
batch_00,423.0,2000000146_00001,2018-02-27T15:53:00.000Z,SRM: Ordered
batch_00,423.0,2000000146_00001,2018-02-27T15:53:00.000Z,SRM: In Transfer to Execution Syst.
batch_00,423.0,2000000146_00001,2018-02-27T15:53:00.000Z,SRM: Deleted
user_000,423.0,2000000146_00001,2018-02-27T15:53:00.000Z,Change Price
user_016,423.0,2000000146_00001,2018-02-27T16:29:00.000Z,SRM: Complete
user_016,423.0,2000000146_00001,2018-02-27T16:29:00.000Z,SRM: Awaiting Approval
user_016,423.0,2000000146_00001,2018-02-27T16:29:00.000Z,SRM: Document Completed
batch_00,423.0,2000000146_00001,2018-02-27T16:29:00.000Z,SRM: Ordered
batch_00,423.0,2000000146_00001,2018-02-27T16:29:00.000Z,SRM: In Transfer to Execution Syst.
batch_00,423.0,2000000146_00001,2018-02-27T16:29:00.000Z,SRM: Deleted
user_000,423.0,2000000146_00001,2018-02-27T16:29:00.000Z,Change Price
user_000,423.0,2000000146_00001,2018-02-27T16:29:00.000Z,Change Quantity
user_000,423.0,2000000146_00001,2018-03-05T08:55:00.000Z,Record Goods Receipt
user_012,423.0,2000000146_00001,2018-03-13T13:53:00.000Z,Record Invoice Receipt
user_002,423.0,2000000146_00001,2018-04-05T13:50:00.000Z,Clear Invoice
batch_00,67.0,2000000147_00001,2018-02-08T13:19:00.000Z,SRM: Created
batch_00,67.0,2000000147_00001,2018-02-08T14:19:00.000Z,SRM: Complete
batch_00,67.0,2000000147_00001,2018-02-08T14:19:00.000Z,SRM: Awaiting Approval
batch_00,67.0,2000000147_00001,2018-02-08T14:19:00.000Z,SRM: Document Completed
batch_00,67.0,2000000147_00001,2018-02-08T14:19:00.000Z,SRM: In Transfer to Execution Syst.
batch_00,67.0,2000000147_00001,2018-02-08T14:19:00.000Z,SRM: Ordered
batch_00,67.0,2000000147_00001,2018-02-08T14:19:00.000Z,SRM: Change was Transmitted
user_000,67.0,2000000147_00001,2018-02-08T14:19:00.000Z,Create Purchase Order Item
NONE,67.0,2000000147_00001,2018-02-08T22:59:00.000Z,Vendor creates invoice
user_000,67.0,2000000147_00001,2018-02-12T16:03:00.000Z,Record Goods Receipt
NONE,67.0,2000000147_00001,2018-02-12T16:03:00.000Z,Record Service Entry Sheet
user_007,67.0,2000000147_00001,2018-03-15T16:44:00.000Z,Record Invoice Receipt
user_002,67.0,2000000147_00001,2018-04-05T13:49:00.000Z,Clear Invoice
batch_00,24.0,2000000148_00001,2018-02-08T13:22:00.000Z,SRM: Created
batch_00,24.0,2000000148_00001,2018-02-08T14:22:00.000Z,SRM: Complete
batch_00,24.0,2000000148_00001,2018-02-08T14:22:00.000Z,SRM: Awaiting Approval
batch_00,24.0,2000000148_00001,2018-02-08T14:22:00.000Z,SRM: Document Completed
batch_00,24.0,2000000148_00001,2018-02-08T14:22:00.000Z,SRM: Ordered
batch_00,24.0,2000000148_00001,2018-02-08T14:22:00.000Z,SRM: In Transfer to Execution Syst.
batch_00,24.0,2000000148_00001,2018-02-08T14:22:00.000Z,SRM: Change was Transmitted
user_000,24.0,2000000148_00001,2018-02-08T14:22:00.000Z,Create Purchase Order Item
NONE,24.0,2000000148_00001,2018-02-09T22:59:00.000Z,Vendor creates invoice
user_000,24.0,2000000148_00001,2018-02-13T09:55:00.000Z,Record Goods Receipt
user_007,24.0,2000000148_00001,2018-04-03T12:58:00.000Z,Record Invoice Receipt
user_002,24.0,2000000148_00001,2018-04-26T09:12:00.000Z,Clear Invoice
batch_00,561.0,2000000149_00001,2018-02-08T13:22:00.000Z,SRM: Created
batch_00,561.0,2000000149_00001,2018-02-08T14:22:00.000Z,SRM: Complete
batch_00,561.0,2000000149_00001,2018-02-08T14:22:00.000Z,SRM: Awaiting Approval
batch_00,561.0,2000000149_00001,2018-02-08T14:22:00.000Z,SRM: Document Completed
batch_00,561.0,2000000149_00001,2018-02-08T14:22:00.000Z,SRM: In Transfer to Execution Syst.
batch_00,561.0,2000000149_00001,2018-02-08T14:22:00.000Z,SRM: Ordered
batch_00,561.0,2000000149_00001,2018-02-08T14:22:00.000Z,SRM: Change was Transmitted
user_000,561.0,2000000149_00001,2018-02-08T14:22:00.000Z,Create Purchase Order Item
NONE,561.0,2000000149_00001,2018-02-09T22:59:00.000Z,Vendor creates invoice
user_000,561.0,2000000149_00001,2018-02-13T09:59:00.000Z,Record Goods Receipt
user_007,561.0,2000000149_00001,2018-02-28T16:21:00.000Z,Record Invoice Receipt
user_002,561.0,2000000149_00001,2018-04-05T13:48:00.000Z,Clear Invoice
batch_00,82.0,2000000150_00001,2018-02-08T14:02:00.000Z,SRM: Created
batch_00,82.0,2000000150_00001,2018-02-08T15:02:00.000Z,SRM: Complete
batch_00,82.0,2000000150_00001,2018-02-08T15:02:00.000Z,SRM: Awaiting Approval
batch_00,82.0,2000000150_00001,2018-02-08T15:02:00.000Z,SRM: Document Completed
batch_00,82.0,2000000150_00001,2018-02-08T15:02:00.000Z,SRM: In Transfer to Execution Syst.
batch_00,82.0,2000000150_00001,2018-02-08T15:02:00.000Z,SRM: Change was Transmitted
batch_00,82.0,2000000150_00001,2018-02-08T15:02:00.000Z,SRM: Ordered
user_000,82.0,2000000150_00001,2018-02-08T15:02:00.000Z,Create Purchase Order Item
NONE,82.0,2000000150_00001,2018-02-09T22:59:00.000Z,Vendor creates invoice
user_000,82.0,2000000150_00001,2018-02-26T10:02:00.000Z,Record Goods Receipt
user_007,82.0,2000000150_00001,2018-03-19T15:01:00.000Z,Record Invoice Receipt
user_002,82.0,2000000150_00001,2018-04-05T13:49:00.000Z,Clear Invoice
batch_00,82.0,2000000150_00002,2018-02-08T14:02:00.000Z,SRM: Created
batch_00,82.0,2000000150_00002,2018-02-08T15:02:00.000Z,SRM: Complete
batch_00,82.0,2000000150_00002,2018-02-08T15:02:00.000Z,SRM: Awaiting Approval
batch_00,82.0,2000000150_00002,2018-02-08T15:02:00.000Z,SRM: Document Completed
batch_00,82.0,2000000150_00002,2018-02-08T15:02:00.000Z,SRM: In Transfer to Execution Syst.
batch_00,82.0,2000000150_00002,2018-02-08T15:02:00.000Z,SRM: Change was Transmitted
batch_00,82.0,2000000150_00002,2018-02-08T15:02:00.000Z,SRM: Ordered
user_000,82.0,2000000150_00002,2018-02-08T15:02:00.000Z,Create Purchase Order Item
NONE,82.0,2000000150_00002,2018-02-09T22:59:00.000Z,Vendor creates invoice
user_000,82.0,2000000150_00002,2018-02-26T10:02:00.000Z,Record Goods Receipt
user_007,82.0,2000000150_00002,2018-03-19T15:01:00.000Z,Record Invoice Receipt
user_002,82.0,2000000150_00002,2018-04-05T13:49:00.000Z,Clear Invoice
batch_00,56.0,2000000150_00003,2018-02-08T14:02:00.000Z,SRM: Created
batch_00,56.0,2000000150_00003,2018-02-08T15:02:00.000Z,SRM: Complete
batch_00,56.0,2000000150_00003,2018-02-08T15:02:00.000Z,SRM: Awaiting Approval
batch_00,56.0,2000000150_00003,2018-02-08T15:02:00.000Z,SRM: Document Completed
batch_00,56.0,2000000150_00003,2018-02-08T15:02:00.000Z,SRM: In Transfer to Execution Syst.
batch_00,56.0,2000000150_00003,2018-02-08T15:02:00.000Z,SRM: Ordered
batch_00,56.0,2000000150_00003,2018-02-08T15:02:00.000Z,SRM: Change was Transmitted
user_000,56.0,2000000150_00003,2018-02-08T15:02:00.000Z,Create Purchase Order Item
NONE,56.0,2000000150_00003,2018-02-09T22:59:00.000Z,Vendor creates invoice
user_000,56.0,2000000150_00003,2018-02-26T10:02:00.000Z,Record Goods Receipt
user_007,56.0,2000000150_00003,2018-03-19T15:01:00.000Z,Record Invoice Receipt
user_002,56.0,2000000150_00003,2018-04-05T13:49:00.000Z,Clear Invoice
batch_00,56.0,2000000150_00004,2018-02-08T14:02:00.000Z,SRM: Created
batch_00,56.0,2000000150_00004,2018-02-08T15:02:00.000Z,SRM: Complete
batch_00,56.0,2000000150_00004,2018-02-08T15:02:00.000Z,SRM: Awaiting Approval
batch_00,56.0,2000000150_00004,2018-02-08T15:02:00.000Z,SRM: Document Completed
batch_00,56.0,2000000150_00004,2018-02-08T15:02:00.000Z,SRM: In Transfer to Execution Syst.
batch_00,56.0,2000000150_00004,2018-02-08T15:02:00.000Z,SRM: Ordered
batch_00,56.0,2000000150_00004,2018-02-08T15:02:00.000Z,SRM: Change was Transmitted
user_000,56.0,2000000150_00004,2018-02-08T15:02:00.000Z,Create Purchase Order Item
NONE,56.0,2000000150_00004,2018-02-09T22:59:00.000Z,Vendor creates invoice
user_000,56.0,2000000150_00004,2018-02-26T10:02:00.000Z,Record Goods Receipt
user_007,56.0,2000000150_00004,2018-03-19T15:01:00.000Z,Record Invoice Receipt
user_002,56.0,2000000150_00004,2018-04-05T13:49:00.000Z,Clear Invoice
batch_00,23.0,2000000150_00005,2018-02-08T14:02:00.000Z,SRM: Created
batch_00,23.0,2000000150_00005,2018-02-08T15:02:00.000Z,SRM: Complete
batch_00,23.0,2000000150_00005,2018-02-08T15:02:00.000Z,SRM: Awaiting Approval
batch_00,23.0,2000000150_00005,2018-02-08T15:02:00.000Z,SRM: Document Completed
batch_00,23.0,2000000150_00005,2018-02-08T15:02:00.000Z,SRM: In Transfer to Execution Syst.
batch_00,23.0,2000000150_00005,2018-02-08T15:02:00.000Z,SRM: Change was Transmitted
batch_00,23.0,2000000150_00005,2018-02-08T15:02:00.000Z,SRM: Ordered
user_000,23.0,2000000150_00005,2018-02-08T15:02:00.000Z,Create Purchase Order Item
NONE,23.0,2000000150_00005,2018-02-09T22:59:00.000Z,Vendor creates invoice
user_000,23.0,2000000150_00005,2018-02-26T10:02:00.000Z,Record Goods Receipt
user_007,23.0,2000000150_00005,2018-03-19T15:01:00.000Z,Record Invoice Receipt
user_002,23.0,2000000150_00005,2018-04-05T13:49:00.000Z,Clear Invoice
batch_00,49.0,2000000150_00006,2018-02-08T14:02:00.000Z,SRM: Created
batch_00,49.0,2000000150_00006,2018-02-08T15:02:00.000Z,SRM: Complete
batch_00,49.0,2000000150_00006,2018-02-08T15:02:00.000Z,SRM: Awaiting Approval
batch_00,49.0,2000000150_00006,2018-02-08T15:02:00.000Z,SRM: Document Completed
batch_00,49.0,2000000150_00006,2018-02-08T15:02:00.000Z,SRM: In Transfer to Execution Syst.
batch_00,49.0,2000000150_00006,2018-02-08T15:02:00.000Z,SRM: Change was Transmitted
batch_00,49.0,2000000150_00006,2018-02-08T15:02:00.000Z,SRM: Ordered
user_000,49.0,2000000150_00006,2018-02-08T15:02:00.000Z,Create Purchase Order Item
NONE,49.0,2000000150_00006,2018-02-09T22:59:00.000Z,Vendor creates invoice
user_000,49.0,2000000150_00006,2018-02-26T10:02:00.000Z,Record Goods Receipt
user_007,49.0,2000000150_00006,2018-03-19T15:01:00.000Z,Record Invoice Receipt
user_002,49.0,2000000150_00006,2018-04-05T13:49:00.000Z,Clear Invoice
batch_00,19.0,2000000150_00007,2018-02-08T14:02:00.000Z,SRM: Created
batch_00,19.0,2000000150_00007,2018-02-08T15:02:00.000Z,SRM: Complete
batch_00,19.0,2000000150_00007,2018-02-08T15:02:00.000Z,SRM: Awaiting Approval
batch_00,19.0,2000000150_00007,2018-02-08T15:02:00.000Z,SRM: Document Completed
batch_00,19.0,2000000150_00007,2018-02-08T15:02:00.000Z,SRM: In Transfer to Execution Syst.
batch_00,19.0,2000000150_00007,2018-02-08T15:02:00.000Z,SRM: Change was Transmitted
batch_00,19.0,2000000150_00007,2018-02-08T15:02:00.000Z,SRM: Ordered
user_000,19.0,2000000150_00007,2018-02-08T15:02:00.000Z,Create Purchase Order Item
NONE,19.0,2000000150_00007,2018-02-09T22:59:00.000Z,Vendor creates invoice
user_000,19.0,2000000150_00007,2018-02-26T10:02:00.000Z,Record Goods Receipt
user_007,19.0,2000000150_00007,2018-03-19T15:01:00.000Z,Record Invoice Receipt
user_002,19.0,2000000150_00007,2018-04-05T13:49:00.000Z,Clear Invoice
batch_00,31.0,2000000150_00008,2018-02-08T14:02:00.000Z,SRM: Created
batch_00,31.0,2000000150_00008,2018-02-08T15:02:00.000Z,SRM: Complete
batch_00,31.0,2000000150_00008,2018-02-08T15:02:00.000Z,SRM: Awaiting Approval
batch_00,31.0,2000000150_00008,2018-02-08T15:02:00.000Z,SRM: Document Completed
batch_00,31.0,2000000150_00008,2018-02-08T15:02:00.000Z,SRM: In Transfer to Execution Syst.
batch_00,31.0,2000000150_00008,2018-02-08T15:02:00.000Z,SRM: Change was Transmitted
batch_00,31.0,2000000150_00008,2018-02-08T15:02:00.000Z,SRM: Ordered
user_000,31.0,2000000150_00008,2018-02-08T15:02:00.000Z,Create Purchase Order Item
NONE,31.0,2000000150_00008,2018-02-09T22:59:00.000Z,Vendor creates invoice
user_000,31.0,2000000150_00008,2018-02-26T10:02:00.000Z,Record Goods Receipt
user_007,31.0,2000000150_00008,2018-03-19T15:01:00.000Z,Record Invoice Receipt
user_002,31.0,2000000150_00008,2018-04-05T13:49:00.000Z,Clear Invoice
batch_00,24.0,2000000150_00009,2018-02-08T14:02:00.000Z,SRM: Created
batch_00,24.0,2000000150_00009,2018-02-08T15:02:00.000Z,SRM: Complete
batch_00,24.0,2000000150_00009,2018-02-08T15:02:00.000Z,SRM: Awaiting Approval
batch_00,24.0,2000000150_00009,2018-02-08T15:02:00.000Z,SRM: Document Completed
batch_00,24.0,2000000150_00009,2018-02-08T15:02:00.000Z,SRM: In Transfer to Execution Syst.
batch_00,24.0,2000000150_00009,2018-02-08T15:02:00.000Z,SRM: Ordered
batch_00,24.0,2000000150_00009,2018-02-08T15:02:00.000Z,SRM: Change was Transmitted
user_000,24.0,2000000150_00009,2018-02-08T15:02:00.000Z,Create Purchase Order Item
NONE,24.0,2000000150_00009,2018-02-09T22:59:00.000Z,Vendor creates invoice
user_000,24.0,2000000150_00009,2018-02-26T10:02:00.000Z,Record Goods Receipt
user_007,24.0,2000000150_00009,2018-03-19T15:01:00.000Z,Record Invoice Receipt
user_002,24.0,2000000150_00009,2018-04-05T13:49:00.000Z,Clear Invoice
batch_00,3117.0,2000000151_00001,2018-02-08T15:12:00.000Z,SRM: Created
batch_00,3117.0,2000000151_00001,2018-02-08T16:12:00.000Z,SRM: Complete
batch_00,3117.0,2000000151_00001,2018-02-08T16:12:00.000Z,SRM: Awaiting Approval
batch_00,3117.0,2000000151_00001,2018-02-08T16:12:00.000Z,SRM: Document Completed
batch_00,3117.0,2000000151_00001,2018-02-08T16:12:00.000Z,SRM: In Transfer to Execution Syst.
batch_00,3117.0,2000000151_00001,2018-02-08T16:12:00.000Z,SRM: Ordered
batch_00,3117.0,2000000151_00001,2018-02-08T16:12:00.000Z,SRM: Change was Transmitted
user_000,3117.0,2000000151_00001,2018-02-08T16:12:00.000Z,Create Purchase Order Item
NONE,3117.0,2000000151_00001,2018-02-09T22:59:00.000Z,Vendor creates invoice
user_000,3117.0,2000000151_00001,2018-02-23T11:04:00.000Z,Record Goods Receipt
user_015,3117.0,2000000151_00001,2018-03-20T07:10:00.000Z,Record Invoice Receipt
user_002,3117.0,2000000151_00001,2018-04-05T13:50:00.000Z,Clear Invoice
batch_00,199.0,2000000152_00001,2018-02-09T07:56:00.000Z,SRM: Created
batch_00,199.0,2000000152_00001,2018-02-09T08:56:00.000Z,SRM: Complete
batch_00,199.0,2000000152_00001,2018-02-09T08:56:00.000Z,SRM: Awaiting Approval
batch_00,199.0,2000000152_00001,2018-02-09T08:56:00.000Z,SRM: Document Completed
batch_00,199.0,2000000152_00001,2018-02-09T08:56:00.000Z,SRM: Ordered
batch_00,199.0,2000000152_00001,2018-02-09T08:56:00.000Z,SRM: Change was Transmitted
batch_00,199.0,2000000152_00001,2018-02-09T08:56:00.000Z,SRM: In Transfer to Execution Syst.
user_000,199.0,2000000152_00001,2018-02-09T08:56:00.000Z,Create Purchase Order Item
NONE,199.0,2000000152_00001,2018-02-19T22:59:00.000Z,Vendor creates invoice
user_000,199.0,2000000152_00001,2018-03-06T06:53:00.000Z,Record Goods Receipt
user_007,199.0,2000000152_00001,2018-03-19T14:37:00.000Z,Record Invoice Receipt
user_002,199.0,2000000152_00001,2018-04-05T13:48:00.000Z,Clear Invoice
batch_00,55.0,2000000152_00002,2018-02-09T07:56:00.000Z,SRM: Created
batch_00,55.0,2000000152_00002,2018-02-09T08:56:00.000Z,SRM: Complete
batch_00,55.0,2000000152_00002,2018-02-09T08:56:00.000Z,SRM: Awaiting Approval
batch_00,55.0,2000000152_00002,2018-02-09T08:56:00.000Z,SRM: Document Completed
batch_00,55.0,2000000152_00002,2018-02-09T08:56:00.000Z,SRM: Ordered
batch_00,55.0,2000000152_00002,2018-02-09T08:56:00.000Z,SRM: Change was Transmitted
batch_00,55.0,2000000152_00002,2018-02-09T08:56:00.000Z,SRM: In Transfer to Execution Syst.
user_000,55.0,2000000152_00002,2018-02-09T08:56:00.000Z,Create Purchase Order Item
NONE,55.0,2000000152_00002,2018-02-19T22:59:00.000Z,Vendor creates invoice
user_000,55.0,2000000152_00002,2018-03-06T06:53:00.000Z,Record Goods Receipt
user_007,55.0,2000000152_00002,2018-03-19T14:37:00.000Z,Record Invoice Receipt
user_002,55.0,2000000152_00002,2018-04-05T13:48:00.000Z,Clear Invoice
batch_00,69.0,2000000152_00003,2018-02-09T07:56:00.000Z,SRM: Created
batch_00,69.0,2000000152_00003,2018-02-09T08:56:00.000Z,SRM: Complete
batch_00,69.0,2000000152_00003,2018-02-09T08:56:00.000Z,SRM: Awaiting Approval
batch_00,69.0,2000000152_00003,2018-02-09T08:56:00.000Z,SRM: Document Completed
batch_00,69.0,2000000152_00003,2018-02-09T08:56:00.000Z,SRM: Ordered
batch_00,69.0,2000000152_00003,2018-02-09T08:56:00.000Z,SRM: Change was Transmitted
batch_00,69.0,2000000152_00003,2018-02-09T08:56:00.000Z,SRM: In Transfer to Execution Syst.
user_000,69.0,2000000152_00003,2018-02-09T08:56:00.000Z,Create Purchase Order Item
NONE,69.0,2000000152_00003,2018-02-19T22:59:00.000Z,Vendor creates invoice
user_000,69.0,2000000152_00003,2018-03-06T06:53:00.000Z,Record Goods Receipt
user_007,69.0,2000000152_00003,2018-03-19T14:37:00.000Z,Record Invoice Receipt
user_002,69.0,2000000152_00003,2018-04-05T13:48:00.000Z,Clear Invoice
batch_00,12.0,2000000152_00004,2018-02-09T07:56:00.000Z,SRM: Created
batch_00,12.0,2000000152_00004,2018-02-09T08:56:00.000Z,SRM: Complete
batch_00,12.0,2000000152_00004,2018-02-09T08:56:00.000Z,SRM: Awaiting Approval
batch_00,12.0,2000000152_00004,2018-02-09T08:56:00.000Z,SRM: Document Completed
batch_00,12.0,2000000152_00004,2018-02-09T08:56:00.000Z,SRM: Ordered
batch_00,12.0,2000000152_00004,2018-02-09T08:56:00.000Z,SRM: Change was Transmitted
batch_00,12.0,2000000152_00004,2018-02-09T08:56:00.000Z,SRM: In Transfer to Execution Syst.
user_000,12.0,2000000152_00004,2018-02-09T08:56:00.000Z,Create Purchase Order Item
NONE,12.0,2000000152_00004,2018-02-19T22:59:00.000Z,Vendor creates invoice
user_000,12.0,2000000152_00004,2018-03-06T06:53:00.000Z,Record Goods Receipt
user_007,12.0,2000000152_00004,2018-03-19T14:37:00.000Z,Record Invoice Receipt
user_002,12.0,2000000152_00004,2018-04-05T13:48:00.000Z,Clear Invoice
batch_00,189.0,2000000153_00001,2018-02-09T08:48:00.000Z,SRM: Created
batch_00,189.0,2000000153_00001,2018-02-09T09:48:00.000Z,SRM: Complete
batch_00,189.0,2000000153_00001,2018-02-09T09:48:00.000Z,SRM: Awaiting Approval
batch_00,189.0,2000000153_00001,2018-02-09T09:48:00.000Z,SRM: Document Completed
batch_00,189.0,2000000153_00001,2018-02-09T09:48:00.000Z,SRM: In Transfer to Execution Syst.
batch_00,189.0,2000000153_00001,2018-02-09T09:48:00.000Z,SRM: Ordered
batch_00,189.0,2000000153_00001,2018-02-09T09:48:00.000Z,SRM: Change was Transmitted
user_000,189.0,2000000153_00001,2018-02-09T09:48:00.000Z,Create Purchase Order Item
user_000,189.0,2000000153_00001,2018-03-06T06:51:00.000Z,Record Goods Receipt
batch_01,189.0,2000000153_00001,2018-09-06T00:23:00.000Z,Record Invoice Receipt
batch_00,50.0,2000000153_00002,2018-02-09T08:48:00.000Z,SRM: Created
batch_00,50.0,2000000153_00002,2018-02-09T09:48:00.000Z,SRM: Complete
batch_00,50.0,2000000153_00002,2018-02-09T09:48:00.000Z,SRM: Awaiting Approval
batch_00,50.0,2000000153_00002,2018-02-09T09:48:00.000Z,SRM: Document Completed
batch_00,50.0,2000000153_00002,2018-02-09T09:48:00.000Z,SRM: In Transfer to Execution Syst.
batch_00,50.0,2000000153_00002,2018-02-09T09:48:00.000Z,SRM: Ordered
batch_00,50.0,2000000153_00002,2018-02-09T09:48:00.000Z,SRM: Change was Transmitted
user_000,50.0,2000000153_00002,2018-02-09T09:48:00.000Z,Create Purchase Order Item
user_000,50.0,2000000153_00002,2018-03-06T06:51:00.000Z,Record Goods Receipt
batch_01,50.0,2000000153_00002,2018-09-06T00:23:00.000Z,Record Invoice Receipt
batch_00,19.0,2000000153_00003,2018-02-09T08:48:00.000Z,SRM: Created
batch_00,19.0,2000000153_00003,2018-02-09T09:48:00.000Z,SRM: Complete
batch_00,19.0,2000000153_00003,2018-02-09T09:48:00.000Z,SRM: Awaiting Approval
batch_00,19.0,2000000153_00003,2018-02-09T09:48:00.000Z,SRM: Document Completed
batch_00,19.0,2000000153_00003,2018-02-09T09:48:00.000Z,SRM: In Transfer to Execution Syst.
batch_00,19.0,2000000153_00003,2018-02-09T09:48:00.000Z,SRM: Ordered
batch_00,19.0,2000000153_00003,2018-02-09T09:48:00.000Z,SRM: Change was Transmitted
user_000,19.0,2000000153_00003,2018-02-09T09:48:00.000Z,Create Purchase Order Item
user_000,19.0,2000000153_00003,2018-03-06T06:51:00.000Z,Record Goods Receipt
batch_01,19.0,2000000153_00003,2018-09-06T00:23:00.000Z,Record Invoice Receipt
batch_00,19.0,2000000153_00004,2018-02-09T08:48:00.000Z,SRM: Created
batch_00,19.0,2000000153_00004,2018-02-09T09:48:00.000Z,SRM: Complete
batch_00,19.0,2000000153_00004,2018-02-09T09:48:00.000Z,SRM: Awaiting Approval
batch_00,19.0,2000000153_00004,2018-02-09T09:48:00.000Z,SRM: Document Completed
batch_00,19.0,2000000153_00004,2018-02-09T09:48:00.000Z,SRM: In Transfer to Execution Syst.
batch_00,19.0,2000000153_00004,2018-02-09T09:48:00.000Z,SRM: Ordered
batch_00,19.0,2000000153_00004,2018-02-09T09:48:00.000Z,SRM: Change was Transmitted
user_000,19.0,2000000153_00004,2018-02-09T09:48:00.000Z,Create Purchase Order Item
user_000,19.0,2000000153_00004,2018-03-06T06:51:00.000Z,Record Goods Receipt
batch_01,19.0,2000000153_00004,2018-09-06T00:23:00.000Z,Record Invoice Receipt
batch_00,19.0,2000000153_00005,2018-02-09T08:48:00.000Z,SRM: Created
batch_00,19.0,2000000153_00005,2018-02-09T09:48:00.000Z,SRM: Complete
batch_00,19.0,2000000153_00005,2018-02-09T09:48:00.000Z,SRM: Awaiting Approval
batch_00,19.0,2000000153_00005,2018-02-09T09:48:00.000Z,SRM: Document Completed
batch_00,19.0,2000000153_00005,2018-02-09T09:48:00.000Z,SRM: In Transfer to Execution Syst.
batch_00,19.0,2000000153_00005,2018-02-09T09:48:00.000Z,SRM: Ordered
batch_00,19.0,2000000153_00005,2018-02-09T09:48:00.000Z,SRM: Change was Transmitted
user_000,19.0,2000000153_00005,2018-02-09T09:48:00.000Z,Create Purchase Order Item
user_000,19.0,2000000153_00005,2018-03-06T06:51:00.000Z,Record Goods Receipt
batch_01,19.0,2000000153_00005,2018-09-06T00:23:00.000Z,Record Invoice Receipt
batch_00,19.0,2000000153_00006,2018-02-09T08:48:00.000Z,SRM: Created
batch_00,19.0,2000000153_00006,2018-02-09T09:48:00.000Z,SRM: Complete
batch_00,19.0,2000000153_00006,2018-02-09T09:48:00.000Z,SRM: Awaiting Approval
batch_00,19.0,2000000153_00006,2018-02-09T09:48:00.000Z,SRM: Document Completed
batch_00,19.0,2000000153_00006,2018-02-09T09:48:00.000Z,SRM: In Transfer to Execution Syst.
batch_00,19.0,2000000153_00006,2018-02-09T09:48:00.000Z,SRM: Ordered
batch_00,19.0,2000000153_00006,2018-02-09T09:48:00.000Z,SRM: Change was Transmitted
user_000,19.0,2000000153_00006,2018-02-09T09:48:00.000Z,Create Purchase Order Item
user_000,19.0,2000000153_00006,2018-03-06T06:51:00.000Z,Record Goods Receipt
batch_01,19.0,2000000153_00006,2018-09-06T00:23:00.000Z,Record Invoice Receipt
batch_00,12.0,2000000153_00007,2018-02-09T08:48:00.000Z,SRM: Created
batch_00,12.0,2000000153_00007,2018-02-09T09:48:00.000Z,SRM: Complete
batch_00,12.0,2000000153_00007,2018-02-09T09:48:00.000Z,SRM: Awaiting Approval
batch_00,12.0,2000000153_00007,2018-02-09T09:48:00.000Z,SRM: Document Completed
batch_00,12.0,2000000153_00007,2018-02-09T09:48:00.000Z,SRM: In Transfer to Execution Syst.
batch_00,12.0,2000000153_00007,2018-02-09T09:48:00.000Z,SRM: Ordered
batch_00,12.0,2000000153_00007,2018-02-09T09:48:00.000Z,SRM: Change was Transmitted
user_000,12.0,2000000153_00007,2018-02-09T09:48:00.000Z,Create Purchase Order Item
user_000,12.0,2000000153_00007,2018-03-06T06:51:00.000Z,Record Goods Receipt
batch_01,12.0,2000000153_00007,2018-09-06T00:23:00.000Z,Record Invoice Receipt
batch_00,12.0,2000000153_00008,2018-02-09T08:48:00.000Z,SRM: Created
batch_00,12.0,2000000153_00008,2018-02-09T09:48:00.000Z,SRM: Complete
batch_00,12.0,2000000153_00008,2018-02-09T09:48:00.000Z,SRM: Awaiting Approval
batch_00,12.0,2000000153_00008,2018-02-09T09:48:00.000Z,SRM: Document Completed
batch_00,12.0,2000000153_00008,2018-02-09T09:48:00.000Z,SRM: In Transfer to Execution Syst.
batch_00,12.0,2000000153_00008,2018-02-09T09:48:00.000Z,SRM: Ordered
batch_00,12.0,2000000153_00008,2018-02-09T09:48:00.000Z,SRM: Change was Transmitted
user_000,12.0,2000000153_00008,2018-02-09T09:48:00.000Z,Create Purchase Order Item
user_000,12.0,2000000153_00008,2018-03-06T06:51:00.000Z,Record Goods Receipt
batch_01,12.0,2000000153_00008,2018-09-06T00:23:00.000Z,Record Invoice Receipt
batch_00,40.0,2000000153_00009,2018-02-09T08:48:00.000Z,SRM: Created
batch_00,40.0,2000000153_00009,2018-02-09T09:48:00.000Z,SRM: Complete
batch_00,40.0,2000000153_00009,2018-02-09T09:48:00.000Z,SRM: Awaiting Approval
batch_00,40.0,2000000153_00009,2018-02-09T09:48:00.000Z,SRM: Document Completed
batch_00,40.0,2000000153_00009,2018-02-09T09:48:00.000Z,SRM: In Transfer to Execution Syst.
batch_00,40.0,2000000153_00009,2018-02-09T09:48:00.000Z,SRM: Ordered
batch_00,40.0,2000000153_00009,2018-02-09T09:48:00.000Z,SRM: Change was Transmitted
user_000,40.0,2000000153_00009,2018-02-09T09:48:00.000Z,Create Purchase Order Item
user_000,40.0,2000000153_00009,2018-03-06T06:51:00.000Z,Record Goods Receipt
batch_01,40.0,2000000153_00009,2018-09-06T00:23:00.000Z,Record Invoice Receipt
batch_00,40.0,2000000153_00010,2018-02-09T08:48:00.000Z,SRM: Created
batch_00,40.0,2000000153_00010,2018-02-09T09:48:00.000Z,SRM: Complete
batch_00,40.0,2000000153_00010,2018-02-09T09:48:00.000Z,SRM: Awaiting Approval
batch_00,40.0,2000000153_00010,2018-02-09T09:48:00.000Z,SRM: Document Completed
batch_00,40.0,2000000153_00010,2018-02-09T09:48:00.000Z,SRM: In Transfer to Execution Syst.
batch_00,40.0,2000000153_00010,2018-02-09T09:48:00.000Z,SRM: Ordered
batch_00,40.0,2000000153_00010,2018-02-09T09:48:00.000Z,SRM: Change was Transmitted
user_000,40.0,2000000153_00010,2018-02-09T09:48:00.000Z,Create Purchase Order Item
user_000,40.0,2000000153_00010,2018-03-06T06:51:00.000Z,Record Goods Receipt
batch_01,40.0,2000000153_00010,2018-09-06T00:23:00.000Z,Record Invoice Receipt
batch_00,3109.0,2000000154_00001,2018-02-12T08:10:00.000Z,SRM: Created
batch_00,3109.0,2000000154_00001,2018-02-12T09:10:00.000Z,SRM: Complete
batch_00,3109.0,2000000154_00001,2018-02-12T09:10:00.000Z,SRM: Awaiting Approval
batch_00,3109.0,2000000154_00001,2018-02-12T09:10:00.000Z,SRM: Document Completed
batch_00,3109.0,2000000154_00001,2018-02-12T09:10:00.000Z,SRM: In Transfer to Execution Syst.
batch_00,3109.0,2000000154_00001,2018-02-12T09:10:00.000Z,SRM: Ordered
user_000,3109.0,2000000154_00001,2018-02-12T09:10:00.000Z,Create Purchase Order Item
batch_00,3109.0,2000000154_00001,2018-02-12T09:10:00.000Z,SRM: Change was Transmitted
user_000,3109.0,2000000154_00001,2018-02-12T11:08:00.000Z,Record Goods Receipt
NONE,3109.0,2000000154_00001,2018-02-12T11:08:00.000Z,Record Service Entry Sheet
NONE,3109.0,2000000154_00001,2018-02-12T22:59:00.000Z,Vendor creates invoice
user_013,3109.0,2000000154_00001,2018-03-13T16:59:00.000Z,Record Invoice Receipt
user_002,3109.0,2000000154_00001,2018-04-05T13:51:00.000Z,Clear Invoice
batch_00,15.0,2000000155_00001,2018-02-12T10:14:00.000Z,SRM: Created
batch_00,15.0,2000000155_00001,2018-02-12T11:14:00.000Z,SRM: Complete
batch_00,15.0,2000000155_00001,2018-02-12T11:14:00.000Z,SRM: Awaiting Approval
batch_00,15.0,2000000155_00001,2018-02-12T11:14:00.000Z,SRM: Document Completed
batch_00,15.0,2000000155_00001,2018-02-12T11:14:00.000Z,SRM: In Transfer to Execution Syst.
batch_00,15.0,2000000155_00001,2018-02-12T11:14:00.000Z,SRM: Ordered
batch_00,15.0,2000000155_00001,2018-02-12T11:14:00.000Z,SRM: Change was Transmitted
user_000,15.0,2000000155_00001,2018-02-12T11:14:00.000Z,Create Purchase Order Item
NONE,15.0,2000000155_00001,2018-02-12T22:59:00.000Z,Vendor creates invoice
user_000,15.0,2000000155_00001,2018-02-15T10:20:00.000Z,Record Goods Receipt
user_011,15.0,2000000155_00001,2018-03-21T16:20:00.000Z,Record Invoice Receipt
user_002,15.0,2000000155_00001,2018-04-05T13:48:00.000Z,Clear Invoice
batch_00,389.0,2000000156_00001,2018-02-12T12:07:00.000Z,SRM: Created
batch_00,389.0,2000000156_00001,2018-02-12T13:07:00.000Z,SRM: Complete
batch_00,389.0,2000000156_00001,2018-02-12T13:07:00.000Z,SRM: Awaiting Approval
batch_00,389.0,2000000156_00001,2018-02-12T13:07:00.000Z,SRM: Document Completed
batch_00,389.0,2000000156_00001,2018-02-12T13:07:00.000Z,SRM: In Transfer to Execution Syst.
batch_00,389.0,2000000156_00001,2018-02-12T13:07:00.000Z,SRM: Ordered
user_000,389.0,2000000156_00001,2018-02-12T13:07:00.000Z,Create Purchase Order Item
batch_00,389.0,2000000156_00001,2018-02-12T13:07:00.000Z,SRM: Change was Transmitted
NONE,389.0,2000000156_00001,2018-02-14T22:59:00.000Z,Vendor creates invoice
user_000,389.0,2000000156_00001,2018-02-20T14:36:00.000Z,Record Goods Receipt
NONE,389.0,2000000156_00001,2018-02-20T14:36:00.000Z,Record Service Entry Sheet
user_001,389.0,2000000156_00001,2018-03-07T10:45:00.000Z,Record Invoice Receipt
user_005,389.0,2000000156_00001,2018-03-08T12:23:00.000Z,Clear Invoice
NONE,987.0,2000000157_00001,2017-03-13T22:59:00.000Z,Vendor creates debit memo
NONE,987.0,2000000157_00001,2017-03-13T22:59:00.000Z,Vendor creates invoice
batch_00,987.0,2000000157_00001,2018-02-12T13:57:00.000Z,SRM: Created
batch_00,987.0,2000000157_00001,2018-02-12T14:57:00.000Z,SRM: Complete
batch_00,987.0,2000000157_00001,2018-02-12T14:57:00.000Z,SRM: Awaiting Approval
batch_00,987.0,2000000157_00001,2018-02-12T14:57:00.000Z,SRM: Document Completed
batch_00,987.0,2000000157_00001,2018-02-12T14:57:00.000Z,SRM: In Transfer to Execution Syst.
batch_00,987.0,2000000157_00001,2018-02-12T14:57:00.000Z,SRM: Ordered
batch_00,987.0,2000000157_00001,2018-02-12T14:57:00.000Z,SRM: Change was Transmitted
user_000,987.0,2000000157_00001,2018-02-12T14:57:00.000Z,Create Purchase Order Item
user_000,987.0,2000000157_00001,2018-02-12T15:13:00.000Z,Record Goods Receipt
user_000,987.0,2000000157_00001,2018-02-19T08:44:00.000Z,Cancel Goods Receipt
user_026,987.0,2000000157_00001,2018-02-19T08:55:00.000Z,SRM: Created
user_026,987.0,2000000157_00001,2018-02-19T09:56:00.000Z,SRM: Complete
user_026,987.0,2000000157_00001,2018-02-19T09:56:00.000Z,SRM: Awaiting Approval
user_026,987.0,2000000157_00001,2018-02-19T09:56:00.000Z,SRM: Document Completed
batch_00,987.0,2000000157_00001,2018-02-19T10:58:00.000Z,SRM: In Transfer to Execution Syst.
batch_00,987.0,2000000157_00001,2018-02-19T10:58:00.000Z,SRM: Ordered
batch_00,987.0,2000000157_00001,2018-02-19T10:58:00.000Z,SRM: Deleted
user_000,987.0,2000000157_00001,2018-02-19T10:58:00.000Z,Change Price
user_000,987.0,2000000157_00001,2018-02-19T11:28:00.000Z,Record Goods Receipt
user_006,987.0,2000000157_00001,2018-03-12T15:49:00.000Z,Record Invoice Receipt
user_006,987.0,2000000157_00001,2018-03-13T15:09:00.000Z,Clear Invoice
user_013,987.0,2000000157_00001,2018-07-20T14:02:00.000Z,Cancel Invoice Receipt
user_013,987.0,2000000157_00001,2018-07-20T14:03:00.000Z,Record Invoice Receipt
user_013,987.0,2000000157_00001,2018-07-20T14:36:00.000Z,Clear Invoice
NONE,987.0,2000000157_00002,2017-04-27T21:59:00.000Z,Vendor creates invoice
NONE,987.0,2000000157_00002,2017-04-27T21:59:00.000Z,Vendor creates debit memo
batch_00,987.0,2000000157_00002,2018-02-12T13:57:00.000Z,SRM: Created
batch_00,987.0,2000000157_00002,2018-02-12T14:57:00.000Z,SRM: Complete
batch_00,987.0,2000000157_00002,2018-02-12T14:57:00.000Z,SRM: Awaiting Approval
batch_00,987.0,2000000157_00002,2018-02-12T14:57:00.000Z,SRM: Document Completed
batch_00,987.0,2000000157_00002,2018-02-12T14:57:00.000Z,SRM: In Transfer to Execution Syst.
batch_00,987.0,2000000157_00002,2018-02-12T14:57:00.000Z,SRM: Ordered
batch_00,987.0,2000000157_00002,2018-02-12T14:57:00.000Z,SRM: Change was Transmitted
user_000,987.0,2000000157_00002,2018-02-12T14:57:00.000Z,Create Purchase Order Item
user_000,987.0,2000000157_00002,2018-02-12T15:13:00.000Z,Record Goods Receipt
user_000,987.0,2000000157_00002,2018-02-19T08:44:00.000Z,Cancel Goods Receipt
user_026,987.0,2000000157_00002,2018-02-19T08:55:00.000Z,SRM: Created
user_026,987.0,2000000157_00002,2018-02-19T09:56:00.000Z,SRM: Complete
user_026,987.0,2000000157_00002,2018-02-19T09:56:00.000Z,SRM: Awaiting Approval
user_026,987.0,2000000157_00002,2018-02-19T09:56:00.000Z,SRM: Document Completed
batch_00,987.0,2000000157_00002,2018-02-19T10:58:00.000Z,SRM: In Transfer to Execution Syst.
batch_00,987.0,2000000157_00002,2018-02-19T10:58:00.000Z,SRM: Ordered
batch_00,987.0,2000000157_00002,2018-02-19T10:58:00.000Z,SRM: Deleted
user_000,987.0,2000000157_00002,2018-02-19T10:58:00.000Z,Change Price
user_000,987.0,2000000157_00002,2018-02-19T11:28:00.000Z,Record Goods Receipt
user_006,987.0,2000000157_00002,2018-03-12T15:43:00.000Z,Record Invoice Receipt
user_006,987.0,2000000157_00002,2018-03-13T15:09:00.000Z,Clear Invoice
user_004,987.0,2000000157_00002,2018-07-20T12:01:00.000Z,Cancel Invoice Receipt
user_004,987.0,2000000157_00002,2018-07-20T12:02:00.000Z,Record Invoice Receipt
user_004,987.0,2000000157_00002,2018-07-20T12:04:00.000Z,Clear Invoice
NONE,997.0,2000000157_00003,2017-05-11T21:59:00.000Z,Vendor creates debit memo
NONE,997.0,2000000157_00003,2017-05-11T21:59:00.000Z,Vendor creates invoice
batch_00,997.0,2000000157_00003,2018-02-12T13:57:00.000Z,SRM: Created
batch_00,997.0,2000000157_00003,2018-02-12T14:57:00.000Z,SRM: Complete
batch_00,997.0,2000000157_00003,2018-02-12T14:57:00.000Z,SRM: Awaiting Approval
batch_00,997.0,2000000157_00003,2018-02-12T14:57:00.000Z,SRM: Document Completed
batch_00,997.0,2000000157_00003,2018-02-12T14:57:00.000Z,SRM: In Transfer to Execution Syst.
batch_00,997.0,2000000157_00003,2018-02-12T14:57:00.000Z,SRM: Ordered
batch_00,997.0,2000000157_00003,2018-02-12T14:57:00.000Z,SRM: Change was Transmitted
user_000,997.0,2000000157_00003,2018-02-12T14:57:00.000Z,Create Purchase Order Item
user_000,997.0,2000000157_00003,2018-02-12T15:13:00.000Z,Record Goods Receipt
user_000,997.0,2000000157_00003,2018-02-19T08:44:00.000Z,Cancel Goods Receipt
user_026,997.0,2000000157_00003,2018-02-19T08:55:00.000Z,SRM: Created
user_026,997.0,2000000157_00003,2018-02-19T09:56:00.000Z,SRM: Complete
user_026,997.0,2000000157_00003,2018-02-19T09:56:00.000Z,SRM: Awaiting Approval
user_026,997.0,2000000157_00003,2018-02-19T09:56:00.000Z,SRM: Document Completed
batch_00,997.0,2000000157_00003,2018-02-19T10:58:00.000Z,SRM: In Transfer to Execution Syst.
batch_00,997.0,2000000157_00003,2018-02-19T10:58:00.000Z,SRM: Ordered
batch_00,997.0,2000000157_00003,2018-02-19T10:58:00.000Z,SRM: Deleted
user_000,997.0,2000000157_00003,2018-02-19T10:58:00.000Z,Change Price
user_000,997.0,2000000157_00003,2018-02-19T11:28:00.000Z,Record Goods Receipt
user_006,997.0,2000000157_00003,2018-03-12T12:15:00.000Z,Record Invoice Receipt
user_002,997.0,2000000157_00003,2018-04-26T09:15:00.000Z,Clear Invoice
user_012,997.0,2000000157_00003,2018-07-20T12:36:00.000Z,Cancel Invoice Receipt
user_012,997.0,2000000157_00003,2018-07-20T12:40:00.000Z,Record Invoice Receipt
user_012,997.0,2000000157_00003,2018-07-20T12:45:00.000Z,Clear Invoice
NONE,997.0,2000000157_00004,2017-06-05T21:59:00.000Z,Vendor creates invoice
batch_00,997.0,2000000157_00004,2018-02-12T13:57:00.000Z,SRM: Created
batch_00,997.0,2000000157_00004,2018-02-12T14:57:00.000Z,SRM: Complete
batch_00,997.0,2000000157_00004,2018-02-12T14:57:00.000Z,SRM: Awaiting Approval
batch_00,997.0,2000000157_00004,2018-02-12T14:57:00.000Z,SRM: Document Completed
batch_00,997.0,2000000157_00004,2018-02-12T14:57:00.000Z,SRM: In Transfer to Execution Syst.
batch_00,997.0,2000000157_00004,2018-02-12T14:57:00.000Z,SRM: Ordered
batch_00,997.0,2000000157_00004,2018-02-12T14:57:00.000Z,SRM: Change was Transmitted
user_000,997.0,2000000157_00004,2018-02-12T14:57:00.000Z,Create Purchase Order Item
user_000,997.0,2000000157_00004,2018-02-12T15:13:00.000Z,Record Goods Receipt
user_000,997.0,2000000157_00004,2018-02-19T08:44:00.000Z,Cancel Goods Receipt
user_026,997.0,2000000157_00004,2018-02-19T08:55:00.000Z,SRM: Created
user_026,997.0,2000000157_00004,2018-02-19T09:56:00.000Z,SRM: Complete
user_026,997.0,2000000157_00004,2018-02-19T09:56:00.000Z,SRM: Awaiting Approval
user_026,997.0,2000000157_00004,2018-02-19T09:56:00.000Z,SRM: Document Completed
batch_00,997.0,2000000157_00004,2018-02-19T10:58:00.000Z,SRM: In Transfer to Execution Syst.
batch_00,997.0,2000000157_00004,2018-02-19T10:58:00.000Z,SRM: Ordered
batch_00,997.0,2000000157_00004,2018-02-19T10:58:00.000Z,SRM: Deleted
user_000,997.0,2000000157_00004,2018-02-19T10:58:00.000Z,Change Price
user_000,997.0,2000000157_00004,2018-02-19T11:28:00.000Z,Record Goods Receipt
user_006,997.0,2000000157_00004,2018-03-12T12:16:00.000Z,Record Invoice Receipt
user_002,997.0,2000000157_00004,2018-04-26T09:15:00.000Z,Clear Invoice
batch_00,2039.0,2000000158_00001,2018-02-12T16:25:00.000Z,SRM: Created
batch_00,2039.0,2000000158_00001,2018-02-12T17:25:00.000Z,SRM: Complete
batch_00,2039.0,2000000158_00001,2018-02-12T17:25:00.000Z,SRM: Awaiting Approval
batch_00,2039.0,2000000158_00001,2018-02-12T17:25:00.000Z,SRM: Document Completed
batch_00,2039.0,2000000158_00001,2018-02-12T17:26:00.000Z,SRM: In Transfer to Execution Syst.
batch_00,2039.0,2000000158_00001,2018-02-12T17:26:00.000Z,SRM: Ordered
user_000,2039.0,2000000158_00001,2018-02-12T17:26:00.000Z,Create Purchase Order Item
batch_00,2039.0,2000000158_00001,2018-02-12T17:26:00.000Z,SRM: Change was Transmitted
user_000,2039.0,2000000158_00001,2018-02-13T09:40:00.000Z,Record Goods Receipt
NONE,2039.0,2000000158_00001,2018-02-13T09:40:00.000Z,Record Service Entry Sheet
NONE,2039.0,2000000158_00001,2018-02-13T22:59:00.000Z,Vendor creates invoice
user_013,2039.0,2000000158_00001,2018-03-13T16:30:00.000Z,Record Invoice Receipt
user_002,2039.0,2000000158_00001,2018-04-05T13:49:00.000Z,Clear Invoice
user_003,2039.0,2000000158_00001,2019-01-17T11:01:00.000Z,SRM: In Transfer to Execution Syst.
user_000,2039.0,2000000158_00001,2019-01-17T11:01:00.000Z,Change Delivery Indicator
batch_00,147.0,2000000159_00001,2018-02-13T10:45:00.000Z,SRM: Created
batch_00,147.0,2000000159_00001,2018-02-13T11:45:00.000Z,SRM: Complete
batch_00,147.0,2000000159_00001,2018-02-13T11:45:00.000Z,SRM: Awaiting Approval
batch_00,147.0,2000000159_00001,2018-02-13T11:45:00.000Z,SRM: Document Completed
batch_00,147.0,2000000159_00001,2018-02-13T11:45:00.000Z,SRM: In Transfer to Execution Syst.
batch_00,147.0,2000000159_00001,2018-02-13T11:45:00.000Z,SRM: Ordered
batch_00,147.0,2000000159_00001,2018-02-13T11:45:00.000Z,SRM: Change was Transmitted
user_000,147.0,2000000159_00001,2018-02-13T11:45:00.000Z,Create Purchase Order Item
NONE,147.0,2000000159_00001,2018-02-13T22:59:00.000Z,Vendor creates invoice
user_000,147.0,2000000159_00001,2018-02-22T08:35:00.000Z,Record Goods Receipt
user_007,147.0,2000000159_00001,2018-03-15T15:30:00.000Z,Record Invoice Receipt
user_002,147.0,2000000159_00001,2018-04-05T13:48:00.000Z,Clear Invoice
batch_00,30.0,2000000160_00001,2018-02-14T09:37:00.000Z,SRM: Created
batch_00,30.0,2000000160_00001,2018-02-14T10:37:00.000Z,SRM: Complete
batch_00,30.0,2000000160_00001,2018-02-14T10:37:00.000Z,SRM: Awaiting Approval
batch_00,30.0,2000000160_00001,2018-02-14T10:37:00.000Z,SRM: Document Completed
batch_00,30.0,2000000160_00001,2018-02-14T10:37:00.000Z,SRM: Ordered
batch_00,30.0,2000000160_00001,2018-02-14T10:37:00.000Z,SRM: Change was Transmitted
batch_00,30.0,2000000160_00001,2018-02-14T10:37:00.000Z,SRM: In Transfer to Execution Syst.
user_000,30.0,2000000160_00001,2018-02-14T10:37:00.000Z,Create Purchase Order Item
NONE,30.0,2000000160_00001,2018-02-14T22:59:00.000Z,Vendor creates invoice
user_000,30.0,2000000160_00001,2018-03-20T08:06:00.000Z,Record Goods Receipt
user_001,30.0,2000000160_00001,2018-03-20T16:28:00.000Z,Record Invoice Receipt
user_002,30.0,2000000160_00001,2018-04-05T13:49:00.000Z,Clear Invoice
batch_00,54.0,2000000160_00002,2018-02-14T09:37:00.000Z,SRM: Created
batch_00,54.0,2000000160_00002,2018-02-14T10:37:00.000Z,SRM: Complete
batch_00,54.0,2000000160_00002,2018-02-14T10:37:00.000Z,SRM: Awaiting Approval
batch_00,54.0,2000000160_00002,2018-02-14T10:37:00.000Z,SRM: Document Completed
batch_00,54.0,2000000160_00002,2018-02-14T10:37:00.000Z,SRM: Change was Transmitted
batch_00,54.0,2000000160_00002,2018-02-14T10:37:00.000Z,SRM: Ordered
batch_00,54.0,2000000160_00002,2018-02-14T10:37:00.000Z,SRM: In Transfer to Execution Syst.
user_000,54.0,2000000160_00002,2018-02-14T10:37:00.000Z,Create Purchase Order Item
NONE,54.0,2000000160_00002,2018-02-14T22:59:00.000Z,Vendor creates invoice
user_000,54.0,2000000160_00002,2018-03-20T08:06:00.000Z,Record Goods Receipt
user_001,54.0,2000000160_00002,2018-03-20T16:28:00.000Z,Record Invoice Receipt
user_002,54.0,2000000160_00002,2018-04-05T13:49:00.000Z,Clear Invoice
batch_00,4018.0,2000000161_00001,2018-02-14T10:29:00.000Z,SRM: Created
batch_00,4018.0,2000000161_00001,2018-02-14T11:29:00.000Z,SRM: Complete
batch_00,4018.0,2000000161_00001,2018-02-14T11:29:00.000Z,SRM: Awaiting Approval
batch_00,4018.0,2000000161_00001,2018-02-14T11:29:00.000Z,SRM: Document Completed
batch_00,4018.0,2000000161_00001,2018-02-14T11:29:00.000Z,SRM: Ordered
batch_00,4018.0,2000000161_00001,2018-02-14T11:29:00.000Z,SRM: In Transfer to Execution Syst.
user_000,4018.0,2000000161_00001,2018-02-14T11:29:00.000Z,Create Purchase Order Item
batch_00,4018.0,2000000161_00001,2018-02-14T11:29:00.000Z,SRM: Change was Transmitted
NONE,4018.0,2000000161_00001,2018-02-21T22:59:00.000Z,Vendor creates invoice
user_000,4018.0,2000000161_00001,2018-03-22T10:29:00.000Z,Record Goods Receipt
NONE,4018.0,2000000161_00001,2018-03-22T10:29:00.000Z,Record Service Entry Sheet
user_001,4018.0,2000000161_00001,2018-03-22T16:42:00.000Z,Record Invoice Receipt
user_002,4018.0,2000000161_00001,2018-04-05T13:51:00.000Z,Clear Invoice
user_009,4018.0,2000000161_00001,2018-07-31T06:05:00.000Z,SRM: Created
user_009,4018.0,2000000161_00001,2018-07-31T08:05:00.000Z,SRM: Complete
user_009,4018.0,2000000161_00001,2018-07-31T08:05:00.000Z,SRM: Awaiting Approval
user_009,4018.0,2000000161_00001,2018-07-31T08:05:00.000Z,SRM: Document Completed
batch_00,4018.0,2000000161_00001,2018-07-31T08:05:00.000Z,SRM: Ordered
batch_00,4018.0,2000000161_00001,2018-07-31T08:05:00.000Z,SRM: In Transfer to Execution Syst.
batch_00,4018.0,2000000161_00001,2018-07-31T08:05:00.000Z,SRM: Deleted
user_000,4018.0,2000000161_00001,2018-07-31T08:05:00.000Z,Change Delivery Indicator
user_009,4018.0,2000000161_00001,2018-07-31T08:30:00.000Z,SRM: Created
user_009,4018.0,2000000161_00001,2018-07-31T10:31:00.000Z,SRM: Complete
user_009,4018.0,2000000161_00001,2018-07-31T10:31:00.000Z,SRM: Awaiting Approval
user_009,4018.0,2000000161_00001,2018-07-31T10:31:00.000Z,SRM: Document Completed
batch_00,4018.0,2000000161_00001,2018-07-31T10:50:00.000Z,SRM: Ordered
batch_00,4018.0,2000000161_00001,2018-07-31T10:50:00.000Z,SRM: In Transfer to Execution Syst.
batch_00,4018.0,2000000161_00001,2018-07-31T10:50:00.000Z,SRM: Deleted
user_000,4018.0,2000000161_00001,2018-07-31T10:50:00.000Z,Change Price
user_009,4018.0,2000000161_00001,2018-08-01T12:13:00.000Z,SRM: Created
user_009,4018.0,2000000161_00001,2018-08-01T14:14:00.000Z,SRM: Complete
user_009,4018.0,2000000161_00001,2018-08-01T14:14:00.000Z,SRM: Awaiting Approval
user_009,4018.0,2000000161_00001,2018-08-01T14:14:00.000Z,SRM: Document Completed
batch_00,4018.0,2000000161_00001,2018-08-01T14:14:00.000Z,SRM: Ordered
batch_00,4018.0,2000000161_00001,2018-08-01T14:14:00.000Z,SRM: In Transfer to Execution Syst.
batch_00,4018.0,2000000161_00001,2018-08-01T14:14:00.000Z,SRM: Deleted
user_000,4018.0,2000000161_00001,2018-08-01T14:14:00.000Z,Change Delivery Indicator
user_000,4018.0,2000000161_00001,2018-08-01T14:14:00.000Z,Change Price
user_000,4018.0,2000000161_00001,2018-08-01T14:14:00.000Z,Change Final Invoice Indicator
batch_00,39.0,2000000162_00001,2018-02-14T10:33:00.000Z,SRM: Created
batch_00,39.0,2000000162_00001,2018-02-14T11:33:00.000Z,SRM: Complete
batch_00,39.0,2000000162_00001,2018-02-14T11:33:00.000Z,SRM: Awaiting Approval
batch_00,39.0,2000000162_00001,2018-02-14T11:33:00.000Z,SRM: Document Completed
batch_00,39.0,2000000162_00001,2018-02-14T11:33:00.000Z,SRM: Ordered
batch_00,39.0,2000000162_00001,2018-02-14T11:33:00.000Z,SRM: In Transfer to Execution Syst.
batch_00,39.0,2000000162_00001,2018-02-14T11:33:00.000Z,SRM: Change was Transmitted
user_000,39.0,2000000162_00001,2018-02-14T11:33:00.000Z,Create Purchase Order Item
NONE,39.0,2000000162_00001,2018-02-14T22:59:00.000Z,Vendor creates invoice
user_000,39.0,2000000162_00001,2018-02-20T10:44:00.000Z,Record Goods Receipt
user_007,39.0,2000000162_00001,2018-03-19T14:30:00.000Z,Record Invoice Receipt
user_002,39.0,2000000162_00001,2018-04-05T13:49:00.000Z,Clear Invoice
batch_00,30.0,2000000162_00002,2018-02-14T10:33:00.000Z,SRM: Created
batch_00,30.0,2000000162_00002,2018-02-14T11:33:00.000Z,SRM: Complete
batch_00,30.0,2000000162_00002,2018-02-14T11:33:00.000Z,SRM: Awaiting Approval
batch_00,30.0,2000000162_00002,2018-02-14T11:33:00.000Z,SRM: Document Completed
batch_00,30.0,2000000162_00002,2018-02-14T11:33:00.000Z,SRM: Ordered
batch_00,30.0,2000000162_00002,2018-02-14T11:33:00.000Z,SRM: In Transfer to Execution Syst.
batch_00,30.0,2000000162_00002,2018-02-14T11:33:00.000Z,SRM: Change was Transmitted
user_000,30.0,2000000162_00002,2018-02-14T11:33:00.000Z,Create Purchase Order Item
NONE,30.0,2000000162_00002,2018-02-14T22:59:00.000Z,Vendor creates invoice
user_000,30.0,2000000162_00002,2018-02-20T10:44:00.000Z,Record Goods Receipt
user_007,30.0,2000000162_00002,2018-03-19T14:30:00.000Z,Record Invoice Receipt
user_002,30.0,2000000162_00002,2018-04-05T13:49:00.000Z,Clear Invoice
batch_00,905.0,2000000163_00001,2018-02-14T13:31:00.000Z,SRM: Created
batch_00,905.0,2000000163_00001,2018-02-14T14:31:00.000Z,SRM: Complete
batch_00,905.0,2000000163_00001,2018-02-14T14:31:00.000Z,SRM: Awaiting Approval
batch_00,905.0,2000000163_00001,2018-02-14T14:31:00.000Z,SRM: Document Completed
batch_00,905.0,2000000163_00001,2018-02-14T14:32:00.000Z,SRM: Ordered
batch_00,905.0,2000000163_00001,2018-02-14T14:32:00.000Z,SRM: Change was Transmitted
batch_00,905.0,2000000163_00001,2018-02-14T14:34:00.000Z,SRM: In Transfer to Execution Syst.
user_000,905.0,2000000163_00001,2018-02-14T14:34:00.000Z,Create Purchase Order Item
NONE,905.0,2000000163_00001,2018-03-23T22:59:00.000Z,Vendor creates invoice
NONE,905.0,2000000163_00001,2018-07-24T05:39:00.000Z,Record Service Entry Sheet
user_000,905.0,2000000163_00001,2018-07-24T05:39:00.000Z,Record Goods Receipt
user_013,905.0,2000000163_00001,2018-08-02T08:19:00.000Z,Record Invoice Receipt
user_002,905.0,2000000163_00001,2018-08-02T14:06:00.000Z,Clear Invoice
batch_00,1441.0,2000000164_00001,2018-02-14T13:59:00.000Z,SRM: Created
batch_00,1441.0,2000000164_00001,2018-02-14T14:59:00.000Z,SRM: Complete
batch_00,1441.0,2000000164_00001,2018-02-14T14:59:00.000Z,SRM: Awaiting Approval
batch_00,1441.0,2000000164_00001,2018-02-14T14:59:00.000Z,SRM: Document Completed
batch_00,1441.0,2000000164_00001,2018-02-14T14:59:00.000Z,SRM: In Transfer to Execution Syst.
batch_00,1441.0,2000000164_00001,2018-02-14T14:59:00.000Z,SRM: Ordered
user_000,1441.0,2000000164_00001,2018-02-14T14:59:00.000Z,Create Purchase Order Item
batch_00,1441.0,2000000164_00001,2018-02-14T14:59:00.000Z,SRM: Change was Transmitted
user_000,1441.0,2000000164_00001,2018-03-06T07:13:00.000Z,Record Goods Receipt
NONE,1441.0,2000000164_00001,2018-03-30T21:59:00.000Z,Vendor creates invoice
user_012,1441.0,2000000164_00001,2018-04-27T15:13:00.000Z,Record Invoice Receipt
user_002,1441.0,2000000164_00001,2018-05-24T11:36:00.000Z,Clear Invoice
batch_00,26.0,2000000165_00001,2018-02-15T11:53:00.000Z,SRM: Created
batch_00,26.0,2000000165_00001,2018-02-15T12:53:00.000Z,SRM: Complete
batch_00,26.0,2000000165_00001,2018-02-15T12:53:00.000Z,SRM: Awaiting Approval
batch_00,26.0,2000000165_00001,2018-02-15T12:53:00.000Z,SRM: Document Completed
batch_00,26.0,2000000165_00001,2018-02-15T12:53:00.000Z,SRM: In Transfer to Execution Syst.
batch_00,26.0,2000000165_00001,2018-02-15T12:53:00.000Z,SRM: Ordered
batch_00,26.0,2000000165_00001,2018-02-15T12:53:00.000Z,SRM: Change was Transmitted
user_000,26.0,2000000165_00001,2018-02-15T12:53:00.000Z,Create Purchase Order Item
user_000,26.0,2000000165_00001,2018-02-26T08:33:00.000Z,Record Goods Receipt
NONE,26.0,2000000165_00001,2018-03-04T22:59:00.000Z,Vendor creates invoice
user_012,26.0,2000000165_00001,2018-03-07T17:14:00.000Z,Record Invoice Receipt
user_002,26.0,2000000165_00001,2018-03-29T13:08:00.000Z,Clear Invoice
batch_00,675.0,2000000166_00001,2018-02-15T11:53:00.000Z,SRM: Created
batch_00,675.0,2000000166_00001,2018-02-15T12:53:00.000Z,SRM: Complete
batch_00,675.0,2000000166_00001,2018-02-15T12:53:00.000Z,SRM: Awaiting Approval
batch_00,675.0,2000000166_00001,2018-02-15T12:53:00.000Z,SRM: Document Completed
batch_00,675.0,2000000166_00001,2018-02-15T12:53:00.000Z,SRM: In Transfer to Execution Syst.
batch_00,675.0,2000000166_00001,2018-02-15T12:53:00.000Z,SRM: Ordered
user_000,675.0,2000000166_00001,2018-02-15T12:53:00.000Z,Create Purchase Order Item
batch_00,675.0,2000000166_00001,2018-02-15T12:53:00.000Z,SRM: Change was Transmitted
user_000,675.0,2000000166_00001,2018-02-26T08:36:00.000Z,Record Goods Receipt
NONE,675.0,2000000166_00001,2018-03-04T22:59:00.000Z,Vendor creates invoice
user_007,675.0,2000000166_00001,2018-03-07T08:10:00.000Z,Record Invoice Receipt
user_002,675.0,2000000166_00001,2018-03-29T13:08:00.000Z,Clear Invoice
batch_00,41.0,2000000167_00001,2018-02-15T12:10:00.000Z,SRM: Created
batch_00,41.0,2000000167_00001,2018-02-15T13:10:00.000Z,SRM: Complete
batch_00,41.0,2000000167_00001,2018-02-15T13:10:00.000Z,SRM: Awaiting Approval
batch_00,41.0,2000000167_00001,2018-02-15T13:10:00.000Z,SRM: Document Completed
batch_00,41.0,2000000167_00001,2018-02-15T13:10:00.000Z,SRM: Ordered
batch_00,41.0,2000000167_00001,2018-02-15T13:10:00.000Z,SRM: In Transfer to Execution Syst.
batch_00,41.0,2000000167_00001,2018-02-15T13:10:00.000Z,SRM: Change was Transmitted
user_000,41.0,2000000167_00001,2018-02-15T13:10:00.000Z,Create Purchase Order Item
NONE,41.0,2000000167_00001,2018-02-16T22:59:00.000Z,Vendor creates invoice
user_000,41.0,2000000167_00001,2018-02-20T12:28:00.000Z,Record Goods Receipt
user_007,41.0,2000000167_00001,2018-02-28T16:59:00.000Z,Record Invoice Receipt
user_002,41.0,2000000167_00001,2018-04-05T13:48:00.000Z,Clear Invoice
batch_00,56.0,2000000167_00002,2018-02-15T12:10:00.000Z,SRM: Created
batch_00,56.0,2000000167_00002,2018-02-15T13:10:00.000Z,SRM: Complete
batch_00,56.0,2000000167_00002,2018-02-15T13:10:00.000Z,SRM: Awaiting Approval
batch_00,56.0,2000000167_00002,2018-02-15T13:10:00.000Z,SRM: Document Completed
batch_00,56.0,2000000167_00002,2018-02-15T13:10:00.000Z,SRM: Ordered
batch_00,56.0,2000000167_00002,2018-02-15T13:10:00.000Z,SRM: In Transfer to Execution Syst.
batch_00,56.0,2000000167_00002,2018-02-15T13:10:00.000Z,SRM: Change was Transmitted
user_000,56.0,2000000167_00002,2018-02-15T13:10:00.000Z,Create Purchase Order Item
NONE,56.0,2000000167_00002,2018-02-16T22:59:00.000Z,Vendor creates invoice
user_000,56.0,2000000167_00002,2018-02-20T12:28:00.000Z,Record Goods Receipt
user_007,56.0,2000000167_00002,2018-02-28T16:59:00.000Z,Record Invoice Receipt
user_002,56.0,2000000167_00002,2018-04-05T13:48:00.000Z,Clear Invoice
batch_00,101.0,2000000167_00003,2018-02-15T12:10:00.000Z,SRM: Created
batch_00,101.0,2000000167_00003,2018-02-15T13:10:00.000Z,SRM: Complete
batch_00,101.0,2000000167_00003,2018-02-15T13:10:00.000Z,SRM: Awaiting Approval
batch_00,101.0,2000000167_00003,2018-02-15T13:10:00.000Z,SRM: Document Completed
batch_00,101.0,2000000167_00003,2018-02-15T13:10:00.000Z,SRM: Ordered
batch_00,101.0,2000000167_00003,2018-02-15T13:10:00.000Z,SRM: In Transfer to Execution Syst.
batch_00,101.0,2000000167_00003,2018-02-15T13:10:00.000Z,SRM: Change was Transmitted
user_000,101.0,2000000167_00003,2018-02-15T13:10:00.000Z,Create Purchase Order Item
NONE,101.0,2000000167_00003,2018-02-16T22:59:00.000Z,Vendor creates invoice
user_000,101.0,2000000167_00003,2018-02-20T12:28:00.000Z,Record Goods Receipt
user_007,101.0,2000000167_00003,2018-02-28T16:59:00.000Z,Record Invoice Receipt
user_002,101.0,2000000167_00003,2018-04-05T13:48:00.000Z,Clear Invoice
batch_00,166.0,2000000168_00001,2018-02-16T10:53:00.000Z,SRM: Created
batch_00,166.0,2000000168_00001,2018-02-16T11:53:00.000Z,SRM: Complete
batch_00,166.0,2000000168_00001,2018-02-16T11:53:00.000Z,SRM: Awaiting Approval
batch_00,166.0,2000000168_00001,2018-02-16T11:53:00.000Z,SRM: Document Completed
batch_00,166.0,2000000168_00001,2018-02-16T11:53:00.000Z,SRM: In Transfer to Execution Syst.
batch_00,166.0,2000000168_00001,2018-02-16T11:53:00.000Z,SRM: Ordered
batch_00,166.0,2000000168_00001,2018-02-16T11:53:00.000Z,SRM: Change was Transmitted
user_000,166.0,2000000168_00001,2018-02-16T11:53:00.000Z,Create Purchase Order Item
NONE,166.0,2000000168_00001,2018-02-16T22:59:00.000Z,Vendor creates invoice
user_000,166.0,2000000168_00001,2018-02-21T12:03:00.000Z,Record Goods Receipt
user_007,166.0,2000000168_00001,2018-04-03T12:13:00.000Z,Record Invoice Receipt
user_002,166.0,2000000168_00001,2018-04-26T09:11:00.000Z,Clear Invoice
batch_00,29.0,2000000168_00002,2018-02-16T10:53:00.000Z,SRM: Created
batch_00,29.0,2000000168_00002,2018-02-16T11:53:00.000Z,SRM: Complete
batch_00,29.0,2000000168_00002,2018-02-16T11:53:00.000Z,SRM: Awaiting Approval
batch_00,29.0,2000000168_00002,2018-02-16T11:53:00.000Z,SRM: Document Completed
batch_00,29.0,2000000168_00002,2018-02-16T11:53:00.000Z,SRM: In Transfer to Execution Syst.
batch_00,29.0,2000000168_00002,2018-02-16T11:53:00.000Z,SRM: Ordered
batch_00,29.0,2000000168_00002,2018-02-16T11:53:00.000Z,SRM: Change was Transmitted
user_000,29.0,2000000168_00002,2018-02-16T11:53:00.000Z,Create Purchase Order Item
NONE,29.0,2000000168_00002,2018-02-16T22:59:00.000Z,Vendor creates invoice
user_000,29.0,2000000168_00002,2018-02-21T12:03:00.000Z,Record Goods Receipt
user_007,29.0,2000000168_00002,2018-04-03T12:13:00.000Z,Record Invoice Receipt
user_002,29.0,2000000168_00002,2018-04-26T09:11:00.000Z,Clear Invoice
batch_00,44.0,2000000169_00001,2018-02-16T10:53:00.000Z,SRM: Created
batch_00,44.0,2000000169_00001,2018-02-16T11:53:00.000Z,SRM: Complete
batch_00,44.0,2000000169_00001,2018-02-16T11:53:00.000Z,SRM: Awaiting Approval
batch_00,44.0,2000000169_00001,2018-02-16T11:53:00.000Z,SRM: Document Completed
batch_00,44.0,2000000169_00001,2018-02-16T11:53:00.000Z,SRM: In Transfer to Execution Syst.
batch_00,44.0,2000000169_00001,2018-02-16T11:53:00.000Z,SRM: Ordered
batch_00,44.0,2000000169_00001,2018-02-16T11:53:00.000Z,SRM: Change was Transmitted
user_000,44.0,2000000169_00001,2018-02-16T11:53:00.000Z,Create Purchase Order Item
NONE,44.0,2000000169_00001,2018-02-16T22:59:00.000Z,Vendor creates invoice
user_000,44.0,2000000169_00001,2018-02-21T12:03:00.000Z,Record Goods Receipt
user_007,44.0,2000000169_00001,2018-03-15T13:06:00.000Z,Record Invoice Receipt
user_002,44.0,2000000169_00001,2018-04-05T13:49:00.000Z,Clear Invoice
batch_00,260.0,2000000169_00002,2018-02-16T10:53:00.000Z,SRM: Created
batch_00,260.0,2000000169_00002,2018-02-16T11:53:00.000Z,SRM: Complete
batch_00,260.0,2000000169_00002,2018-02-16T11:53:00.000Z,SRM: Awaiting Approval
batch_00,260.0,2000000169_00002,2018-02-16T11:53:00.000Z,SRM: Document Completed
batch_00,260.0,2000000169_00002,2018-02-16T11:53:00.000Z,SRM: In Transfer to Execution Syst.
batch_00,260.0,2000000169_00002,2018-02-16T11:53:00.000Z,SRM: Ordered
batch_00,260.0,2000000169_00002,2018-02-16T11:53:00.000Z,SRM: Change was Transmitted
user_000,260.0,2000000169_00002,2018-02-16T11:53:00.000Z,Create Purchase Order Item
NONE,260.0,2000000169_00002,2018-02-16T22:59:00.000Z,Vendor creates invoice
user_000,260.0,2000000169_00002,2018-02-21T12:03:00.000Z,Record Goods Receipt
user_007,260.0,2000000169_00002,2018-03-15T13:06:00.000Z,Record Invoice Receipt
user_002,260.0,2000000169_00002,2018-04-05T13:49:00.000Z,Clear Invoice
batch_00,27.0,2000000169_00003,2018-02-16T10:53:00.000Z,SRM: Created
batch_00,27.0,2000000169_00003,2018-02-16T11:53:00.000Z,SRM: Complete
batch_00,27.0,2000000169_00003,2018-02-16T11:53:00.000Z,SRM: Awaiting Approval
batch_00,27.0,2000000169_00003,2018-02-16T11:53:00.000Z,SRM: Document Completed
batch_00,27.0,2000000169_00003,2018-02-16T11:53:00.000Z,SRM: In Transfer to Execution Syst.
batch_00,27.0,2000000169_00003,2018-02-16T11:53:00.000Z,SRM: Ordered
batch_00,27.0,2000000169_00003,2018-02-16T11:53:00.000Z,SRM: Change was Transmitted
user_000,27.0,2000000169_00003,2018-02-16T11:53:00.000Z,Create Purchase Order Item
NONE,27.0,2000000169_00003,2018-02-16T22:59:00.000Z,Vendor creates invoice
user_000,27.0,2000000169_00003,2018-02-21T12:03:00.000Z,Record Goods Receipt
user_007,27.0,2000000169_00003,2018-03-15T13:06:00.000Z,Record Invoice Receipt
user_002,27.0,2000000169_00003,2018-04-05T13:49:00.000Z,Clear Invoice
batch_00,746.0,2000000170_00001,2018-02-16T10:53:00.000Z,SRM: Created
batch_00,746.0,2000000170_00001,2018-02-16T11:53:00.000Z,SRM: Complete
batch_00,746.0,2000000170_00001,2018-02-16T11:53:00.000Z,SRM: Awaiting Approval
batch_00,746.0,2000000170_00001,2018-02-16T11:53:00.000Z,SRM: Document Completed
batch_00,746.0,2000000170_00001,2018-02-16T11:53:00.000Z,SRM: In Transfer to Execution Syst.
batch_00,746.0,2000000170_00001,2018-02-16T11:53:00.000Z,SRM: Ordered
batch_00,746.0,2000000170_00001,2018-02-16T11:53:00.000Z,SRM: Change was Transmitted
user_000,746.0,2000000170_00001,2018-02-16T11:53:00.000Z,Create Purchase Order Item
NONE,746.0,2000000170_00001,2018-02-23T22:59:00.000Z,Vendor creates invoice
user_000,746.0,2000000170_00001,2018-04-20T07:53:00.000Z,Record Goods Receipt
NONE,746.0,2000000170_00001,2018-04-20T07:53:00.000Z,Record Service Entry Sheet
user_012,746.0,2000000170_00001,2018-08-31T15:10:00.000Z,Record Invoice Receipt
user_002,746.0,2000000170_00001,2018-09-06T12:06:00.000Z,Clear Invoice
batch_00,24240.0,2000000171_00001,2018-02-16T11:17:00.000Z,SRM: Created
batch_00,24240.0,2000000171_00001,2018-02-16T12:17:00.000Z,SRM: Complete
batch_00,24240.0,2000000171_00001,2018-02-16T12:17:00.000Z,SRM: Awaiting Approval
batch_00,24240.0,2000000171_00001,2018-02-16T12:17:00.000Z,SRM: Document Completed
batch_00,24240.0,2000000171_00001,2018-02-16T12:17:00.000Z,SRM: In Transfer to Execution Syst.
batch_00,24240.0,2000000171_00001,2018-02-16T12:17:00.000Z,SRM: Ordered
user_000,24240.0,2000000171_00001,2018-02-16T12:17:00.000Z,Create Purchase Order Item
batch_00,24240.0,2000000171_00001,2018-02-16T12:17:00.000Z,SRM: Change was Transmitted
NONE,24240.0,2000000171_00001,2018-03-21T22:59:00.000Z,Vendor creates invoice
user_000,24240.0,2000000171_00001,2018-04-11T09:44:00.000Z,Record Goods Receipt
NONE,24240.0,2000000171_00001,2018-04-11T09:44:00.000Z,Record Service Entry Sheet
user_012,24240.0,2000000171_00001,2018-04-12T14:57:00.000Z,Record Invoice Receipt
user_002,24240.0,2000000171_00001,2018-05-09T12:12:00.000Z,Clear Invoice
user_003,24240.0,2000000171_00001,2019-01-17T11:01:00.000Z,SRM: In Transfer to Execution Syst.
batch_00,111.0,2000000172_00001,2018-02-16T12:34:00.000Z,SRM: Created
batch_00,111.0,2000000172_00001,2018-02-16T13:34:00.000Z,SRM: Complete
batch_00,111.0,2000000172_00001,2018-02-16T13:34:00.000Z,SRM: Awaiting Approval
batch_00,111.0,2000000172_00001,2018-02-16T13:34:00.000Z,SRM: Document Completed
batch_00,111.0,2000000172_00001,2018-02-16T13:34:00.000Z,SRM: In Transfer to Execution Syst.
batch_00,111.0,2000000172_00001,2018-02-16T13:34:00.000Z,SRM: Ordered
batch_00,111.0,2000000172_00001,2018-02-16T13:34:00.000Z,SRM: Change was Transmitted
user_000,111.0,2000000172_00001,2018-02-16T13:34:00.000Z,Create Purchase Order Item
NONE,111.0,2000000172_00001,2018-02-27T22:59:00.000Z,Vendor creates invoice
NONE,111.0,2000000172_00001,2018-02-27T22:59:00.000Z,Vendor creates debit memo
user_000,111.0,2000000172_00001,2018-02-28T16:10:00.000Z,Record Goods Receipt
user_019,111.0,2000000172_00001,2018-04-05T08:20:00.000Z,Record Invoice Receipt
user_002,111.0,2000000172_00001,2018-04-26T09:11:00.000Z,Clear Invoice
user_001,111.0,2000000172_00001,2018-08-03T09:10:00.000Z,Cancel Invoice Receipt
user_001,111.0,2000000172_00001,2018-08-03T09:12:00.000Z,Record Invoice Receipt
user_001,111.0,2000000172_00001,2018-08-03T09:13:00.000Z,Clear Invoice
batch_00,249.0,2000000172_00002,2018-02-16T12:34:00.000Z,SRM: Created
batch_00,249.0,2000000172_00002,2018-02-16T13:34:00.000Z,SRM: Complete
batch_00,249.0,2000000172_00002,2018-02-16T13:34:00.000Z,SRM: Awaiting Approval
batch_00,249.0,2000000172_00002,2018-02-16T13:34:00.000Z,SRM: Document Completed
batch_00,249.0,2000000172_00002,2018-02-16T13:34:00.000Z,SRM: In Transfer to Execution Syst.
batch_00,249.0,2000000172_00002,2018-02-16T13:34:00.000Z,SRM: Ordered
batch_00,249.0,2000000172_00002,2018-02-16T13:34:00.000Z,SRM: Change was Transmitted
user_000,249.0,2000000172_00002,2018-02-16T13:34:00.000Z,Create Purchase Order Item
NONE,249.0,2000000172_00002,2018-02-27T22:59:00.000Z,Vendor creates debit memo
NONE,249.0,2000000172_00002,2018-02-27T22:59:00.000Z,Vendor creates invoice
user_000,249.0,2000000172_00002,2018-02-28T16:10:00.000Z,Record Goods Receipt
user_019,249.0,2000000172_00002,2018-04-05T08:20:00.000Z,Record Invoice Receipt
user_002,249.0,2000000172_00002,2018-04-26T09:11:00.000Z,Clear Invoice
user_001,249.0,2000000172_00002,2018-08-03T09:10:00.000Z,Cancel Invoice Receipt
user_001,249.0,2000000172_00002,2018-08-03T09:12:00.000Z,Record Invoice Receipt
user_001,249.0,2000000172_00002,2018-08-03T09:13:00.000Z,Clear Invoice
batch_00,19.0,2000000173_00001,2018-02-16T12:34:00.000Z,SRM: Created
batch_00,19.0,2000000173_00001,2018-02-16T13:34:00.000Z,SRM: Complete
batch_00,19.0,2000000173_00001,2018-02-16T13:34:00.000Z,SRM: Awaiting Approval
batch_00,19.0,2000000173_00001,2018-02-16T13:34:00.000Z,SRM: Document Completed
batch_00,19.0,2000000173_00001,2018-02-16T13:34:00.000Z,SRM: In Transfer to Execution Syst.
batch_00,19.0,2000000173_00001,2018-02-16T13:34:00.000Z,SRM: Ordered
batch_00,19.0,2000000173_00001,2018-02-16T13:34:00.000Z,SRM: Change was Transmitted
user_000,19.0,2000000173_00001,2018-02-16T13:34:00.000Z,Create Purchase Order Item
NONE,19.0,2000000173_00001,2018-02-19T22:59:00.000Z,Vendor creates invoice
user_000,19.0,2000000173_00001,2018-02-23T09:39:00.000Z,Record Goods Receipt
user_007,19.0,2000000173_00001,2018-03-19T13:45:00.000Z,Record Invoice Receipt
user_002,19.0,2000000173_00001,2018-04-05T13:49:00.000Z,Clear Invoice
batch_00,5.0,2000000173_00002,2018-02-16T12:34:00.000Z,SRM: Created
batch_00,5.0,2000000173_00002,2018-02-16T13:34:00.000Z,SRM: Complete
batch_00,5.0,2000000173_00002,2018-02-16T13:34:00.000Z,SRM: Awaiting Approval
batch_00,5.0,2000000173_00002,2018-02-16T13:34:00.000Z,SRM: Document Completed
batch_00,5.0,2000000173_00002,2018-02-16T13:34:00.000Z,SRM: In Transfer to Execution Syst.
batch_00,5.0,2000000173_00002,2018-02-16T13:34:00.000Z,SRM: Ordered
batch_00,5.0,2000000173_00002,2018-02-16T13:34:00.000Z,SRM: Change was Transmitted
user_000,5.0,2000000173_00002,2018-02-16T13:34:00.000Z,Create Purchase Order Item
NONE,5.0,2000000173_00002,2018-02-19T22:59:00.000Z,Vendor creates invoice
user_000,5.0,2000000173_00002,2018-02-23T09:39:00.000Z,Record Goods Receipt
user_007,5.0,2000000173_00002,2018-03-19T13:45:00.000Z,Record Invoice Receipt
user_002,5.0,2000000173_00002,2018-04-05T13:49:00.000Z,Clear Invoice
batch_00,2.0,2000000173_00003,2018-02-16T12:34:00.000Z,SRM: Created
batch_00,2.0,2000000173_00003,2018-02-16T13:34:00.000Z,SRM: Complete
batch_00,2.0,2000000173_00003,2018-02-16T13:34:00.000Z,SRM: Awaiting Approval
batch_00,2.0,2000000173_00003,2018-02-16T13:34:00.000Z,SRM: Document Completed
batch_00,2.0,2000000173_00003,2018-02-16T13:34:00.000Z,SRM: In Transfer to Execution Syst.
batch_00,2.0,2000000173_00003,2018-02-16T13:34:00.000Z,SRM: Ordered
batch_00,2.0,2000000173_00003,2018-02-16T13:34:00.000Z,SRM: Change was Transmitted
user_000,2.0,2000000173_00003,2018-02-16T13:34:00.000Z,Create Purchase Order Item
NONE,2.0,2000000173_00003,2018-02-19T22:59:00.000Z,Vendor creates invoice
user_000,2.0,2000000173_00003,2018-02-23T09:39:00.000Z,Record Goods Receipt
user_007,2.0,2000000173_00003,2018-03-19T13:45:00.000Z,Record Invoice Receipt
user_002,2.0,2000000173_00003,2018-04-05T13:49:00.000Z,Clear Invoice
batch_00,10.0,2000000173_00004,2018-02-16T12:34:00.000Z,SRM: Created
batch_00,10.0,2000000173_00004,2018-02-16T13:34:00.000Z,SRM: Complete
batch_00,10.0,2000000173_00004,2018-02-16T13:34:00.000Z,SRM: Awaiting Approval
batch_00,10.0,2000000173_00004,2018-02-16T13:34:00.000Z,SRM: Document Completed
batch_00,10.0,2000000173_00004,2018-02-16T13:34:00.000Z,SRM: In Transfer to Execution Syst.
batch_00,10.0,2000000173_00004,2018-02-16T13:34:00.000Z,SRM: Ordered
batch_00,10.0,2000000173_00004,2018-02-16T13:34:00.000Z,SRM: Change was Transmitted
user_000,10.0,2000000173_00004,2018-02-16T13:34:00.000Z,Create Purchase Order Item
NONE,10.0,2000000173_00004,2018-02-19T22:59:00.000Z,Vendor creates invoice
user_000,10.0,2000000173_00004,2018-02-23T09:39:00.000Z,Record Goods Receipt
user_007,10.0,2000000173_00004,2018-03-19T13:45:00.000Z,Record Invoice Receipt
user_002,10.0,2000000173_00004,2018-04-05T13:49:00.000Z,Clear Invoice
batch_00,16.0,2000000174_00001,2018-02-16T12:34:00.000Z,SRM: Created
batch_00,16.0,2000000174_00001,2018-02-16T13:34:00.000Z,SRM: Complete
batch_00,16.0,2000000174_00001,2018-02-16T13:34:00.000Z,SRM: Awaiting Approval
batch_00,16.0,2000000174_00001,2018-02-16T13:34:00.000Z,SRM: Document Completed
batch_00,16.0,2000000174_00001,2018-02-16T13:34:00.000Z,SRM: In Transfer to Execution Syst.
batch_00,16.0,2000000174_00001,2018-02-16T13:34:00.000Z,SRM: Ordered
batch_00,16.0,2000000174_00001,2018-02-16T13:34:00.000Z,SRM: Change was Transmitted
user_000,16.0,2000000174_00001,2018-02-16T13:34:00.000Z,Create Purchase Order Item
user_010,16.0,2000000174_00001,2018-04-10T07:36:00.000Z,SRM: Created
user_010,16.0,2000000174_00001,2018-04-10T09:37:00.000Z,SRM: Complete
user_010,16.0,2000000174_00001,2018-04-10T09:37:00.000Z,SRM: Awaiting Approval
user_010,16.0,2000000174_00001,2018-04-10T09:37:00.000Z,SRM: Document Completed
batch_00,16.0,2000000174_00001,2018-04-10T09:38:00.000Z,SRM: In Transfer to Execution Syst.
batch_00,16.0,2000000174_00001,2018-04-10T09:38:00.000Z,SRM: Ordered
batch_00,16.0,2000000174_00001,2018-04-10T09:38:00.000Z,SRM: Deleted
user_000,16.0,2000000174_00001,2018-04-10T09:38:00.000Z,Delete Purchase Order Item
batch_00,16.0,2000000174_00002,2018-02-16T12:34:00.000Z,SRM: Created
batch_00,16.0,2000000174_00002,2018-02-16T13:34:00.000Z,SRM: Complete
batch_00,16.0,2000000174_00002,2018-02-16T13:34:00.000Z,SRM: Awaiting Approval
batch_00,16.0,2000000174_00002,2018-02-16T13:34:00.000Z,SRM: Document Completed
batch_00,16.0,2000000174_00002,2018-02-16T13:34:00.000Z,SRM: In Transfer to Execution Syst.
batch_00,16.0,2000000174_00002,2018-02-16T13:34:00.000Z,SRM: Ordered
batch_00,16.0,2000000174_00002,2018-02-16T13:34:00.000Z,SRM: Change was Transmitted
user_000,16.0,2000000174_00002,2018-02-16T13:34:00.000Z,Create Purchase Order Item
user_010,16.0,2000000174_00002,2018-04-10T07:36:00.000Z,SRM: Created
user_010,16.0,2000000174_00002,2018-04-10T09:37:00.000Z,SRM: Complete
user_010,16.0,2000000174_00002,2018-04-10T09:37:00.000Z,SRM: Awaiting Approval
user_010,16.0,2000000174_00002,2018-04-10T09:37:00.000Z,SRM: Document Completed
batch_00,16.0,2000000174_00002,2018-04-10T09:38:00.000Z,SRM: In Transfer to Execution Syst.
batch_00,16.0,2000000174_00002,2018-04-10T09:38:00.000Z,SRM: Ordered
batch_00,16.0,2000000174_00002,2018-04-10T09:38:00.000Z,SRM: Deleted
user_000,16.0,2000000174_00002,2018-04-10T09:38:00.000Z,Delete Purchase Order Item
batch_00,107.0,2000000174_00003,2018-02-16T12:34:00.000Z,SRM: Created
batch_00,107.0,2000000174_00003,2018-02-16T13:34:00.000Z,SRM: Complete
batch_00,107.0,2000000174_00003,2018-02-16T13:34:00.000Z,SRM: Awaiting Approval
batch_00,107.0,2000000174_00003,2018-02-16T13:34:00.000Z,SRM: Document Completed
batch_00,107.0,2000000174_00003,2018-02-16T13:34:00.000Z,SRM: In Transfer to Execution Syst.
batch_00,107.0,2000000174_00003,2018-02-16T13:34:00.000Z,SRM: Ordered
batch_00,107.0,2000000174_00003,2018-02-16T13:34:00.000Z,SRM: Change was Transmitted
user_000,107.0,2000000174_00003,2018-02-16T13:34:00.000Z,Create Purchase Order Item
NONE,107.0,2000000174_00003,2018-02-22T22:59:00.000Z,Vendor creates invoice
user_000,107.0,2000000174_00003,2018-02-27T12:53:00.000Z,Record Goods Receipt
user_007,107.0,2000000174_00003,2018-04-03T10:31:00.000Z,Record Invoice Receipt
user_010,107.0,2000000174_00003,2018-04-10T07:36:00.000Z,SRM: Created
user_010,107.0,2000000174_00003,2018-04-10T09:37:00.000Z,SRM: Complete
user_010,107.0,2000000174_00003,2018-04-10T09:37:00.000Z,SRM: Awaiting Approval
user_010,107.0,2000000174_00003,2018-04-10T09:37:00.000Z,SRM: Document Completed
batch_00,107.0,2000000174_00003,2018-04-10T09:38:00.000Z,SRM: In Transfer to Execution Syst.
batch_00,107.0,2000000174_00003,2018-04-10T09:38:00.000Z,SRM: Ordered
batch_00,107.0,2000000174_00003,2018-04-10T09:38:00.000Z,SRM: Deleted
user_000,107.0,2000000174_00003,2018-04-10T09:38:00.000Z,Change Final Invoice Indicator
user_002,107.0,2000000174_00003,2018-04-26T09:11:00.000Z,Clear Invoice
batch_00,187.0,2000000174_00004,2018-02-16T12:34:00.000Z,SRM: Created
batch_00,187.0,2000000174_00004,2018-02-16T13:34:00.000Z,SRM: Complete
batch_00,187.0,2000000174_00004,2018-02-16T13:34:00.000Z,SRM: Awaiting Approval
batch_00,187.0,2000000174_00004,2018-02-16T13:34:00.000Z,SRM: Document Completed
batch_00,187.0,2000000174_00004,2018-02-16T13:34:00.000Z,SRM: In Transfer to Execution Syst.
batch_00,187.0,2000000174_00004,2018-02-16T13:34:00.000Z,SRM: Ordered
batch_00,187.0,2000000174_00004,2018-02-16T13:34:00.000Z,SRM: Change was Transmitted
user_000,187.0,2000000174_00004,2018-02-16T13:34:00.000Z,Create Purchase Order Item
NONE,187.0,2000000174_00004,2018-02-22T22:59:00.000Z,Vendor creates invoice
user_000,187.0,2000000174_00004,2018-02-27T12:53:00.000Z,Record Goods Receipt
user_007,187.0,2000000174_00004,2018-04-03T10:31:00.000Z,Record Invoice Receipt
user_010,187.0,2000000174_00004,2018-04-10T07:36:00.000Z,SRM: Created
user_010,187.0,2000000174_00004,2018-04-10T09:37:00.000Z,SRM: Complete
user_010,187.0,2000000174_00004,2018-04-10T09:37:00.000Z,SRM: Awaiting Approval
user_010,187.0,2000000174_00004,2018-04-10T09:37:00.000Z,SRM: Document Completed
batch_00,187.0,2000000174_00004,2018-04-10T09:38:00.000Z,SRM: In Transfer to Execution Syst.
batch_00,187.0,2000000174_00004,2018-04-10T09:38:00.000Z,SRM: Ordered
batch_00,187.0,2000000174_00004,2018-04-10T09:38:00.000Z,SRM: Deleted
user_000,187.0,2000000174_00004,2018-04-10T09:38:00.000Z,Change Final Invoice Indicator
user_002,187.0,2000000174_00004,2018-04-26T09:11:00.000Z,Clear Invoice
batch_00,107.0,2000000174_00005,2018-02-16T12:34:00.000Z,SRM: Created
batch_00,107.0,2000000174_00005,2018-02-16T13:34:00.000Z,SRM: Complete
batch_00,107.0,2000000174_00005,2018-02-16T13:34:00.000Z,SRM: Awaiting Approval
batch_00,107.0,2000000174_00005,2018-02-16T13:34:00.000Z,SRM: Document Completed
batch_00,107.0,2000000174_00005,2018-02-16T13:34:00.000Z,SRM: In Transfer to Execution Syst.
batch_00,107.0,2000000174_00005,2018-02-16T13:34:00.000Z,SRM: Ordered
batch_00,107.0,2000000174_00005,2018-02-16T13:34:00.000Z,SRM: Change was Transmitted
user_000,107.0,2000000174_00005,2018-02-16T13:34:00.000Z,Create Purchase Order Item
NONE,107.0,2000000174_00005,2018-02-22T22:59:00.000Z,Vendor creates invoice
user_000,107.0,2000000174_00005,2018-02-23T11:24:00.000Z,Record Goods Receipt
user_007,107.0,2000000174_00005,2018-04-03T10:31:00.000Z,Record Invoice Receipt
user_010,107.0,2000000174_00005,2018-04-10T07:36:00.000Z,SRM: Created
user_010,107.0,2000000174_00005,2018-04-10T09:37:00.000Z,SRM: Complete
user_010,107.0,2000000174_00005,2018-04-10T09:37:00.000Z,SRM: Awaiting Approval
user_010,107.0,2000000174_00005,2018-04-10T09:37:00.000Z,SRM: Document Completed
batch_00,107.0,2000000174_00005,2018-04-10T09:38:00.000Z,SRM: In Transfer to Execution Syst.
batch_00,107.0,2000000174_00005,2018-04-10T09:38:00.000Z,SRM: Ordered
batch_00,107.0,2000000174_00005,2018-04-10T09:38:00.000Z,SRM: Deleted
user_000,107.0,2000000174_00005,2018-04-10T09:38:00.000Z,Change Final Invoice Indicator
user_002,107.0,2000000174_00005,2018-04-26T09:11:00.000Z,Clear Invoice
batch_00,187.0,2000000174_00006,2018-02-16T12:34:00.000Z,SRM: Created
batch_00,187.0,2000000174_00006,2018-02-16T13:34:00.000Z,SRM: Complete
batch_00,187.0,2000000174_00006,2018-02-16T13:34:00.000Z,SRM: Awaiting Approval
batch_00,187.0,2000000174_00006,2018-02-16T13:34:00.000Z,SRM: Document Completed
batch_00,187.0,2000000174_00006,2018-02-16T13:34:00.000Z,SRM: In Transfer to Execution Syst.
batch_00,187.0,2000000174_00006,2018-02-16T13:34:00.000Z,SRM: Ordered
batch_00,187.0,2000000174_00006,2018-02-16T13:34:00.000Z,SRM: Change was Transmitted
user_000,187.0,2000000174_00006,2018-02-16T13:34:00.000Z,Create Purchase Order Item
NONE,187.0,2000000174_00006,2018-02-22T22:59:00.000Z,Vendor creates invoice
user_000,187.0,2000000174_00006,2018-02-23T11:24:00.000Z,Record Goods Receipt
user_007,187.0,2000000174_00006,2018-04-03T10:31:00.000Z,Record Invoice Receipt
user_010,187.0,2000000174_00006,2018-04-10T07:36:00.000Z,SRM: Created
user_010,187.0,2000000174_00006,2018-04-10T09:37:00.000Z,SRM: Complete
user_010,187.0,2000000174_00006,2018-04-10T09:37:00.000Z,SRM: Awaiting Approval
user_010,187.0,2000000174_00006,2018-04-10T09:37:00.000Z,SRM: Document Completed
batch_00,187.0,2000000174_00006,2018-04-10T09:38:00.000Z,SRM: In Transfer to Execution Syst.
batch_00,187.0,2000000174_00006,2018-04-10T09:38:00.000Z,SRM: Ordered
batch_00,187.0,2000000174_00006,2018-04-10T09:38:00.000Z,SRM: Deleted
user_000,187.0,2000000174_00006,2018-04-10T09:38:00.000Z,Change Final Invoice Indicator
user_002,187.0,2000000174_00006,2018-04-26T09:11:00.000Z,Clear Invoice
batch_00,207.0,2000000175_00001,2018-02-16T12:34:00.000Z,SRM: Created
batch_00,207.0,2000000175_00001,2018-02-16T13:34:00.000Z,SRM: Complete
batch_00,207.0,2000000175_00001,2018-02-16T13:34:00.000Z,SRM: Awaiting Approval
batch_00,207.0,2000000175_00001,2018-02-16T13:34:00.000Z,SRM: Document Completed
batch_00,207.0,2000000175_00001,2018-02-16T13:34:00.000Z,SRM: In Transfer to Execution Syst.
batch_00,207.0,2000000175_00001,2018-02-16T13:34:00.000Z,SRM: Ordered
batch_00,207.0,2000000175_00001,2018-02-16T13:34:00.000Z,SRM: Change was Transmitted
user_000,207.0,2000000175_00001,2018-02-16T13:34:00.000Z,Create Purchase Order Item
NONE,207.0,2000000175_00001,2018-02-16T22:59:00.000Z,Vendor creates invoice
user_000,207.0,2000000175_00001,2018-02-23T09:40:00.000Z,Record Goods Receipt
user_007,207.0,2000000175_00001,2018-04-03T12:10:00.000Z,Record Invoice Receipt
user_002,207.0,2000000175_00001,2018-04-26T09:11:00.000Z,Clear Invoice
batch_00,201.0,2000000175_00002,2018-02-16T12:34:00.000Z,SRM: Created
batch_00,201.0,2000000175_00002,2018-02-16T13:34:00.000Z,SRM: Complete
batch_00,201.0,2000000175_00002,2018-02-16T13:34:00.000Z,SRM: Awaiting Approval
batch_00,201.0,2000000175_00002,2018-02-16T13:34:00.000Z,SRM: Document Completed
batch_00,201.0,2000000175_00002,2018-02-16T13:34:00.000Z,SRM: In Transfer to Execution Syst.
batch_00,201.0,2000000175_00002,2018-02-16T13:34:00.000Z,SRM: Ordered
batch_00,201.0,2000000175_00002,2018-02-16T13:34:00.000Z,SRM: Change was Transmitted
user_000,201.0,2000000175_00002,2018-02-16T13:34:00.000Z,Create Purchase Order Item
NONE,201.0,2000000175_00002,2018-02-16T22:59:00.000Z,Vendor creates invoice
user_000,201.0,2000000175_00002,2018-02-23T09:40:00.000Z,Record Goods Receipt
user_007,201.0,2000000175_00002,2018-04-03T12:10:00.000Z,Record Invoice Receipt
user_002,201.0,2000000175_00002,2018-04-26T09:11:00.000Z,Clear Invoice
batch_00,389.0,2000000176_00001,2018-02-16T15:25:00.000Z,SRM: Created
batch_00,389.0,2000000176_00001,2018-02-16T16:25:00.000Z,SRM: Complete
batch_00,389.0,2000000176_00001,2018-02-16T16:25:00.000Z,SRM: Awaiting Approval
batch_00,389.0,2000000176_00001,2018-02-16T16:25:00.000Z,SRM: Document Completed
batch_00,389.0,2000000176_00001,2018-02-16T16:25:00.000Z,SRM: In Transfer to Execution Syst.
batch_00,389.0,2000000176_00001,2018-02-16T16:25:00.000Z,SRM: Ordered
batch_00,389.0,2000000176_00001,2018-02-16T16:25:00.000Z,SRM: Change was Transmitted
user_000,389.0,2000000176_00001,2018-02-16T16:25:00.000Z,Create Purchase Order Item
NONE,389.0,2000000176_00001,2018-02-23T22:59:00.000Z,Vendor creates invoice
user_000,389.0,2000000176_00001,2018-02-28T10:25:00.000Z,Record Goods Receipt
NONE,389.0,2000000176_00001,2018-02-28T10:25:00.000Z,Record Service Entry Sheet
user_001,389.0,2000000176_00001,2018-03-07T11:17:00.000Z,Record Invoice Receipt
user_005,389.0,2000000176_00001,2018-03-08T12:23:00.000Z,Clear Invoice
batch_00,644.0,2000000177_00001,2018-02-19T06:51:00.000Z,SRM: Created
batch_00,644.0,2000000177_00001,2018-02-19T07:51:00.000Z,SRM: Incomplete
batch_00,644.0,2000000177_00001,2018-02-19T07:51:00.000Z,SRM: Held
user_028,644.0,2000000177_00001,2018-02-21T12:00:00.000Z,SRM: Complete
user_028,644.0,2000000177_00001,2018-02-21T12:00:00.000Z,SRM: Awaiting Approval
user_028,644.0,2000000177_00001,2018-02-21T12:00:00.000Z,SRM: Document Completed
batch_00,644.0,2000000177_00001,2018-02-21T12:01:00.000Z,SRM: Ordered
batch_00,644.0,2000000177_00001,2018-02-21T12:01:00.000Z,SRM: In Transfer to Execution Syst.
user_000,644.0,2000000177_00001,2018-02-21T12:01:00.000Z,Create Purchase Order Item
batch_00,644.0,2000000177_00001,2018-02-21T12:01:00.000Z,SRM: Change was Transmitted
NONE,644.0,2000000177_00001,2018-03-23T22:59:00.000Z,Vendor creates invoice
user_000,644.0,2000000177_00001,2018-03-26T15:07:00.000Z,Record Goods Receipt
batch_00,644.0,2000000177_00001,2018-04-12T14:05:00.000Z,Record Invoice Receipt
user_002,644.0,2000000177_00001,2018-05-17T12:50:00.000Z,Clear Invoice
batch_00,25.0,2000000177_00002,2018-02-19T06:51:00.000Z,SRM: Created
batch_00,25.0,2000000177_00002,2018-02-19T07:51:00.000Z,SRM: Incomplete
batch_00,25.0,2000000177_00002,2018-02-19T07:51:00.000Z,SRM: Held
user_028,25.0,2000000177_00002,2018-02-21T12:00:00.000Z,SRM: Complete
user_028,25.0,2000000177_00002,2018-02-21T12:00:00.000Z,SRM: Awaiting Approval
user_028,25.0,2000000177_00002,2018-02-21T12:00:00.000Z,SRM: Document Completed
batch_00,25.0,2000000177_00002,2018-02-21T12:01:00.000Z,SRM: Ordered
batch_00,25.0,2000000177_00002,2018-02-21T12:01:00.000Z,SRM: In Transfer to Execution Syst.
user_000,25.0,2000000177_00002,2018-02-21T12:01:00.000Z,Create Purchase Order Item
batch_00,25.0,2000000177_00002,2018-02-21T12:01:00.000Z,SRM: Change was Transmitted
NONE,25.0,2000000177_00002,2018-03-23T22:59:00.000Z,Vendor creates invoice
user_000,25.0,2000000177_00002,2018-03-26T15:07:00.000Z,Record Goods Receipt
NONE,25.0,2000000177_00002,2018-03-26T15:07:00.000Z,Record Service Entry Sheet
batch_00,25.0,2000000177_00002,2018-04-12T14:05:00.000Z,Record Invoice Receipt
user_002,25.0,2000000177_00002,2018-05-17T12:50:00.000Z,Clear Invoice
batch_00,753.0,2000000178_00001,2018-02-19T11:28:00.000Z,SRM: Created
batch_00,753.0,2000000178_00001,2018-02-19T12:28:00.000Z,SRM: Complete
batch_00,753.0,2000000178_00001,2018-02-19T12:28:00.000Z,SRM: Awaiting Approval
batch_00,753.0,2000000178_00001,2018-02-19T12:28:00.000Z,SRM: Document Completed
batch_00,753.0,2000000178_00001,2018-02-19T12:29:00.000Z,SRM: Ordered
batch_00,753.0,2000000178_00001,2018-02-19T12:29:00.000Z,SRM: In Transfer to Execution Syst.
batch_00,753.0,2000000178_00001,2018-02-19T12:29:00.000Z,SRM: Change was Transmitted
user_000,753.0,2000000178_00001,2018-02-19T12:29:00.000Z,Create Purchase Order Item
NONE,753.0,2000000178_00001,2018-03-23T22:59:00.000Z,Vendor creates invoice
NONE,753.0,2000000178_00001,2018-03-26T21:59:00.000Z,Vendor creates invoice
user_000,753.0,2000000178_00001,2018-03-28T09:18:00.000Z,Record Goods Receipt
user_001,753.0,2000000178_00001,2018-05-04T11:07:00.000Z,Record Invoice Receipt
user_001,753.0,2000000178_00001,2018-05-04T11:08:00.000Z,Record Invoice Receipt
user_002,753.0,2000000178_00001,2018-05-24T11:32:00.000Z,Clear Invoice
batch_00,753.0,2000000178_00001,2018-06-20T14:04:00.000Z,SRM: In Transfer to Execution Syst.
batch_00,753.0,2000000178_00001,2018-06-20T14:04:00.000Z,SRM: In Transfer to Execution Syst.
batch_00,753.0,2000000178_00001,2018-06-25T10:24:00.000Z,SRM: In Transfer to Execution Syst.
batch_00,63.0,2000000178_00002,2018-02-19T11:28:00.000Z,SRM: Created
batch_00,63.0,2000000178_00002,2018-02-19T12:28:00.000Z,SRM: Complete
batch_00,63.0,2000000178_00002,2018-02-19T12:28:00.000Z,SRM: Awaiting Approval
batch_00,63.0,2000000178_00002,2018-02-19T12:28:00.000Z,SRM: Document Completed
batch_00,63.0,2000000178_00002,2018-02-19T12:29:00.000Z,SRM: Ordered
batch_00,63.0,2000000178_00002,2018-02-19T12:29:00.000Z,SRM: In Transfer to Execution Syst.
batch_00,63.0,2000000178_00002,2018-02-19T12:29:00.000Z,SRM: Change was Transmitted
user_000,63.0,2000000178_00002,2018-02-19T12:29:00.000Z,Create Purchase Order Item
NONE,63.0,2000000178_00002,2018-02-20T22:59:00.000Z,Vendor creates invoice
user_000,63.0,2000000178_00002,2018-02-22T14:48:00.000Z,Record Goods Receipt
user_004,63.0,2000000178_00002,2018-03-10T08:54:00.000Z,Record Invoice Receipt
user_002,63.0,2000000178_00002,2018-04-26T09:12:00.000Z,Clear Invoice
batch_00,63.0,2000000178_00002,2018-06-20T14:04:00.000Z,SRM: In Transfer to Execution Syst.
batch_00,63.0,2000000178_00002,2018-06-20T14:04:00.000Z,SRM: In Transfer to Execution Syst.
batch_00,63.0,2000000178_00002,2018-06-25T10:24:00.000Z,SRM: In Transfer to Execution Syst.
batch_00,376.0,2000000178_00003,2018-02-19T11:28:00.000Z,SRM: Created
batch_00,376.0,2000000178_00003,2018-02-19T12:28:00.000Z,SRM: Complete
batch_00,376.0,2000000178_00003,2018-02-19T12:28:00.000Z,SRM: Awaiting Approval
batch_00,376.0,2000000178_00003,2018-02-19T12:28:00.000Z,SRM: Document Completed
batch_00,376.0,2000000178_00003,2018-02-19T12:29:00.000Z,SRM: Ordered
batch_00,376.0,2000000178_00003,2018-02-19T12:29:00.000Z,SRM: In Transfer to Execution Syst.
batch_00,376.0,2000000178_00003,2018-02-19T12:29:00.000Z,SRM: Change was Transmitted
NONE,376.0,2000000178_00003,2018-04-02T21:59:00.000Z,Vendor creates invoice
batch_00,376.0,2000000178_00003,2018-06-20T14:04:00.000Z,SRM: In Transfer to Execution Syst.
batch_00,376.0,2000000178_00003,2018-06-20T14:04:00.000Z,SRM: In Transfer to Execution Syst.
user_000,376.0,2000000178_00003,2018-06-20T14:04:00.000Z,Create Purchase Order Item
user_016,376.0,2000000178_00003,2018-06-25T08:23:00.000Z,SRM: Created
user_016,376.0,2000000178_00003,2018-06-25T10:24:00.000Z,SRM: Complete
user_016,376.0,2000000178_00003,2018-06-25T10:24:00.000Z,SRM: Awaiting Approval
user_016,376.0,2000000178_00003,2018-06-25T10:24:00.000Z,SRM: Document Completed
batch_00,376.0,2000000178_00003,2018-06-25T10:24:00.000Z,SRM: Ordered
batch_00,376.0,2000000178_00003,2018-06-25T10:24:00.000Z,SRM: In Transfer to Execution Syst.
batch_00,376.0,2000000178_00003,2018-06-25T10:24:00.000Z,SRM: Deleted
user_000,376.0,2000000178_00003,2018-06-25T10:24:00.000Z,Change Quantity
user_000,376.0,2000000178_00003,2018-06-25T12:07:00.000Z,Record Goods Receipt
user_013,376.0,2000000178_00003,2018-06-28T09:18:00.000Z,Record Invoice Receipt
user_002,376.0,2000000178_00003,2018-07-05T12:10:00.000Z,Clear Invoice
batch_00,82.0,2000000179_00001,2018-02-19T11:28:00.000Z,SRM: Created
batch_00,82.0,2000000179_00001,2018-02-19T12:28:00.000Z,SRM: Complete
batch_00,82.0,2000000179_00001,2018-02-19T12:28:00.000Z,SRM: Awaiting Approval
batch_00,82.0,2000000179_00001,2018-02-19T12:28:00.000Z,SRM: Document Completed
batch_00,82.0,2000000179_00001,2018-02-19T12:29:00.000Z,SRM: Ordered
batch_00,82.0,2000000179_00001,2018-02-19T12:29:00.000Z,SRM: In Transfer to Execution Syst.
user_000,82.0,2000000179_00001,2018-02-19T12:29:00.000Z,Create Purchase Order Item
batch_00,82.0,2000000179_00001,2018-02-19T12:30:00.000Z,SRM: Change was Transmitted
NONE,82.0,2000000179_00001,2018-02-20T22:59:00.000Z,Vendor creates invoice
user_000,82.0,2000000179_00001,2018-02-22T14:52:00.000Z,Record Goods Receipt
user_007,82.0,2000000179_00001,2018-02-26T13:34:00.000Z,Record Invoice Receipt
user_002,82.0,2000000179_00001,2018-04-05T13:48:00.000Z,Clear Invoice
batch_00,137.0,2000000180_00001,2018-02-19T11:29:00.000Z,SRM: Created
batch_00,137.0,2000000180_00001,2018-02-19T12:29:00.000Z,SRM: Complete
batch_00,137.0,2000000180_00001,2018-02-19T12:29:00.000Z,SRM: Awaiting Approval
batch_00,137.0,2000000180_00001,2018-02-19T12:29:00.000Z,SRM: Document Completed
batch_00,137.0,2000000180_00001,2018-02-19T12:29:00.000Z,SRM: Ordered
batch_00,137.0,2000000180_00001,2018-02-19T12:29:00.000Z,SRM: In Transfer to Execution Syst.
user_000,137.0,2000000180_00001,2018-02-19T12:29:00.000Z,Create Purchase Order Item
batch_00,137.0,2000000180_00001,2018-02-19T12:30:00.000Z,SRM: Change was Transmitted
NONE,137.0,2000000180_00001,2018-02-20T22:59:00.000Z,Vendor creates invoice
user_000,137.0,2000000180_00001,2018-02-23T12:48:00.000Z,Record Goods Receipt
user_007,137.0,2000000180_00001,2018-04-03T12:07:00.000Z,Record Invoice Receipt
user_002,137.0,2000000180_00001,2018-04-26T09:11:00.000Z,Clear Invoice
batch_00,88.0,2000000180_00002,2018-02-19T11:29:00.000Z,SRM: Created
batch_00,88.0,2000000180_00002,2018-02-19T12:29:00.000Z,SRM: Complete
batch_00,88.0,2000000180_00002,2018-02-19T12:29:00.000Z,SRM: Awaiting Approval
batch_00,88.0,2000000180_00002,2018-02-19T12:29:00.000Z,SRM: Document Completed
batch_00,88.0,2000000180_00002,2018-02-19T12:29:00.000Z,SRM: Ordered
batch_00,88.0,2000000180_00002,2018-02-19T12:29:00.000Z,SRM: In Transfer to Execution Syst.
user_000,88.0,2000000180_00002,2018-02-19T12:29:00.000Z,Create Purchase Order Item
batch_00,88.0,2000000180_00002,2018-02-19T12:30:00.000Z,SRM: Change was Transmitted
NONE,88.0,2000000180_00002,2018-02-20T22:59:00.000Z,Vendor creates invoice
user_000,88.0,2000000180_00002,2018-02-23T12:48:00.000Z,Record Goods Receipt
user_007,88.0,2000000180_00002,2018-04-03T12:07:00.000Z,Record Invoice Receipt
user_002,88.0,2000000180_00002,2018-04-26T09:11:00.000Z,Clear Invoice
batch_00,45.0,2000000180_00003,2018-02-19T11:29:00.000Z,SRM: Created
batch_00,45.0,2000000180_00003,2018-02-19T12:29:00.000Z,SRM: Complete
batch_00,45.0,2000000180_00003,2018-02-19T12:29:00.000Z,SRM: Awaiting Approval
batch_00,45.0,2000000180_00003,2018-02-19T12:29:00.000Z,SRM: Document Completed
batch_00,45.0,2000000180_00003,2018-02-19T12:29:00.000Z,SRM: Ordered
batch_00,45.0,2000000180_00003,2018-02-19T12:29:00.000Z,SRM: In Transfer to Execution Syst.
user_000,45.0,2000000180_00003,2018-02-19T12:29:00.000Z,Create Purchase Order Item
batch_00,45.0,2000000180_00003,2018-02-19T12:30:00.000Z,SRM: Change was Transmitted
NONE,45.0,2000000180_00003,2018-02-20T22:59:00.000Z,Vendor creates invoice
user_000,45.0,2000000180_00003,2018-02-23T12:48:00.000Z,Record Goods Receipt
user_007,45.0,2000000180_00003,2018-04-03T12:07:00.000Z,Record Invoice Receipt
user_002,45.0,2000000180_00003,2018-04-26T09:11:00.000Z,Clear Invoice
batch_00,214.0,2000000181_00001,2018-02-19T11:28:00.000Z,SRM: Created
batch_00,214.0,2000000181_00001,2018-02-19T12:28:00.000Z,SRM: Complete
batch_00,214.0,2000000181_00001,2018-02-19T12:28:00.000Z,SRM: Awaiting Approval
batch_00,214.0,2000000181_00001,2018-02-19T12:28:00.000Z,SRM: Document Completed
batch_00,214.0,2000000181_00001,2018-02-19T12:29:00.000Z,SRM: Ordered
batch_00,214.0,2000000181_00001,2018-02-19T12:29:00.000Z,SRM: In Transfer to Execution Syst.
user_000,214.0,2000000181_00001,2018-02-19T12:29:00.000Z,Create Purchase Order Item
batch_00,214.0,2000000181_00001,2018-02-19T12:29:00.000Z,SRM: Change was Transmitted
NONE,214.0,2000000181_00001,2018-02-20T22:59:00.000Z,Vendor creates invoice
user_000,214.0,2000000181_00001,2018-02-22T14:49:00.000Z,Record Goods Receipt
user_007,214.0,2000000181_00001,2018-04-03T11:42:00.000Z,Record Invoice Receipt
user_002,214.0,2000000181_00001,2018-04-26T09:12:00.000Z,Clear Invoice
batch_00,165085.0,2000000182_00001,2018-02-19T16:51:00.000Z,SRM: Created
batch_00,165085.0,2000000182_00001,2018-02-19T17:51:00.000Z,SRM: Complete
batch_00,165085.0,2000000182_00001,2018-02-19T17:51:00.000Z,SRM: Awaiting Approval
batch_00,165085.0,2000000182_00001,2018-02-19T17:51:00.000Z,SRM: Document Completed
batch_00,165085.0,2000000182_00001,2018-02-19T17:51:00.000Z,SRM: In Transfer to Execution Syst.
batch_00,165085.0,2000000182_00001,2018-02-19T17:51:00.000Z,SRM: Ordered
user_000,165085.0,2000000182_00001,2018-02-19T17:51:00.000Z,Create Purchase Order Item
batch_00,165085.0,2000000182_00001,2018-02-19T17:51:00.000Z,SRM: Change was Transmitted
user_000,165085.0,2000000182_00001,2018-03-26T14:15:00.000Z,Record Goods Receipt
NONE,165085.0,2000000182_00001,2018-03-26T14:15:00.000Z,Record Service Entry Sheet
NONE,165085.0,2000000182_00001,2018-03-26T21:59:00.000Z,Vendor creates invoice
user_013,165085.0,2000000182_00001,2018-04-12T13:10:00.000Z,Record Invoice Receipt
user_002,165085.0,2000000182_00001,2018-05-09T12:12:00.000Z,Clear Invoice
batch_00,1382.0,2000000183_00001,2018-02-20T09:06:00.000Z,SRM: Created
batch_00,1382.0,2000000183_00001,2018-02-20T10:06:00.000Z,SRM: Complete
batch_00,1382.0,2000000183_00001,2018-02-20T10:06:00.000Z,SRM: Awaiting Approval
batch_00,1382.0,2000000183_00001,2018-02-20T10:06:00.000Z,SRM: Document Completed
batch_00,1382.0,2000000183_00001,2018-02-20T10:06:00.000Z,SRM: In Transfer to Execution Syst.
batch_00,1382.0,2000000183_00001,2018-02-20T10:06:00.000Z,SRM: Ordered
batch_00,1382.0,2000000183_00001,2018-02-20T10:06:00.000Z,SRM: Change was Transmitted
user_000,1382.0,2000000183_00001,2018-02-20T10:06:00.000Z,Create Purchase Order Item
user_022,1382.0,2000000183_00001,2018-03-14T10:18:00.000Z,SRM: Transaction Completed
batch_00,320.0,2000000184_00001,2018-02-20T09:22:00.000Z,SRM: Created
batch_00,320.0,2000000184_00001,2018-02-20T10:22:00.000Z,SRM: Complete
batch_00,320.0,2000000184_00001,2018-02-20T10:22:00.000Z,SRM: Awaiting Approval
batch_00,320.0,2000000184_00001,2018-02-20T10:22:00.000Z,SRM: Document Completed
batch_00,320.0,2000000184_00001,2018-02-20T10:22:00.000Z,SRM: In Transfer to Execution Syst.
batch_00,320.0,2000000184_00001,2018-02-20T10:22:00.000Z,SRM: Ordered
batch_00,320.0,2000000184_00001,2018-02-20T10:22:00.000Z,SRM: Change was Transmitted
user_000,320.0,2000000184_00001,2018-02-20T10:22:00.000Z,Create Purchase Order Item
user_000,320.0,2000000184_00001,2018-02-21T12:01:00.000Z,Record Goods Receipt
NONE,320.0,2000000184_00001,2018-03-23T22:59:00.000Z,Vendor creates debit memo
NONE,320.0,2000000184_00001,2018-03-23T22:59:00.000Z,Vendor creates invoice
user_012,320.0,2000000184_00001,2018-05-10T05:19:00.000Z,Record Invoice Receipt
user_002,320.0,2000000184_00001,2018-05-24T11:32:00.000Z,Clear Invoice
user_001,320.0,2000000184_00001,2018-10-26T07:10:00.000Z,Cancel Invoice Receipt
user_002,320.0,2000000184_00001,2018-11-29T15:14:00.000Z,Clear Invoice
batch_00,122.0,2000000185_00001,2018-02-20T12:56:00.000Z,SRM: Created
batch_00,122.0,2000000185_00001,2018-02-20T13:56:00.000Z,SRM: Complete
batch_00,122.0,2000000185_00001,2018-02-20T13:56:00.000Z,SRM: Awaiting Approval
batch_00,122.0,2000000185_00001,2018-02-20T13:56:00.000Z,SRM: Document Completed
batch_00,122.0,2000000185_00001,2018-02-20T13:56:00.000Z,SRM: In Transfer to Execution Syst.
batch_00,122.0,2000000185_00001,2018-02-20T13:56:00.000Z,SRM: Ordered
batch_00,122.0,2000000185_00001,2018-02-20T13:56:00.000Z,SRM: Change was Transmitted
user_000,122.0,2000000185_00001,2018-02-20T13:56:00.000Z,Create Purchase Order Item
NONE,122.0,2000000185_00001,2018-02-21T22:59:00.000Z,Vendor creates invoice
NONE,122.0,2000000185_00001,2018-02-21T22:59:00.000Z,Vendor creates debit memo
user_000,122.0,2000000185_00001,2018-02-26T08:37:00.000Z,Record Goods Receipt
user_007,122.0,2000000185_00001,2018-04-03T12:04:00.000Z,Record Invoice Receipt
user_006,122.0,2000000185_00001,2018-04-05T09:54:00.000Z,Cancel Invoice Receipt
user_006,122.0,2000000185_00001,2018-04-05T09:55:00.000Z,Clear Invoice
user_006,122.0,2000000185_00001,2018-04-05T09:56:00.000Z,Record Invoice Receipt
user_002,122.0,2000000185_00001,2018-04-26T09:11:00.000Z,Clear Invoice
batch_00,24248.0,2000000186_00001,2018-02-21T08:18:00.000Z,SRM: Created
batch_00,24248.0,2000000186_00001,2018-02-21T09:18:00.000Z,SRM: Complete
batch_00,24248.0,2000000186_00001,2018-02-21T09:18:00.000Z,SRM: Awaiting Approval
batch_00,24248.0,2000000186_00001,2018-02-21T09:18:00.000Z,SRM: Document Completed
batch_00,24248.0,2000000186_00001,2018-02-21T09:19:00.000Z,SRM: Ordered
batch_00,24248.0,2000000186_00001,2018-02-21T09:19:00.000Z,SRM: Change was Transmitted
batch_00,24248.0,2000000186_00001,2018-02-21T09:26:00.000Z,SRM: In Transfer to Execution Syst.
user_000,24248.0,2000000186_00001,2018-02-21T09:26:00.000Z,Create Purchase Order Item
NONE,24248.0,2000000186_00001,2018-03-26T21:59:00.000Z,Vendor creates invoice
NONE,24248.0,2000000186_00001,2018-04-25T21:59:00.000Z,Vendor creates invoice
user_000,24248.0,2000000186_00001,2018-05-16T08:34:00.000Z,Record Goods Receipt
NONE,24248.0,2000000186_00001,2018-05-16T08:34:00.000Z,Record Service Entry Sheet
batch_00,24248.0,2000000186_00001,2018-05-16T11:04:00.000Z,Record Invoice Receipt
user_002,24248.0,2000000186_00001,2018-05-24T11:36:00.000Z,Clear Invoice
NONE,24248.0,2000000186_00001,2018-05-25T21:59:00.000Z,Vendor creates invoice
user_000,24248.0,2000000186_00001,2018-06-18T09:53:00.000Z,Record Goods Receipt
NONE,24248.0,2000000186_00001,2018-06-18T09:53:00.000Z,Record Service Entry Sheet
batch_00,24248.0,2000000186_00001,2018-06-18T10:59:00.000Z,Record Invoice Receipt
NONE,24248.0,2000000186_00001,2018-06-25T21:59:00.000Z,Vendor creates invoice
user_002,24248.0,2000000186_00001,2018-06-28T12:05:00.000Z,Clear Invoice
user_000,24248.0,2000000186_00001,2018-07-24T07:51:00.000Z,Record Goods Receipt
NONE,24248.0,2000000186_00001,2018-07-24T07:51:00.000Z,Record Service Entry Sheet
batch_00,24248.0,2000000186_00001,2018-07-24T10:50:00.000Z,Record Invoice Receipt
NONE,24248.0,2000000186_00001,2018-07-25T21:59:00.000Z,Vendor creates invoice
user_002,24248.0,2000000186_00001,2018-07-26T16:09:00.000Z,Clear Invoice
NONE,24248.0,2000000186_00001,2018-08-27T21:59:00.000Z,Vendor creates invoice
NONE,24248.0,2000000186_00001,2018-09-25T21:59:00.000Z,Vendor creates invoice
user_022,24248.0,2000000186_00001,2018-10-03T09:07:00.000Z,SRM: Created
user_022,24248.0,2000000186_00001,2018-10-03T11:07:00.000Z,SRM: Complete
user_022,24248.0,2000000186_00001,2018-10-03T11:07:00.000Z,SRM: Awaiting Approval
user_022,24248.0,2000000186_00001,2018-10-03T11:07:00.000Z,SRM: Document Completed
batch_00,24248.0,2000000186_00001,2018-10-03T11:07:00.000Z,SRM: Ordered
batch_00,24248.0,2000000186_00001,2018-10-03T11:07:00.000Z,SRM: In Transfer to Execution Syst.
batch_00,24248.0,2000000186_00001,2018-10-03T11:07:00.000Z,SRM: Deleted
user_000,24248.0,2000000186_00001,2018-10-03T11:08:00.000Z,Record Goods Receipt
NONE,24248.0,2000000186_00001,2018-10-03T11:08:00.000Z,Record Service Entry Sheet
user_001,24248.0,2000000186_00001,2018-10-04T11:19:00.000Z,Record Invoice Receipt
user_002,24248.0,2000000186_00001,2018-10-04T14:50:00.000Z,Clear Invoice
user_000,24248.0,2000000186_00001,2018-10-08T15:03:00.000Z,Record Goods Receipt
NONE,24248.0,2000000186_00001,2018-10-08T15:03:00.000Z,Record Service Entry Sheet
user_015,24248.0,2000000186_00001,2018-10-10T09:29:00.000Z,Record Invoice Receipt
user_002,24248.0,2000000186_00001,2018-10-11T11:47:00.000Z,Clear Invoice
user_022,24248.0,2000000186_00001,2018-11-18T08:33:00.000Z,SRM: Created
user_022,24248.0,2000000186_00001,2018-11-18T09:33:00.000Z,SRM: Complete
user_022,24248.0,2000000186_00001,2018-11-18T09:33:00.000Z,SRM: Awaiting Approval
user_022,24248.0,2000000186_00001,2018-11-18T09:33:00.000Z,SRM: Document Completed
batch_00,24248.0,2000000186_00001,2018-11-18T09:33:00.000Z,SRM: Ordered
batch_00,24248.0,2000000186_00001,2018-11-18T09:33:00.000Z,SRM: In Transfer to Execution Syst.
batch_00,24248.0,2000000186_00001,2018-11-18T09:33:00.000Z,SRM: Deleted
user_000,24248.0,2000000186_00001,2018-11-18T09:34:00.000Z,Record Goods Receipt
NONE,24248.0,2000000186_00001,2018-11-18T09:34:00.000Z,Record Service Entry Sheet
user_000,24248.0,2000000186_00001,2018-11-18T10:44:00.000Z,Record Goods Receipt
NONE,24248.0,2000000186_00001,2018-11-18T10:44:00.000Z,Record Service Entry Sheet
user_001,24248.0,2000000186_00001,2018-11-19T11:18:00.000Z,Record Invoice Receipt
user_001,24248.0,2000000186_00001,2018-11-19T11:19:00.000Z,Record Invoice Receipt
user_002,24248.0,2000000186_00001,2018-11-22T13:54:00.000Z,Clear Invoice
user_002,24248.0,2000000186_00001,2018-11-29T15:16:00.000Z,Clear Invoice
batch_00,41.0,2000000187_00001,2018-02-21T09:35:00.000Z,SRM: Created
batch_00,41.0,2000000187_00001,2018-02-21T10:36:00.000Z,SRM: Incomplete
batch_00,41.0,2000000187_00001,2018-02-21T10:36:00.000Z,SRM: Held
user_028,41.0,2000000187_00001,2018-02-21T11:33:00.000Z,SRM: Complete
user_028,41.0,2000000187_00001,2018-02-21T11:33:00.000Z,SRM: Awaiting Approval
user_028,41.0,2000000187_00001,2018-02-21T11:33:00.000Z,SRM: Document Completed
batch_00,41.0,2000000187_00001,2018-02-21T11:33:00.000Z,SRM: Ordered
batch_00,41.0,2000000187_00001,2018-02-21T11:33:00.000Z,SRM: In Transfer to Execution Syst.
batch_00,41.0,2000000187_00001,2018-02-21T11:33:00.000Z,SRM: Change was Transmitted
user_000,41.0,2000000187_00001,2018-02-21T11:33:00.000Z,Create Purchase Order Item
NONE,41.0,2000000187_00001,2018-03-20T22:59:00.000Z,Vendor creates invoice
NONE,41.0,2000000187_00001,2018-04-17T07:14:00.000Z,Record Service Entry Sheet
user_000,41.0,2000000187_00001,2018-04-17T07:14:00.000Z,Record Goods Receipt
user_001,41.0,2000000187_00001,2018-07-16T10:08:00.000Z,Record Invoice Receipt
user_002,41.0,2000000187_00001,2018-07-19T11:16:00.000Z,Clear Invoice
batch_00,10115.0,2000000188_00001,2018-02-21T12:33:00.000Z,SRM: Created
batch_00,10115.0,2000000188_00001,2018-02-21T13:34:00.000Z,SRM: Complete
batch_00,10115.0,2000000188_00001,2018-02-21T13:34:00.000Z,SRM: Awaiting Approval
batch_00,10115.0,2000000188_00001,2018-02-21T13:34:00.000Z,SRM: Document Completed
batch_00,10115.0,2000000188_00001,2018-02-21T13:35:00.000Z,SRM: Ordered
batch_00,10115.0,2000000188_00001,2018-02-21T13:35:00.000Z,SRM: In Transfer to Execution Syst.
user_000,10115.0,2000000188_00001,2018-02-21T13:35:00.000Z,Create Purchase Order Item
batch_00,10115.0,2000000188_00001,2018-02-21T13:35:00.000Z,SRM: Change was Transmitted
NONE,10115.0,2000000188_00001,2018-02-27T22:59:00.000Z,Vendor creates invoice
user_000,10115.0,2000000188_00001,2018-02-28T10:11:00.000Z,Record Goods Receipt
NONE,10115.0,2000000188_00001,2018-02-28T10:11:00.000Z,Record Service Entry Sheet
user_007,10115.0,2000000188_00001,2018-03-26T15:07:00.000Z,Record Invoice Receipt
user_002,10115.0,2000000188_00001,2018-04-26T09:15:00.000Z,Clear Invoice
user_003,10115.0,2000000188_00001,2019-01-17T11:01:00.000Z,SRM: In Transfer to Execution Syst.
user_003,10115.0,2000000188_00001,2019-01-17T11:01:00.000Z,SRM: Transfer Failed (E.Sys.)
batch_00,226.0,2000000189_00001,2018-02-21T15:17:00.000Z,SRM: Created
batch_00,226.0,2000000189_00001,2018-02-21T16:17:00.000Z,SRM: Complete
batch_00,226.0,2000000189_00001,2018-02-21T16:17:00.000Z,SRM: Awaiting Approval
batch_00,226.0,2000000189_00001,2018-02-21T16:17:00.000Z,SRM: Document Completed
batch_00,226.0,2000000189_00001,2018-02-21T16:17:00.000Z,SRM: Ordered
batch_00,226.0,2000000189_00001,2018-02-21T16:17:00.000Z,SRM: Change was Transmitted
batch_00,226.0,2000000189_00001,2018-02-21T16:21:00.000Z,SRM: In Transfer to Execution Syst.
user_000,226.0,2000000189_00001,2018-02-21T16:21:00.000Z,Create Purchase Order Item
NONE,226.0,2000000189_00001,2018-02-23T22:59:00.000Z,Vendor creates invoice
user_000,226.0,2000000189_00001,2018-02-27T09:57:00.000Z,Record Goods Receipt
user_004,226.0,2000000189_00001,2018-03-10T09:22:00.000Z,Record Invoice Receipt
user_002,226.0,2000000189_00001,2018-04-26T09:12:00.000Z,Clear Invoice
batch_00,183.0,2000000190_00001,2018-02-21T15:17:00.000Z,SRM: Created
batch_00,183.0,2000000190_00001,2018-02-21T16:17:00.000Z,SRM: Complete
batch_00,183.0,2000000190_00001,2018-02-21T16:17:00.000Z,SRM: Awaiting Approval
batch_00,183.0,2000000190_00001,2018-02-21T16:17:00.000Z,SRM: Document Completed
batch_00,183.0,2000000190_00001,2018-02-21T16:17:00.000Z,SRM: Ordered
batch_00,183.0,2000000190_00001,2018-02-21T16:17:00.000Z,SRM: Change was Transmitted
batch_00,183.0,2000000190_00001,2018-02-21T16:21:00.000Z,SRM: In Transfer to Execution Syst.
user_000,183.0,2000000190_00001,2018-02-21T16:21:00.000Z,Create Purchase Order Item
NONE,183.0,2000000190_00001,2018-02-26T22:59:00.000Z,Vendor creates invoice
user_000,183.0,2000000190_00001,2018-02-28T10:27:00.000Z,Record Goods Receipt
user_007,183.0,2000000190_00001,2018-04-03T10:24:00.000Z,Record Invoice Receipt
user_002,183.0,2000000190_00001,2018-04-26T09:12:00.000Z,Clear Invoice
batch_00,896.0,2000000191_00001,2018-02-21T16:18:00.000Z,SRM: Created
batch_00,896.0,2000000191_00001,2018-02-21T17:18:00.000Z,SRM: Complete
batch_00,896.0,2000000191_00001,2018-02-21T17:18:00.000Z,SRM: Awaiting Approval
batch_00,896.0,2000000191_00001,2018-02-21T17:18:00.000Z,SRM: Document Completed
batch_00,896.0,2000000191_00001,2018-02-21T17:18:00.000Z,SRM: In Transfer to Execution Syst.
batch_00,896.0,2000000191_00001,2018-02-21T17:18:00.000Z,SRM: Ordered
batch_00,896.0,2000000191_00001,2018-02-21T17:18:00.000Z,SRM: Change was Transmitted
user_000,896.0,2000000191_00001,2018-02-21T17:18:00.000Z,Create Purchase Order Item
NONE,896.0,2000000191_00001,2018-02-26T22:59:00.000Z,Vendor creates invoice
user_000,896.0,2000000191_00001,2018-02-27T10:47:00.000Z,Record Goods Receipt
NONE,896.0,2000000191_00001,2018-02-27T10:47:00.000Z,Record Service Entry Sheet
user_012,896.0,2000000191_00001,2018-03-06T16:09:00.000Z,Record Invoice Receipt
user_002,896.0,2000000191_00001,2018-03-29T13:09:00.000Z,Clear Invoice
user_003,896.0,2000000191_00001,2019-01-17T11:01:00.000Z,SRM: In Transfer to Execution Syst.
user_003,896.0,2000000191_00001,2019-01-17T11:02:00.000Z,SRM: Transfer Failed (E.Sys.)
batch_00,233.0,2000000192_00001,2018-02-22T07:50:00.000Z,SRM: Created
batch_00,233.0,2000000192_00001,2018-02-22T08:50:00.000Z,SRM: Complete
batch_00,233.0,2000000192_00001,2018-02-22T08:50:00.000Z,SRM: Awaiting Approval
batch_00,233.0,2000000192_00001,2018-02-22T08:50:00.000Z,SRM: Document Completed
batch_00,233.0,2000000192_00001,2018-02-22T08:50:00.000Z,SRM: Ordered
batch_00,233.0,2000000192_00001,2018-02-22T08:50:00.000Z,SRM: Change was Transmitted
batch_00,233.0,2000000192_00001,2018-02-22T08:54:00.000Z,SRM: In Transfer to Execution Syst.
user_000,233.0,2000000192_00001,2018-02-22T08:54:00.000Z,Create Purchase Order Item
user_000,233.0,2000000192_00001,2018-02-26T08:54:00.000Z,Record Goods Receipt
NONE,233.0,2000000192_00001,2018-02-26T08:54:00.000Z,Record Service Entry Sheet
batch_01,233.0,2000000192_00001,2018-09-06T00:23:00.000Z,Record Invoice Receipt
batch_00,13847.0,2000000193_00001,2018-02-23T08:30:00.000Z,SRM: Created
batch_00,13847.0,2000000193_00001,2018-02-23T09:30:00.000Z,SRM: Complete
batch_00,13847.0,2000000193_00001,2018-02-23T09:30:00.000Z,SRM: Awaiting Approval
batch_00,13847.0,2000000193_00001,2018-02-23T09:30:00.000Z,SRM: Document Completed
batch_00,13847.0,2000000193_00001,2018-02-23T09:30:00.000Z,SRM: Ordered
batch_00,13847.0,2000000193_00001,2018-02-23T09:30:00.000Z,SRM: In Transfer to Execution Syst.
batch_00,13847.0,2000000193_00001,2018-02-23T09:30:00.000Z,SRM: Change was Transmitted
user_000,13847.0,2000000193_00001,2018-02-23T09:30:00.000Z,Create Purchase Order Item
NONE,13847.0,2000000193_00001,2018-02-23T22:59:00.000Z,Vendor creates invoice
NONE,13847.0,2000000193_00001,2018-02-23T22:59:00.000Z,Vendor creates debit memo
user_000,13847.0,2000000193_00001,2018-02-26T10:47:00.000Z,Record Goods Receipt
NONE,13847.0,2000000193_00001,2018-02-26T10:47:00.000Z,Record Service Entry Sheet
batch_00,13847.0,2000000193_00001,2018-02-26T12:06:00.000Z,Record Invoice Receipt
user_005,13847.0,2000000193_00001,2018-03-15T13:13:00.000Z,Clear Invoice
user_004,13847.0,2000000193_00001,2018-11-05T12:01:00.000Z,Cancel Invoice Receipt
user_004,13847.0,2000000193_00001,2018-11-05T12:02:00.000Z,Record Invoice Receipt
user_004,13847.0,2000000193_00001,2018-11-05T12:03:00.000Z,Clear Invoice
NONE,13847.0,2000000193_00001,2018-11-09T22:59:00.000Z,Vendor creates invoice
NONE,13847.0,2000000193_00001,2018-11-09T22:59:00.000Z,Vendor creates debit memo
user_015,13847.0,2000000193_00001,2018-11-12T08:47:00.000Z,Cancel Invoice Receipt
user_015,13847.0,2000000193_00001,2018-11-12T08:58:00.000Z,Record Invoice Receipt
user_002,13847.0,2000000193_00001,2018-11-29T15:15:00.000Z,Clear Invoice
user_003,13847.0,2000000193_00001,2019-01-17T11:02:00.000Z,SRM: In Transfer to Execution Syst.
batch_00,267.0,2000000194_00001,2018-02-23T11:07:00.000Z,SRM: Created
batch_00,267.0,2000000194_00001,2018-02-23T12:07:00.000Z,SRM: Complete
batch_00,267.0,2000000194_00001,2018-02-23T12:07:00.000Z,SRM: Awaiting Approval
batch_00,267.0,2000000194_00001,2018-02-23T12:07:00.000Z,SRM: Document Completed
batch_00,267.0,2000000194_00001,2018-02-23T12:07:00.000Z,SRM: In Transfer to Execution Syst.
batch_00,267.0,2000000194_00001,2018-02-23T12:07:00.000Z,SRM: Ordered
batch_00,267.0,2000000194_00001,2018-02-23T12:07:00.000Z,SRM: Change was Transmitted
user_000,267.0,2000000194_00001,2018-02-23T12:07:00.000Z,Create Purchase Order Item
NONE,267.0,2000000194_00001,2018-03-01T22:59:00.000Z,Vendor creates invoice
user_000,267.0,2000000194_00001,2018-03-28T10:47:00.000Z,Record Goods Receipt
user_007,267.0,2000000194_00001,2018-04-03T10:07:00.000Z,Record Invoice Receipt
user_002,267.0,2000000194_00001,2018-04-26T09:11:00.000Z,Clear Invoice
batch_00,155.0,2000000195_00001,2018-02-23T11:10:00.000Z,SRM: Created
batch_00,155.0,2000000195_00001,2018-02-23T12:10:00.000Z,SRM: Complete
batch_00,155.0,2000000195_00001,2018-02-23T12:10:00.000Z,SRM: Awaiting Approval
batch_00,155.0,2000000195_00001,2018-02-23T12:10:00.000Z,SRM: Document Completed
batch_00,155.0,2000000195_00001,2018-02-23T12:10:00.000Z,SRM: In Transfer to Execution Syst.
user_000,155.0,2000000195_00001,2018-02-23T12:10:00.000Z,Create Purchase Order Item
batch_00,155.0,2000000195_00001,2018-02-23T12:10:00.000Z,SRM: Ordered
batch_00,155.0,2000000195_00001,2018-02-23T12:10:00.000Z,SRM: Change was Transmitted
NONE,155.0,2000000195_00001,2018-02-23T22:59:00.000Z,Vendor creates invoice
user_000,155.0,2000000195_00001,2018-02-27T15:22:00.000Z,Record Goods Receipt
user_001,155.0,2000000195_00001,2018-04-03T13:49:00.000Z,Record Invoice Receipt
user_002,155.0,2000000195_00001,2018-04-19T12:47:00.000Z,Clear Invoice
batch_00,33.0,2000000196_00001,2018-02-23T12:35:00.000Z,SRM: Created
batch_00,33.0,2000000196_00001,2018-02-23T13:35:00.000Z,SRM: Complete
batch_00,33.0,2000000196_00001,2018-02-23T13:35:00.000Z,SRM: Awaiting Approval
batch_00,33.0,2000000196_00001,2018-02-23T13:35:00.000Z,SRM: Document Completed
batch_00,33.0,2000000196_00001,2018-02-23T13:35:00.000Z,SRM: In Transfer to Execution Syst.
batch_00,33.0,2000000196_00001,2018-02-23T13:35:00.000Z,SRM: Ordered
batch_00,33.0,2000000196_00001,2018-02-23T13:35:00.000Z,SRM: Change was Transmitted
user_000,33.0,2000000196_00001,2018-02-23T13:35:00.000Z,Create Purchase Order Item
NONE,33.0,2000000196_00001,2018-02-23T22:59:00.000Z,Vendor creates invoice
user_000,33.0,2000000196_00001,2018-02-28T12:20:00.000Z,Record Goods Receipt
user_015,33.0,2000000196_00001,2018-03-20T07:09:00.000Z,Record Invoice Receipt
user_002,33.0,2000000196_00001,2018-04-05T13:51:00.000Z,Clear Invoice
batch_00,78.0,2000000197_00001,2018-02-23T16:28:00.000Z,SRM: Created
batch_00,78.0,2000000197_00001,2018-02-23T17:28:00.000Z,SRM: Complete
batch_00,78.0,2000000197_00001,2018-02-23T17:28:00.000Z,SRM: Awaiting Approval
batch_00,78.0,2000000197_00001,2018-02-23T17:28:00.000Z,SRM: Document Completed
batch_00,78.0,2000000197_00001,2018-02-23T17:28:00.000Z,SRM: In Transfer to Execution Syst.
batch_00,78.0,2000000197_00001,2018-02-23T17:28:00.000Z,SRM: Ordered
user_000,78.0,2000000197_00001,2018-02-23T17:28:00.000Z,Create Purchase Order Item
batch_00,78.0,2000000197_00001,2018-02-23T17:28:00.000Z,SRM: Change was Transmitted
NONE,78.0,2000000197_00001,2018-02-26T22:59:00.000Z,Vendor creates invoice
user_000,78.0,2000000197_00001,2018-03-02T10:48:00.000Z,Record Goods Receipt
user_007,78.0,2000000197_00001,2018-03-19T13:41:00.000Z,Record Invoice Receipt
user_002,78.0,2000000197_00001,2018-04-05T13:48:00.000Z,Clear Invoice
batch_00,303.0,2000000197_00002,2018-02-23T16:28:00.000Z,SRM: Created
batch_00,303.0,2000000197_00002,2018-02-23T17:28:00.000Z,SRM: Complete
batch_00,303.0,2000000197_00002,2018-02-23T17:28:00.000Z,SRM: Awaiting Approval
batch_00,303.0,2000000197_00002,2018-02-23T17:28:00.000Z,SRM: Document Completed
batch_00,303.0,2000000197_00002,2018-02-23T17:28:00.000Z,SRM: In Transfer to Execution Syst.
batch_00,303.0,2000000197_00002,2018-02-23T17:28:00.000Z,SRM: Ordered
user_000,303.0,2000000197_00002,2018-02-23T17:28:00.000Z,Create Purchase Order Item
batch_00,303.0,2000000197_00002,2018-02-23T17:28:00.000Z,SRM: Change was Transmitted
NONE,303.0,2000000197_00002,2018-02-26T22:59:00.000Z,Vendor creates invoice
user_000,303.0,2000000197_00002,2018-03-02T10:48:00.000Z,Record Goods Receipt
user_007,303.0,2000000197_00002,2018-03-19T13:41:00.000Z,Record Invoice Receipt
user_002,303.0,2000000197_00002,2018-04-05T13:48:00.000Z,Clear Invoice
